NU_INSCRICAO,NU_ANO,TP_FAIXA_ETARIA,TP_SEXO,TP_ESTADO_CIVIL,TP_COR_RACA,TP_NACIONALIDADE,TP_ST_CONCLUSAO,TP_ANO_CONCLUIU,TP_ENSINO,IN_TREINEIRO,CO_MUNICIPIO_PROVA,NO_MUNICIPIO_PROVA,CO_UF_PROVA,SG_UF_PROVA,Q001,Q002,Q003,Q004,Q005,Q006,Q007,Q008,Q009,Q010,Q011,Q012,Q013,Q014,Q015,Q016,Q017,Q018,Q019,Q020,Q021,Q022,Q023
210062064863,2024,13,M,1,1,1,1,18,,0,3523107,Itaquaquecetuba,35,SP,C,C,C,B,3,B,D,A,B,B,B,B,B,A,B,A,B,B,A,A,A,D,A
210062065994,2024,2,M,1,3,1,3,0,,1,3523107,Itaquaquecetuba,35,SP,E,G,C,D,4,A,E,A,C,C,B,A,B,A,B,B,A,A,A,B,B,C,A
210062067264,2024,4,F,1,3,1,1,2,,0,3523107,Itaquaquecetuba,35,SP,E,E,C,C,4,B,C,A,B,B,A,A,B,A,A,B,A,B,A,B,A,B,A
210062070147,2024,3,M,1,1,2,2,0,1,0,3523107,Itaquaquecetuba,35,SP,B,C,C,B,4,B,B,A,C,D,B,A,B,A,B,B,B,A,A,B,B,D,A
210062070568,2024,3,F,1,1,1,1,1,,0,3523107,Itaquaquecetuba,35,SP,H,H,C,F,6,A,B,A,B,C,A,A,B,B,B,B,A,B,A,B,A,D,A
210062071052,2024,3,M,1,1,1,1,1,,0,3523107,Itaquaquecetuba,35,SP,E,G,D,D,3,B,G,A,B,C,B,B,B,A,B,B,A,B,A,B,C,D,B
210062071837,2024,13,F,1,2,1,1,18,,0,3523107,Itaquaquecetuba,35,SP,B,B,B,B,3,B,B,A,B,C,A,A,B,A,B,A,A,C,A,B,A,B,A
210062071886,2024,3,M,0,3,1,2,0,1,0,3523107,Itaquaquecetuba,35,SP,C,B,F,F,3,A,E,A,C,C,A,A,B,A,B,B,B,C,B,B,B,D,A
210062072358,2024,9,M,1,3,1,1,4,,0,3523107,Itaquaquecetuba,35,SP,B,E,C,A,4,A,B,A,B,C,A,A,B,A,B,A,A,B,A,B,A,D,A
210062073999,2024,3,M,1,1,1,1,1,,0,3523107,Itaquaquecetuba,35,SP,E,E,C,B,4,A,B,A,D,D,B,A,B,A,B,B,B,C,A,B,C,D,A
210062075436,2024,2,M,1,3,1,2,0,1,0,3523107,Itaquaquecetuba,35,SP,E,E,B,B,7,A,B,A,B,C,B,A,B,A,B,A,A,B,A,B,A,E,A
210062075710,2024,4,F,1,2,1,1,1,,0,3523107,Itaquaquecetuba,35,SP,B,B,B,B,6,A,B,A,B,C,A,A,B,A,A,A,A,B,A,B,A,D,A
210062076720,2024,1,M,0,1,1,3,0,,1,3523107,Itaquaquecetuba,35,SP,G,E,F,B,3,A,E,A,C,D,B,A,B,B,B,B,B,C,A,B,B,D,A
210062076800,2024,4,F,1,3,1,1,0,,0,3523107,Itaquaquecetuba,35,SP,A,E,B,C,5,A,B,A,B,B,A,A,B,A,B,A,A,B,A,B,A,C,A
210062077522,2024,7,F,2,2,1,1,5,,0,3523107,Itaquaquecetuba,35,SP,D,A,C,B,3,B,C,A,B,B,A,A,B,A,B,A,A,B,A,B,A,C,A
210062078362,2024,3,M,1,1,1,2,0,1,0,3523107,Itaquaquecetuba,35,SP,E,E,C,B,8,A,D,A,B,C,A,A,B,A,A,B,A,A,A,B,A,B,A
210062078509,2024,13,M,1,3,1,1,18,,0,3523107,Itaquaquecetuba,35,SP,A,D,C,B,4,B,D,A,C,D,B,B,B,A,B,B,A,C,A,B,B,D,A
210062078735,2024,3,M,1,3,1,2,0,1,0,3523107,Itaquaquecetuba,35,SP,H,D,F,B,3,A,D,A,B,D,A,A,B,B,B,B,B,B,A,B,B,D,A
210062078934,2024,3,F,1,3,1,2,0,,0,3523107,Itaquaquecetuba,35,SP,H,E,F,B,2,B,B,A,B,B,B,A,B,A,B,B,A,B,A,B,A,B,A
210062078976,2024,2,F,1,3,1,2,0,1,0,3523107,Itaquaquecetuba,35,SP,G,G,F,F,5,A,B,A,C,C,A,A,B,B,B,B,A,C,A,B,B,E,A
210062080641,2024,3,F,1,3,1,2,0,1,0,3523107,Itaquaquecetuba,35,SP,E,D,C,D,4,A,C,A,C,C,B,A,B,A,B,B,A,B,A,B,A,C,A
210062081232,2024,2,F,1,3,1,2,0,1,0,3523107,Itaquaquecetuba,35,SP,B,B,B,C,4,A,D,A,B,C,A,A,B,A,B,B,A,B,A,B,A,C,A
210062084701,2024,13,F,2,1,1,1,0,,0,3523107,Itaquaquecetuba,35,SP,B,E,C,B,3,B,E,A,B,B,B,A,B,A,B,B,A,B,A,B,B,C,A
210062085742,2024,9,M,1,1,1,1,6,,0,3523107,Itaquaquecetuba,35,SP,A,A,B,B,5,A,B,A,B,C,B,A,B,A,B,B,A,B,A,B,B,A,A
210062088771,2024,8,F,1,3,1,1,6,,0,3523107,Itaquaquecetuba,35,SP,B,B,B,B,2,A,B,A,B,C,A,A,B,A,B,B,A,B,A,B,A,C,A
210062090600,2024,3,M,1,3,1,2,0,1,0,3523107,Itaquaquecetuba,35,SP,E,D,F,F,4,A,B,A,B,A,A,A,A,A,B,B,B,D,A,B,A,A,A
210062090854,2024,1,F,1,1,1,3,0,,1,3523107,Itaquaquecetuba,35,SP,E,D,D,D,4,A,C,A,B,C,B,A,B,A,B,B,A,B,A,B,A,D,A
210062093328,2024,2,F,1,3,1,2,0,1,0,3523107,Itaquaquecetuba,35,SP,E,E,B,F,2,A,B,A,C,C,B,A,B,A,B,B,A,B,A,B,B,C,B
210062093478,2024,2,M,1,2,1,2,0,1,0,3523107,Itaquaquecetuba,35,SP,E,G,B,D,3,A,E,A,B,C,B,B,B,A,B,B,A,C,A,B,B,C,A
210062094911,2024,2,M,1,3,1,2,0,1,0,3523107,Itaquaquecetuba,35,SP,E,E,D,B,5,A,D,A,B,C,B,A,B,A,B,B,A,B,A,B,A,D,A
210062094969,2024,6,F,2,3,1,1,5,,0,3523107,Itaquaquecetuba,35,SP,E,E,B,B,3,A,B,A,B,B,A,A,B,A,A,A,A,A,A,B,A,B,A
210062095465,2024,2,F,1,3,1,2,0,1,0,3523107,Itaquaquecetuba,35,SP,E,D,C,F,3,A,B,B,D,D,D,B,B,A,B,B,B,D,A,B,B,D,A
210062095518,2024,7,F,1,3,1,1,5,,0,3523107,Itaquaquecetuba,35,SP,B,E,C,B,4,A,D,A,B,C,A,A,B,B,B,A,A,B,A,B,C,E,A
210062096018,2024,3,F,1,3,1,2,0,1,0,3523107,Itaquaquecetuba,35,SP,H,G,C,D,3,B,B,A,B,C,B,A,B,A,B,B,A,C,B,B,B,D,A
210062098485,2024,3,F,1,1,1,2,0,1,0,3523107,Itaquaquecetuba,35,SP,E,E,B,D,3,A,E,A,B,C,A,A,B,B,B,B,A,B,B,B,A,C,A
210062098964,2024,2,F,1,1,1,2,0,1,0,3523107,Itaquaquecetuba,35,SP,E,E,D,B,3,A,A,A,B,B,A,A,B,A,B,A,A,B,A,B,A,C,A
210062099668,2024,5,F,1,2,1,1,3,,0,3523107,Itaquaquecetuba,35,SP,E,D,D,B,3,A,F,A,C,C,B,A,B,A,B,B,B,C,B,B,B,D,A
210062100794,2024,11,F,1,3,1,1,8,,0,3523107,Itaquaquecetuba,35,SP,B,E,B,C,6,B,D,A,C,D,C,A,B,A,B,B,A,C,A,B,C,E,A
210062101313,2024,3,F,1,3,2,2,0,1,0,3523107,Itaquaquecetuba,35,SP,E,E,B,B,2,A,C,A,B,C,A,A,B,A,B,B,A,B,A,B,B,C,A
210062102893,2024,11,F,1,1,1,1,10,,0,3523107,Itaquaquecetuba,35,SP,E,E,C,C,5,B,F,A,C,D,B,B,B,A,B,B,B,D,A,B,B,E,A
210062103728,2024,2,F,1,1,1,2,0,1,0,3523107,Itaquaquecetuba,35,SP,C,E,F,F,3,A,B,A,B,C,A,A,B,B,B,B,A,B,A,B,A,B,A
210062104775,2024,3,M,1,2,1,2,0,1,0,3523107,Itaquaquecetuba,35,SP,D,D,F,D,3,A,C,A,B,C,B,A,B,A,A,B,A,B,A,B,B,C,A
210062105819,2024,2,F,1,3,1,2,0,1,0,3523107,Itaquaquecetuba,35,SP,C,D,F,B,4,A,B,A,C,D,A,A,B,A,B,B,A,B,B,B,A,E,A
210062107525,2024,3,F,1,3,1,2,0,1,0,3523107,Itaquaquecetuba,35,SP,E,E,C,C,4,A,F,B,D,C,C,B,B,A,B,B,B,D,A,B,B,E,A
210062108460,2024,3,F,1,2,1,2,0,1,0,3523107,Itaquaquecetuba,35,SP,E,D,C,F,5,B,D,A,B,B,B,B,B,A,B,B,A,B,A,B,A,D,A
210062108908,2024,3,F,1,2,1,2,0,1,0,3523107,Itaquaquecetuba,35,SP,C,E,C,C,5,A,D,A,B,C,B,A,B,A,B,B,A,B,A,B,A,D,A
210062110335,2024,3,M,1,1,1,1,1,,0,3523107,Itaquaquecetuba,35,SP,D,E,C,C,3,A,E,A,C,D,B,A,B,A,B,B,A,B,A,B,B,D,A
210062110803,2024,4,F,1,3,1,1,2,,0,3523107,Itaquaquecetuba,35,SP,D,D,C,D,3,A,E,A,C,C,C,A,B,A,B,B,B,C,A,B,B,D,A
210062111533,2024,2,F,1,2,1,2,0,1,0,3523107,Itaquaquecetuba,35,SP,H,E,F,F,4,A,E,A,C,C,B,A,B,A,A,A,B,C,A,B,B,D,A
210062112173,2024,11,F,1,3,1,1,0,,0,3523107,Itaquaquecetuba,35,SP,D,E,C,C,1,A,A,A,B,B,A,A,B,A,A,B,A,B,A,B,A,B,A
210062112369,2024,3,F,1,3,1,2,0,1,0,3523107,Itaquaquecetuba,35,SP,C,C,C,F,4,A,G,A,C,C,A,A,B,A,B,B,A,C,A,B,B,D,A
210062113583,2024,2,F,1,3,1,2,0,1,0,3523107,Itaquaquecetuba,35,SP,D,F,F,B,4,A,D,A,B,C,B,A,B,B,B,B,A,B,A,B,A,C,A
210062114349,2024,3,M,1,2,1,2,0,1,0,3523107,Itaquaquecetuba,35,SP,A,E,C,B,4,A,B,A,B,B,A,A,B,A,A,A,A,B,A,A,A,B,A
210062114621,2024,3,M,1,2,1,2,0,1,0,3523107,Itaquaquecetuba,35,SP,B,B,C,B,3,B,B,A,C,C,A,A,B,A,B,B,B,B,A,B,A,D,A
210062115343,2024,3,M,1,2,1,2,0,1,0,3523107,Itaquaquecetuba,35,SP,C,E,C,D,4,A,L,A,B,C,B,A,C,A,B,B,A,A,A,B,B,E,A
210062116761,2024,3,F,1,3,1,2,0,1,0,3523107,Itaquaquecetuba,35,SP,H,E,F,C,7,A,D,A,B,A,B,A,B,A,A,A,A,B,A,B,A,C,A
210062117578,2024,11,M,1,1,1,1,11,,0,3523107,Itaquaquecetuba,35,SP,H,F,F,B,2,A,D,A,B,B,A,A,B,A,B,A,A,B,A,B,B,C,E
210062118139,2024,3,M,1,2,1,2,0,1,0,3523107,Itaquaquecetuba,35,SP,E,E,B,B,5,A,J,A,C,C,B,B,B,B,B,B,B,C,B,B,B,E,A
210062118197,2024,2,F,1,1,1,3,0,,1,3523107,Itaquaquecetuba,35,SP,H,C,F,F,3,A,B,A,B,C,A,A,B,A,B,B,A,C,A,B,A,D,A
210062118816,2024,12,F,2,1,1,2,0,,0,3523107,Itaquaquecetuba,35,SP,C,C,C,B,3,A,A,A,B,B,A,A,B,A,B,B,A,B,A,B,A,B,A
210062119821,2024,3,M,1,1,1,2,0,1,0,3523107,Itaquaquecetuba,35,SP,E,E,C,C,2,A,E,A,B,C,B,B,B,A,B,B,A,B,A,B,B,B,A
210062120169,2024,2,F,1,1,1,3,0,,1,3523107,Itaquaquecetuba,35,SP,H,E,D,B,4,A,G,A,B,C,B,A,B,A,B,B,B,D,A,B,B,D,A
210062120377,2024,3,M,1,1,1,2,0,1,0,3523107,Itaquaquecetuba,35,SP,C,H,F,F,7,A,B,A,B,C,A,A,B,A,A,B,A,B,A,B,A,B,A
210062123281,2024,3,F,1,3,1,2,0,1,0,3523107,Itaquaquecetuba,35,SP,E,D,F,B,5,A,E,A,B,C,B,A,B,A,B,B,A,C,B,B,A,D,A
210062124520,2024,6,F,1,1,1,1,4,,0,3523107,Itaquaquecetuba,35,SP,D,C,C,B,4,A,E,A,B,B,B,A,B,A,B,B,A,B,B,B,C,E,A
210062124591,2024,3,F,1,2,1,2,0,1,0,3523107,Itaquaquecetuba,35,SP,D,E,F,C,4,B,C,A,B,C,A,B,B,B,B,B,B,B,A,B,B,E,A
210062127781,2024,4,F,1,2,1,1,2,,0,3523107,Itaquaquecetuba,35,SP,E,E,C,B,3,B,B,A,B,C,B,A,B,A,B,A,A,B,A,B,B,C,E
210062128015,2024,3,F,1,1,1,2,0,1,0,3523107,Itaquaquecetuba,35,SP,E,E,C,C,3,A,C,A,B,D,B,A,B,B,B,B,B,C,A,B,B,D,A
210062129443,2024,3,M,0,3,1,2,0,1,0,3523107,Itaquaquecetuba,35,SP,H,H,F,F,2,A,B,A,B,C,A,A,B,A,A,A,A,A,A,A,A,A,A
210062130594,2024,8,F,1,1,1,1,6,,0,3523107,Itaquaquecetuba,35,SP,E,B,C,B,3,A,D,A,D,D,B,A,B,A,B,B,B,B,A,B,B,D,D
210062131288,2024,5,F,1,3,1,1,2,,0,3523107,Itaquaquecetuba,35,SP,E,C,C,B,4,A,B,A,B,B,A,A,B,B,B,B,A,B,A,B,A,D,A
210062131714,2024,2,F,1,3,1,2,0,1,0,3523107,Itaquaquecetuba,35,SP,E,G,C,D,3,A,D,A,B,C,B,B,B,A,B,B,A,B,A,B,B,D,A
210062131948,2024,2,F,1,3,1,2,0,1,0,3523107,Itaquaquecetuba,35,SP,D,G,C,D,5,A,E,A,C,D,C,A,B,A,B,B,A,B,B,B,B,E,A
210062132356,2024,2,F,1,2,1,2,0,1,0,3523107,Itaquaquecetuba,35,SP,H,H,C,B,5,A,C,A,C,D,C,A,B,A,B,B,B,C,B,B,B,E,A
210062132432,2024,4,M,1,3,1,1,1,,0,3523107,Itaquaquecetuba,35,SP,B,B,C,C,5,A,C,A,C,D,C,A,C,B,B,B,A,C,A,B,B,D,A
210062132642,2024,4,M,1,3,1,2,0,1,0,3523107,Itaquaquecetuba,35,SP,D,D,C,B,4,A,D,A,B,C,B,A,B,A,B,B,A,B,A,B,B,D,A
210062132981,2024,1,M,1,3,1,3,0,,1,3523107,Itaquaquecetuba,35,SP,E,E,C,B,3,A,H,A,B,C,B,A,B,A,B,B,B,B,A,B,B,D,A
210062135556,2024,13,M,2,3,1,1,18,,0,3523107,Itaquaquecetuba,35,SP,E,B,F,B,4,A,C,A,B,C,A,A,B,A,B,A,A,B,A,B,A,C,A
210062137419,2024,15,M,1,1,1,1,0,,0,3523107,Itaquaquecetuba,35,SP,B,A,B,B,1,A,A,A,B,B,A,A,B,A,B,B,A,B,A,B,A,B,A
210062138957,2024,3,M,0,3,1,2,0,1,0,3523107,Itaquaquecetuba,35,SP,E,E,C,D,5,A,C,A,B,B,B,A,B,A,B,A,A,B,A,B,B,D,A
210062139775,2024,3,F,1,2,1,2,0,1,0,3523107,Itaquaquecetuba,35,SP,B,D,F,C,4,A,B,A,B,B,A,A,B,A,A,A,A,B,A,A,A,B,A
210062140072,2024,16,M,1,3,1,1,18,,0,3523107,Itaquaquecetuba,35,SP,E,B,C,F,4,B,C,A,C,D,A,A,B,A,B,A,B,C,B,B,C,D,A
210062140661,2024,3,F,1,1,1,1,1,,0,3523107,Itaquaquecetuba,35,SP,F,E,D,B,2,A,C,A,B,C,A,A,B,B,B,B,A,B,A,B,C,C,A
210062141100,2024,2,F,1,1,1,3,0,,1,3523107,Itaquaquecetuba,35,SP,E,E,D,D,2,A,E,A,B,B,A,A,B,A,B,B,A,B,A,A,B,C,A
210062142076,2024,2,F,1,1,1,3,0,,1,3523107,Itaquaquecetuba,35,SP,A,D,B,B,4,A,F,A,D,D,A,A,B,A,B,A,A,B,B,B,A,D,D
210062146404,2024,2,F,1,3,1,2,0,1,0,3523107,Itaquaquecetuba,35,SP,D,C,C,C,4,A,E,A,B,D,B,A,B,A,B,B,A,C,A,B,B,D,A
210062147621,2024,2,F,1,1,1,2,0,1,0,3523107,Itaquaquecetuba,35,SP,E,E,C,D,5,A,B,A,C,C,B,A,B,A,A,B,A,B,A,B,A,D,A
210062150512,2024,3,F,1,1,1,1,1,,0,3523107,Itaquaquecetuba,35,SP,B,B,B,B,5,A,B,A,B,C,A,A,B,A,A,A,B,A,A,B,A,B,A
210062152872,2024,3,M,1,1,1,2,0,1,0,3523107,Itaquaquecetuba,35,SP,H,H,F,F,1,A,A,A,A,A,A,A,A,A,A,A,A,A,A,A,A,A,A
210062153744,2024,3,F,1,3,1,2,0,1,0,3523107,Itaquaquecetuba,35,SP,H,E,F,B,4,B,C,A,B,C,A,A,B,A,B,B,A,B,A,B,A,D,A
210062155647,2024,6,F,1,1,1,1,3,,0,3523107,Itaquaquecetuba,35,SP,B,B,C,B,5,B,C,A,C,D,B,B,B,A,B,B,B,C,A,B,A,E,A
210062156096,2024,3,M,1,3,1,2,0,1,0,3523107,Itaquaquecetuba,35,SP,B,E,D,D,4,A,G,B,C,D,C,A,B,A,B,B,A,A,A,B,C,D,A
210062156514,2024,3,F,1,1,1,2,0,1,0,3523107,Itaquaquecetuba,35,SP,C,H,C,D,4,B,F,A,D,D,D,A,C,A,B,B,A,D,B,B,B,E,A
210062156594,2024,3,M,1,3,1,2,0,1,0,3523107,Itaquaquecetuba,35,SP,C,B,C,B,6,A,B,A,C,D,B,A,B,B,B,B,A,B,A,B,A,D,A
210062156709,2024,3,F,1,2,1,2,0,1,0,3523107,Itaquaquecetuba,35,SP,C,E,B,D,6,A,C,A,B,C,A,A,B,A,B,A,A,B,A,B,B,C,A
210062157098,2024,3,F,1,2,1,2,0,1,0,3523107,Itaquaquecetuba,35,SP,B,E,B,B,4,A,H,A,C,C,A,A,B,A,A,B,A,C,A,B,B,E,A
210062157421,2024,3,M,0,3,2,2,0,1,0,3523107,Itaquaquecetuba,35,SP,D,E,D,B,3,A,C,A,C,C,B,A,B,A,B,B,A,B,A,B,B,D,A
210062157459,2024,3,F,1,1,1,2,0,1,0,3523107,Itaquaquecetuba,35,SP,E,C,C,B,4,A,C,A,B,C,B,A,B,A,A,B,A,B,A,B,A,E,A
210062157488,2024,4,F,1,3,1,2,0,1,0,3523107,Itaquaquecetuba,35,SP,H,H,F,F,8,A,A,A,B,C,A,A,B,A,B,A,A,B,A,B,A,E,A
210062157610,2024,2,F,1,1,1,3,0,,1,3523107,Itaquaquecetuba,35,SP,F,E,D,D,3,A,B,A,B,B,A,A,B,A,A,A,A,B,A,B,A,D,A
210062157866,2024,6,F,1,2,1,1,4,,0,3523107,Itaquaquecetuba,35,SP,E,E,C,B,5,A,C,A,B,C,B,A,B,A,B,A,A,B,A,B,B,D,A
210062158713,2024,3,M,1,1,1,2,0,1,0,3523107,Itaquaquecetuba,35,SP,D,E,C,B,4,B,K,A,C,D,B,A,C,A,B,B,B,D,A,B,B,E,A
210062159114,2024,17,F,1,1,1,1,18,,0,3523107,Itaquaquecetuba,35,SP,C,D,E,B,2,B,D,A,B,C,A,A,B,A,B,A,A,A,A,B,A,C,A
210062159250,2024,3,F,1,1,1,2,0,1,0,3523107,Itaquaquecetuba,35,SP,H,H,C,C,5,A,C,A,B,B,A,A,B,A,A,A,A,B,A,A,A,B,A
210062159721,2024,2,F,1,3,1,3,0,,1,3523107,Itaquaquecetuba,35,SP,F,F,A,B,4,B,B,A,B,C,A,A,B,A,B,A,A,B,A,B,B,D,A
210062160127,2024,2,F,1,3,1,2,0,1,0,3523107,Itaquaquecetuba,35,SP,F,E,C,C,4,A,E,A,B,C,B,A,B,A,B,B,A,B,A,B,B,D,A
210062163520,2024,2,F,1,3,2,3,0,,1,3523107,Itaquaquecetuba,35,SP,E,E,C,F,3,A,B,A,B,C,B,A,B,A,B,B,A,B,A,B,A,C,A
210062164236,2024,2,M,1,3,1,2,0,1,0,3523107,Itaquaquecetuba,35,SP,H,H,F,F,5,A,E,A,B,D,A,A,B,A,B,B,A,D,B,B,B,E,A
210062166784,2024,2,F,1,1,1,3,0,,1,3523107,Itaquaquecetuba,35,SP,C,D,F,F,3,A,A,A,B,C,A,A,B,A,B,A,A,B,A,B,A,C,A
210062168436,2024,2,M,1,1,1,2,0,1,0,3523107,Itaquaquecetuba,35,SP,D,E,B,B,3,A,B,A,B,C,A,A,B,A,B,B,A,B,A,B,A,B,A
210062169214,2024,2,F,1,1,1,2,0,1,0,3523107,Itaquaquecetuba,35,SP,E,C,E,C,5,B,H,B,D,D,C,B,C,B,B,B,B,D,A,B,A,D,D
210062174401,2024,8,F,1,2,1,1,6,,0,3523107,Itaquaquecetuba,35,SP,C,C,F,B,1,A,B,A,B,B,A,A,B,B,B,B,A,B,A,A,A,B,A
210062174866,2024,3,M,1,2,1,2,0,1,0,3523107,Itaquaquecetuba,35,SP,D,E,C,F,4,A,C,A,B,B,B,A,B,A,B,B,B,B,A,B,A,E,A
210062175504,2024,2,F,1,3,1,2,0,1,0,3523107,Itaquaquecetuba,35,SP,D,G,C,D,3,A,F,A,B,C,B,A,C,A,B,B,A,B,A,B,A,C,A
210062175505,2024,3,M,1,2,1,1,1,,0,3523107,Itaquaquecetuba,35,SP,E,E,C,B,4,B,C,A,B,D,A,A,B,A,B,B,A,B,A,B,A,C,A
210062176314,2024,11,F,0,1,1,1,9,,0,3523107,Itaquaquecetuba,35,SP,D,E,D,B,2,B,D,A,B,B,A,A,B,A,B,B,A,B,A,B,B,C,A
210062177206,2024,3,M,1,3,1,2,0,1,0,3523107,Itaquaquecetuba,35,SP,D,D,C,F,3,A,D,A,B,C,B,A,B,A,B,B,A,C,A,B,B,C,A
210062178622,2024,3,F,1,3,1,1,1,,0,3523107,Itaquaquecetuba,35,SP,F,E,D,C,6,A,C,B,B,B,A,A,B,A,A,B,A,B,A,B,A,D,A
210062179100,2024,3,F,1,1,1,2,0,1,0,3523107,Itaquaquecetuba,35,SP,E,F,A,B,5,A,C,A,B,C,A,B,B,A,B,A,A,B,A,B,B,D,A
210062182259,2024,3,F,1,2,1,2,0,1,0,3523107,Itaquaquecetuba,35,SP,E,E,B,B,7,A,C,A,B,B,A,A,B,A,A,A,A,B,A,A,A,C,A
210062183745,2024,3,F,1,3,1,2,0,1,0,3523107,Itaquaquecetuba,35,SP,E,E,B,F,5,A,E,A,B,C,A,A,B,B,B,B,A,B,A,B,A,D,A
210062185403,2024,3,F,1,1,1,2,0,1,0,3523107,Itaquaquecetuba,35,SP,B,C,F,B,5,A,C,A,B,C,A,A,B,A,B,A,A,A,A,B,A,D,A
210062186077,2024,3,F,1,3,1,2,0,1,0,3523107,Itaquaquecetuba,35,SP,H,E,F,B,7,A,E,A,B,D,A,A,B,A,B,B,A,C,A,B,A,E,A
210062186485,2024,2,M,1,3,1,2,0,1,0,3523107,Itaquaquecetuba,35,SP,E,E,C,B,6,A,C,A,B,D,A,A,B,A,B,B,A,C,A,B,A,E,A
210062186899,2024,2,F,1,3,1,3,0,,1,3523107,Itaquaquecetuba,35,SP,D,D,F,B,4,A,D,A,B,C,B,A,B,A,B,B,A,B,A,B,A,E,A
210062187695,2024,3,M,1,1,1,2,0,1,0,3523107,Itaquaquecetuba,35,SP,E,E,B,D,10,B,C,A,B,C,A,A,C,A,B,A,A,C,A,B,B,E,A
210062187920,2024,3,F,1,3,1,2,0,1,0,3523107,Itaquaquecetuba,35,SP,E,F,F,B,4,A,B,A,B,B,A,A,B,A,A,A,A,B,A,B,A,E,A
210062188003,2024,3,F,1,3,1,2,0,1,0,3523107,Itaquaquecetuba,35,SP,E,D,B,C,5,A,F,A,B,B,B,A,B,A,B,A,A,B,A,B,A,C,A
210062188836,2024,2,F,1,2,1,2,0,1,0,3523107,Itaquaquecetuba,35,SP,F,E,D,B,3,A,C,A,B,C,A,A,B,A,B,B,B,B,A,B,B,C,A
210062189331,2024,3,M,1,2,1,2,0,1,0,3523107,Itaquaquecetuba,35,SP,H,H,F,F,6,B,F,A,B,C,B,A,B,A,B,B,A,C,B,B,B,E,A
210062190173,2024,3,M,1,3,1,2,0,1,0,3523107,Itaquaquecetuba,35,SP,B,B,B,B,3,A,B,A,C,C,A,A,B,A,B,B,A,B,A,B,A,D,A
210062192477,2024,2,F,1,3,1,2,0,1,0,3523107,Itaquaquecetuba,35,SP,E,E,B,B,5,A,C,A,B,C,B,A,B,A,B,B,B,B,A,B,B,E,A
210062192581,2024,2,F,1,3,1,3,0,,1,3523107,Itaquaquecetuba,35,SP,D,D,C,B,8,A,B,A,B,C,A,A,B,A,A,A,A,B,A,B,A,C,A
210062192768,2024,2,F,1,1,1,2,0,1,0,3523107,Itaquaquecetuba,35,SP,B,B,F,F,3,A,C,A,B,C,A,A,B,A,B,B,A,B,A,B,B,D,D
210062192971,2024,11,F,1,3,1,1,7,,0,3523107,Itaquaquecetuba,35,SP,D,E,C,C,6,B,E,A,B,C,B,A,B,A,B,B,A,B,B,B,B,E,A
210062195728,2024,14,M,2,2,1,1,0,,0,3523107,Itaquaquecetuba,35,SP,E,E,C,C,4,B,D,A,B,C,B,A,B,A,B,A,A,B,A,B,B,E,A
210062195775,2024,2,M,1,1,1,2,0,1,0,3523107,Itaquaquecetuba,35,SP,D,E,C,C,4,A,C,A,B,C,B,A,B,B,B,B,A,C,A,B,B,D,A
210062196216,2024,3,F,1,5,1,1,1,,0,3523107,Itaquaquecetuba,35,SP,E,E,C,C,6,A,B,A,B,C,A,A,B,A,B,A,A,B,A,B,A,D,A
210062198481,2024,3,F,1,1,1,2,0,1,0,3523107,Itaquaquecetuba,35,SP,E,F,B,D,3,A,E,A,B,D,B,A,B,A,B,B,B,B,B,B,B,D,D
210062198646,2024,11,M,1,1,1,1,10,,0,3523107,Itaquaquecetuba,35,SP,B,B,F,B,4,B,D,A,B,B,B,A,B,A,A,B,A,B,A,B,B,C,A
210062199197,2024,6,F,1,3,1,1,3,,0,3523107,Itaquaquecetuba,35,SP,E,C,C,F,5,B,C,A,B,C,A,B,B,A,A,A,A,B,A,B,B,C,A
210062199717,2024,3,M,1,3,1,2,0,1,0,3523107,Itaquaquecetuba,35,SP,H,D,C,C,4,A,B,A,B,C,B,A,B,B,B,B,B,C,A,B,B,B,A
210062200269,2024,17,F,3,3,1,1,18,,0,3523107,Itaquaquecetuba,35,SP,B,B,A,A,1,A,A,A,B,B,A,A,B,A,A,B,A,B,A,B,B,B,A
210062201723,2024,5,M,1,1,1,1,3,,0,3523107,Itaquaquecetuba,35,SP,C,E,B,A,1,B,B,A,B,C,A,A,B,A,B,B,A,B,A,B,B,B,A
210062203845,2024,2,F,1,3,1,2,0,1,0,3523107,Itaquaquecetuba,35,SP,D,E,C,B,3,A,E,A,B,C,B,A,B,A,B,B,A,B,A,B,A,D,A
210062205934,2024,2,M,1,3,1,2,0,1,0,3523107,Itaquaquecetuba,35,SP,D,G,C,D,3,A,H,A,B,B,B,A,B,A,B,B,A,C,A,B,B,C,A
210062206331,2024,12,F,3,3,1,1,5,,0,3523107,Itaquaquecetuba,35,SP,D,A,B,B,6,B,C,A,B,C,A,A,B,A,B,B,A,C,A,B,A,B,A
210062206845,2024,2,F,1,3,1,2,0,1,0,3523107,Itaquaquecetuba,35,SP,C,E,F,C,4,B,B,A,B,C,A,A,B,A,B,B,A,B,A,B,B,D,A
210062209612,2024,1,F,1,3,1,3,0,,1,3523107,Itaquaquecetuba,35,SP,E,G,D,D,4,A,B,A,B,B,A,A,B,A,A,A,A,A,A,A,A,A,A
210062209685,2024,3,F,1,1,1,2,0,1,0,3523107,Itaquaquecetuba,35,SP,D,E,F,C,4,B,D,A,C,C,B,A,B,A,B,B,B,B,A,B,B,C,A
210062209698,2024,2,F,1,2,1,2,0,1,0,3523107,Itaquaquecetuba,35,SP,B,C,C,B,5,A,B,A,B,B,A,A,B,A,A,B,A,B,A,B,A,B,A
210062211232,2024,3,F,1,3,1,2,0,1,0,3523107,Itaquaquecetuba,35,SP,B,C,F,B,7,A,A,A,B,B,A,A,B,B,B,A,A,A,A,B,A,B,A
210062212306,2024,3,M,1,1,1,1,1,,0,3523107,Itaquaquecetuba,35,SP,E,C,C,C,3,A,D,A,B,B,A,A,B,A,B,B,A,B,A,B,B,D,A
210062213264,2024,3,F,1,1,1,2,0,1,0,3523107,Itaquaquecetuba,35,SP,H,D,C,C,2,A,D,A,B,B,A,A,B,A,B,B,A,B,A,B,B,C,A
210062214463,2024,2,F,1,1,1,2,0,1,0,3523107,Itaquaquecetuba,35,SP,B,B,B,B,4,A,A,A,B,B,B,A,B,A,B,B,A,B,A,B,A,C,A
210062215530,2024,11,F,1,4,1,1,9,,0,3523107,Itaquaquecetuba,35,SP,B,B,F,B,4,B,E,A,B,B,A,A,B,A,A,B,A,B,A,B,A,D,A
210062216187,2024,2,F,1,1,1,3,0,,1,3523107,Itaquaquecetuba,35,SP,F,E,F,E,3,B,D,A,C,C,B,B,B,A,B,B,B,B,A,B,B,D,A
210062217023,2024,3,F,1,1,1,2,0,1,0,3523107,Itaquaquecetuba,35,SP,C,E,D,B,4,B,C,A,B,D,A,A,B,A,A,A,A,B,A,B,B,D,A
210062219259,2024,3,F,0,1,1,2,0,1,0,3523107,Itaquaquecetuba,35,SP,B,H,B,C,2,B,C,A,B,B,A,A,B,A,B,A,A,B,A,B,A,C,A
210062220848,2024,5,F,1,3,1,1,2,,0,3523107,Itaquaquecetuba,35,SP,C,E,B,B,3,A,B,A,B,B,A,A,B,A,A,A,A,B,A,B,A,B,A
210062223859,2024,2,F,1,3,1,3,0,,1,3523107,Itaquaquecetuba,35,SP,E,E,C,B,4,A,B,A,B,C,B,A,B,A,B,B,B,B,B,B,A,E,A
210062225947,2024,11,M,1,3,1,1,9,,0,3523107,Itaquaquecetuba,35,SP,E,E,C,B,5,B,C,A,B,D,B,A,B,A,A,B,B,C,A,B,B,E,A
210062226841,2024,2,M,1,3,1,2,0,1,0,3523107,Itaquaquecetuba,35,SP,E,F,F,D,3,A,I,A,B,C,A,A,B,A,B,B,B,B,B,B,C,D,A
210062227701,2024,2,F,1,3,1,2,0,1,0,3523107,Itaquaquecetuba,35,SP,H,E,F,C,3,A,A,A,B,B,A,A,B,A,A,A,A,B,A,B,A,B,A
210062227785,2024,5,F,1,2,1,1,2,,0,3523107,Itaquaquecetuba,35,SP,H,D,C,B,6,A,G,A,B,C,B,A,B,A,B,B,A,C,A,B,A,E,E
210062230014,2024,4,F,1,1,1,2,0,1,0,3523107,Itaquaquecetuba,35,SP,H,E,B,B,4,A,C,A,B,C,A,A,B,A,B,A,A,B,A,B,A,D,A
210062230093,2024,2,M,1,3,1,2,0,1,0,3523107,Itaquaquecetuba,35,SP,H,H,F,F,4,A,A,A,B,B,A,A,B,A,B,B,A,B,A,B,A,B,A
210062230113,2024,3,M,1,1,1,2,0,1,0,3523107,Itaquaquecetuba,35,SP,H,H,F,B,5,B,G,A,B,D,B,A,B,B,B,A,A,A,A,B,A,E,A
210062230755,2024,5,M,1,1,1,1,2,,0,3523107,Itaquaquecetuba,35,SP,C,C,D,B,3,B,G,A,D,D,B,A,B,A,B,B,A,C,A,B,C,D,A
210062231079,2024,11,M,2,3,1,1,12,,0,3523107,Itaquaquecetuba,35,SP,B,E,A,B,3,B,F,A,B,C,B,A,B,A,B,B,A,B,A,B,A,C,A
210062234520,2024,4,M,1,3,1,1,2,,0,3523107,Itaquaquecetuba,35,SP,E,E,D,B,5,A,C,A,B,B,A,A,B,A,B,B,A,B,A,B,A,E,A
210062235969,2024,7,M,1,3,1,1,5,,0,3523107,Itaquaquecetuba,35,SP,C,E,B,D,4,A,H,A,C,C,A,A,B,A,A,B,A,B,A,B,B,E,A
210062237045,2024,2,F,1,3,1,2,0,1,0,3523107,Itaquaquecetuba,35,SP,E,E,C,B,7,A,C,A,C,D,C,A,B,A,B,A,A,B,A,B,B,E,A
210062237067,2024,10,F,1,1,1,1,8,,0,3523107,Itaquaquecetuba,35,SP,E,E,C,B,3,B,C,A,B,C,A,A,B,A,A,A,A,B,A,B,B,B,A
210062241486,2024,3,M,1,1,1,2,0,1,0,3523107,Itaquaquecetuba,35,SP,D,D,F,F,3,A,C,A,B,C,A,A,B,A,A,B,A,B,A,B,A,C,A
210062245055,2024,2,F,1,3,1,2,0,1,0,3523107,Itaquaquecetuba,35,SP,C,E,B,F,5,B,B,A,B,C,B,B,B,A,B,B,B,B,A,B,C,E,A
210062245084,2024,4,M,1,1,1,1,1,,0,3523107,Itaquaquecetuba,35,SP,D,C,D,B,4,A,D,A,C,D,B,A,C,B,B,B,B,B,A,B,C,E,A
210062245985,2024,2,F,1,2,1,2,0,1,0,3523107,Itaquaquecetuba,35,SP,B,E,B,F,3,A,B,A,B,C,A,A,B,A,B,B,A,B,A,B,A,C,A
210062248811,2024,2,M,1,1,1,3,0,,1,3523107,Itaquaquecetuba,35,SP,F,F,D,D,3,A,G,A,D,C,B,A,B,A,B,B,B,D,B,B,B,D,D
210062248981,2024,4,F,1,3,1,1,2,,0,3523107,Itaquaquecetuba,35,SP,B,E,B,C,4,A,F,A,B,C,A,A,B,A,B,B,B,C,A,B,B,D,A
210062249444,2024,3,F,1,2,1,2,0,1,0,3523107,Itaquaquecetuba,35,SP,H,E,F,B,3,B,B,A,B,C,A,A,B,A,B,A,A,A,A,B,B,C,A
210062251351,2024,4,M,1,3,1,1,2,,0,3523107,Itaquaquecetuba,35,SP,D,E,E,F,4,B,B,A,C,D,B,A,B,A,B,B,A,B,A,B,B,E,A
210062251545,2024,10,M,1,3,1,1,8,,0,3523107,Itaquaquecetuba,35,SP,E,B,D,B,2,A,D,A,B,C,A,A,B,A,B,B,B,C,A,B,B,B,A
210062251624,2024,2,F,1,1,1,3,0,,1,3523107,Itaquaquecetuba,35,SP,F,F,E,E,5,A,J,B,D,D,B,A,B,B,B,B,B,B,A,B,B,D,D
210062252129,2024,3,M,1,3,1,2,0,1,0,3523107,Itaquaquecetuba,35,SP,C,H,C,B,4,A,F,A,B,B,A,A,B,A,B,A,A,A,A,B,A,C,A
210062252521,2024,8,F,1,1,1,1,6,,0,3523107,Itaquaquecetuba,35,SP,E,E,C,B,4,B,D,A,B,C,B,A,B,B,B,B,B,C,A,B,B,E,A
210062252678,2024,1,F,1,1,1,3,0,,1,3523107,Itaquaquecetuba,35,SP,E,G,D,D,5,A,I,A,C,D,C,A,C,B,B,B,B,C,B,B,C,E,A
210062254023,2024,3,M,1,3,1,2,0,1,0,3523107,Itaquaquecetuba,35,SP,E,E,B,B,5,A,C,A,B,C,B,A,B,A,B,B,B,B,A,B,B,D,A
210062254127,2024,2,M,1,3,1,2,0,1,0,3523107,Itaquaquecetuba,35,SP,D,E,F,F,4,A,C,A,B,B,B,A,B,A,B,B,A,B,A,B,A,E,A
210062254684,2024,2,M,1,1,1,2,0,1,0,3523107,Itaquaquecetuba,35,SP,F,E,C,D,5,A,J,A,C,C,C,B,C,A,B,B,B,C,A,B,C,E,A
210062255865,2024,3,M,1,1,1,2,0,1,0,3523107,Itaquaquecetuba,35,SP,E,E,B,B,3,A,F,A,C,D,C,A,B,A,B,B,B,C,A,B,C,D,D
210062259463,2024,8,M,1,1,1,1,0,,0,3523107,Itaquaquecetuba,35,SP,G,G,F,E,1,A,B,A,B,B,A,A,B,A,A,A,B,B,A,A,B,B,A
210062261392,2024,4,M,1,1,1,1,2,,0,3523107,Itaquaquecetuba,35,SP,E,E,C,B,4,A,E,A,B,C,B,A,B,A,B,B,B,C,A,B,B,E,A
210062261936,2024,3,F,1,3,1,2,0,1,0,3523107,Itaquaquecetuba,35,SP,E,C,B,B,5,A,C,A,B,C,A,A,B,A,B,B,A,B,A,B,B,B,A
210062262165,2024,13,F,2,3,1,1,18,,0,3523107,Itaquaquecetuba,35,SP,B,F,B,B,3,A,C,A,C,C,B,A,B,A,B,A,A,A,A,B,B,C,B
210062263104,2024,7,M,1,3,1,1,5,,0,3523107,Itaquaquecetuba,35,SP,C,F,C,D,3,B,F,A,B,C,B,A,B,A,B,B,A,B,A,B,B,D,A
210062263294,2024,2,F,1,1,1,2,0,1,0,3523107,Itaquaquecetuba,35,SP,H,E,F,B,7,B,A,A,B,C,A,A,B,A,B,B,A,B,A,B,A,E,A
210062263458,2024,4,F,1,1,1,1,2,,0,3523107,Itaquaquecetuba,35,SP,D,C,C,D,2,B,D,B,D,D,B,A,B,B,B,B,A,C,B,B,D,E,A
210062263584,2024,9,M,1,2,1,1,7,,0,3523107,Itaquaquecetuba,35,SP,F,E,C,B,4,B,G,A,C,C,C,A,B,A,B,B,A,C,A,B,B,E,A
210062265765,2024,13,F,1,2,1,1,0,,0,3523107,Itaquaquecetuba,35,SP,A,C,A,A,2,B,B,A,B,B,A,B,B,A,B,A,B,B,A,B,A,B,A
210062265931,2024,2,F,1,1,1,2,0,1,0,3523107,Itaquaquecetuba,35,SP,D,G,D,D,3,A,G,A,B,C,B,A,B,A,B,A,A,B,A,B,B,C,D
210062268896,2024,2,F,1,3,1,2,0,1,0,3523107,Itaquaquecetuba,35,SP,H,B,F,B,5,A,B,A,B,B,B,A,B,A,B,A,A,B,A,A,B,D,A
210062269337,2024,2,M,1,2,1,3,0,,1,3523107,Itaquaquecetuba,35,SP,F,E,D,B,2,A,A,A,B,C,A,A,B,A,B,B,A,C,A,B,B,B,A
210062272118,2024,9,F,1,3,1,1,6,,0,3523107,Itaquaquecetuba,35,SP,F,B,B,B,3,B,C,A,C,C,B,A,B,A,B,B,A,B,A,B,B,B,A
210062274237,2024,8,F,0,1,1,1,6,,0,3523107,Itaquaquecetuba,35,SP,B,E,C,B,5,A,B,A,B,C,A,A,B,A,A,A,A,A,A,B,A,C,A
210062275151,2024,4,F,1,3,1,1,1,,0,3523107,Itaquaquecetuba,35,SP,C,E,C,B,2,A,B,A,B,B,A,A,B,A,B,A,A,B,A,B,A,B,A
210062276608,2024,4,M,1,3,1,1,1,,0,3523107,Itaquaquecetuba,35,SP,E,D,C,B,6,A,B,A,C,C,A,A,B,A,B,B,A,B,B,B,A,E,A
210062277134,2024,3,F,1,1,1,2,0,1,0,3523107,Itaquaquecetuba,35,SP,G,E,D,D,5,A,M,A,D,D,C,A,B,A,B,B,B,C,B,B,C,E,E
210062277494,2024,5,F,1,1,1,1,3,,0,3523107,Itaquaquecetuba,35,SP,E,E,D,B,2,B,E,A,B,B,A,A,B,A,B,B,A,B,B,A,B,B,A
210062278375,2024,2,M,1,1,1,2,0,1,0,3523107,Itaquaquecetuba,35,SP,E,E,A,C,3,B,B,A,B,C,B,A,B,A,B,B,A,B,A,B,A,C,A
210062279159,2024,3,F,1,3,1,2,0,1,0,3523107,Itaquaquecetuba,35,SP,C,C,F,F,6,A,C,A,C,D,A,A,B,A,B,B,A,C,A,B,A,E,A
210062283515,2024,12,F,2,1,1,1,13,,0,3523107,Itaquaquecetuba,35,SP,H,B,F,F,4,A,B,A,B,B,B,A,B,A,B,A,A,B,A,B,A,C,A
210062283892,2024,2,F,1,3,1,2,0,1,0,3523107,Itaquaquecetuba,35,SP,B,E,A,C,3,A,B,A,B,B,A,A,B,A,A,A,A,A,A,B,A,C,A
210062284977,2024,6,F,1,3,1,1,4,,0,3523107,Itaquaquecetuba,35,SP,H,F,F,B,3,B,C,A,B,C,A,A,B,A,B,B,B,B,A,B,B,D,A
210062285334,2024,2,F,1,1,1,2,0,1,0,3523107,Itaquaquecetuba,35,SP,F,F,D,D,3,B,G,A,B,C,B,A,B,A,B,B,A,B,A,B,B,C,A
210062288817,2024,3,M,1,1,1,2,0,1,0,3523107,Itaquaquecetuba,35,SP,E,E,B,B,3,A,F,A,C,C,C,A,B,A,B,B,B,D,A,B,A,D,A
210062292301,2024,4,M,1,3,1,1,2,,0,3523107,Itaquaquecetuba,35,SP,E,D,B,B,4,B,B,A,B,C,B,A,B,A,B,B,A,B,A,B,A,C,A
210062292642,2024,2,M,1,3,1,2,0,1,0,3523107,Itaquaquecetuba,35,SP,H,E,B,B,3,A,B,A,B,C,A,A,B,A,A,A,A,B,A,B,A,D,A
210062293225,2024,2,M,1,1,1,2,0,1,0,3523107,Itaquaquecetuba,35,SP,F,F,F,F,4,A,C,A,C,C,B,A,B,A,B,A,B,A,A,B,B,E,A
210062293349,2024,2,F,1,1,2,2,0,1,0,3523107,Itaquaquecetuba,35,SP,D,E,D,C,3,A,B,A,B,C,B,A,B,B,B,B,B,D,A,B,B,D,A
210062295268,2024,5,F,1,2,1,1,2,,0,3523107,Itaquaquecetuba,35,SP,E,E,B,B,3,A,C,A,B,B,A,A,B,A,B,B,A,B,A,B,A,C,A
210062295679,2024,10,M,1,3,1,1,8,,0,3523107,Itaquaquecetuba,35,SP,H,B,C,D,4,B,E,A,B,C,C,C,B,A,A,B,B,D,A,B,A,E,A
210062297634,2024,16,M,1,3,1,1,18,,0,3523107,Itaquaquecetuba,35,SP,B,B,C,B,3,B,F,B,B,D,B,A,C,A,B,B,A,C,A,B,B,B,A
210062297855,2024,3,F,1,1,1,2,0,1,0,3523107,Itaquaquecetuba,35,SP,D,E,F,F,4,B,C,A,B,C,A,A,B,A,B,A,A,C,A,B,B,D,A
210062298344,2024,3,F,1,2,1,2,0,1,0,3523107,Itaquaquecetuba,35,SP,C,E,B,B,3,A,B,A,B,B,A,A,B,A,B,B,B,B,A,B,B,D,A
210062300701,2024,5,M,1,2,1,1,2,,0,3523107,Itaquaquecetuba,35,SP,B,E,C,F,7,B,B,A,C,D,A,A,B,A,B,A,A,C,A,B,A,E,A
210062301286,2024,3,M,1,3,1,2,0,1,0,3523107,Itaquaquecetuba,35,SP,B,E,F,F,3,A,A,A,B,C,A,A,C,A,B,B,A,C,B,B,B,C,A
210062301577,2024,14,F,1,1,1,1,18,,0,3523107,Itaquaquecetuba,35,SP,B,D,C,B,3,A,C,A,B,C,A,A,B,A,A,A,A,B,A,B,A,B,A
210062301859,2024,2,M,1,2,1,2,0,1,0,3523107,Itaquaquecetuba,35,SP,E,E,B,A,4,A,C,A,B,D,B,A,B,A,B,B,A,B,A,B,B,E,A
210062304377,2024,8,M,1,3,1,1,5,,0,3523107,Itaquaquecetuba,35,SP,E,E,D,B,4,B,G,A,B,C,B,A,B,A,B,B,A,B,A,B,B,E,A
210062304939,2024,3,M,1,1,1,2,0,1,0,3523107,Itaquaquecetuba,35,SP,B,C,C,F,4,A,C,A,B,C,C,B,B,B,B,B,B,C,B,B,C,C,A
210062310400,2024,3,F,1,1,1,2,0,1,0,3523107,Itaquaquecetuba,35,SP,F,E,E,F,6,A,C,A,B,D,B,A,B,B,B,B,B,D,B,B,C,D,A
210062310493,2024,3,M,1,3,1,2,0,1,0,3523107,Itaquaquecetuba,35,SP,E,E,D,B,4,A,C,A,B,C,B,A,B,A,B,B,A,B,A,B,A,D,A
210062310931,2024,3,M,1,3,1,2,0,1,0,3523107,Itaquaquecetuba,35,SP,E,C,D,B,3,A,E,A,B,C,B,A,B,A,B,B,B,C,A,B,A,C,A
210062313834,2024,3,M,1,2,1,2,0,1,0,3523107,Itaquaquecetuba,35,SP,E,E,B,B,6,A,C,A,B,C,A,A,B,A,A,A,A,A,A,B,A,C,A
210062314240,2024,11,F,2,1,1,1,10,,0,3523107,Itaquaquecetuba,35,SP,B,C,B,B,2,A,C,A,B,C,B,A,B,B,B,B,A,B,A,B,A,C,A
210062315027,2024,14,M,2,2,1,1,18,,0,3523107,Itaquaquecetuba,35,SP,H,A,F,A,2,B,C,A,B,B,B,A,B,A,B,B,A,B,A,B,B,B,A
210062315646,2024,2,M,1,1,1,2,0,1,0,3523107,Itaquaquecetuba,35,SP,E,E,D,D,4,A,H,A,B,C,B,A,B,A,B,B,A,B,A,B,A,E,E
210062315970,2024,2,F,1,3,1,2,0,1,0,3523107,Itaquaquecetuba,35,SP,E,E,F,F,5,A,C,A,B,C,A,A,B,A,B,B,A,B,A,B,A,D,A
210062316452,2024,17,M,2,3,1,1,18,,0,3523107,Itaquaquecetuba,35,SP,B,B,C,B,3,B,B,A,B,C,B,A,B,A,B,B,A,B,A,B,C,D,A
210062318753,2024,6,F,1,1,1,1,3,,0,3523107,Itaquaquecetuba,35,SP,E,E,B,C,2,A,A,A,B,B,A,A,B,A,B,A,A,B,A,B,A,A,A
210062319410,2024,9,F,1,3,1,1,6,,0,3523107,Itaquaquecetuba,35,SP,E,A,B,B,1,B,B,A,B,C,A,A,B,A,B,A,A,B,A,B,A,B,A
210062319752,2024,5,F,1,2,1,1,3,,0,3523107,Itaquaquecetuba,35,SP,B,C,B,B,2,B,C,A,B,C,B,A,B,A,B,B,A,B,A,B,A,C,A
210062321785,2024,3,F,1,2,1,2,0,1,0,3523107,Itaquaquecetuba,35,SP,E,D,B,B,5,A,C,A,B,B,A,A,B,A,B,A,A,C,A,B,B,E,A
210062322068,2024,5,M,1,1,1,1,3,,0,3523107,Itaquaquecetuba,35,SP,B,E,C,B,6,B,C,A,B,C,B,A,B,A,A,A,A,B,B,B,A,E,A
210062323124,2024,8,M,1,2,1,1,5,,0,3523107,Itaquaquecetuba,35,SP,B,D,C,B,10,B,C,A,B,C,A,A,B,A,A,A,A,B,A,B,A,E,A
210062324175,2024,12,M,3,3,1,1,15,,0,3523107,Itaquaquecetuba,35,SP,E,H,C,F,1,B,C,A,B,B,A,A,B,A,B,A,A,B,B,B,A,B,A
210062325292,2024,7,F,1,2,1,1,5,,0,3523107,Itaquaquecetuba,35,SP,B,E,B,B,4,A,C,A,B,C,A,A,B,A,B,A,A,C,B,B,B,B,A
210062325961,2024,9,M,1,2,1,1,6,,0,3523107,Itaquaquecetuba,35,SP,B,C,F,F,4,B,C,A,C,C,A,B,B,A,A,A,A,A,A,B,B,E,A
210062326573,2024,4,M,1,1,1,1,2,,0,3523107,Itaquaquecetuba,35,SP,H,E,F,F,3,B,A,A,B,C,B,A,B,A,B,B,B,C,A,B,B,D,A
210062326622,2024,3,F,1,1,1,2,0,1,0,3523107,Itaquaquecetuba,35,SP,C,D,B,A,4,A,B,A,B,B,A,A,B,A,A,B,A,B,A,B,A,C,A
210062330455,2024,4,M,1,3,1,1,2,,0,3523107,Itaquaquecetuba,35,SP,F,F,D,D,4,B,G,A,C,D,A,A,B,A,B,B,B,A,A,B,C,E,A
210062330481,2024,3,M,1,3,1,2,0,1,0,3523107,Itaquaquecetuba,35,SP,H,E,F,F,5,A,B,A,B,C,A,A,B,A,B,B,A,B,A,B,B,D,A
210062330672,2024,5,F,1,3,1,1,3,,0,3523107,Itaquaquecetuba,35,SP,E,E,B,B,4,B,C,A,B,B,B,A,B,A,B,A,A,B,A,B,B,D,A
210062333150,2024,2,F,1,3,1,2,0,1,0,3523107,Itaquaquecetuba,35,SP,F,E,B,D,3,A,E,A,B,C,A,B,B,A,B,B,B,D,A,B,C,D,A
210062333384,2024,2,F,1,3,1,2,0,1,0,3523107,Itaquaquecetuba,35,SP,E,E,C,B,4,A,B,A,B,C,B,A,B,A,B,A,A,B,A,B,B,B,A
210062336306,2024,7,F,1,3,1,1,5,,0,3523107,Itaquaquecetuba,35,SP,B,B,B,B,3,A,C,A,B,C,B,A,B,A,A,B,A,B,A,B,B,C,A
210062337415,2024,2,F,1,3,1,2,0,1,0,3523107,Itaquaquecetuba,35,SP,E,E,C,B,4,A,B,A,B,B,A,A,B,A,A,A,A,A,A,A,A,C,A
210062337431,2024,5,F,1,3,1,1,3,,0,3523107,Itaquaquecetuba,35,SP,F,G,C,D,5,A,H,A,C,C,B,A,B,B,B,B,B,C,A,B,B,E,A
210062339140,2024,15,M,1,1,1,1,0,,0,3523107,Itaquaquecetuba,35,SP,B,B,F,F,1,B,B,A,B,B,B,A,B,A,B,B,A,B,A,B,B,B,A
210062339491,2024,10,M,1,2,1,1,8,,0,3523107,Itaquaquecetuba,35,SP,E,E,B,B,4,B,H,A,B,B,A,A,B,A,B,A,A,B,A,B,B,E,A
210062339703,2024,2,F,1,2,1,2,0,1,0,3523107,Itaquaquecetuba,35,SP,H,E,F,F,6,A,B,A,B,C,A,A,B,A,B,B,B,C,B,B,A,E,A
210062340451,2024,3,M,1,1,1,2,0,1,0,3523107,Itaquaquecetuba,35,SP,F,G,D,D,2,A,F,A,C,C,A,A,B,A,A,A,A,B,B,B,B,B,A
210062342746,2024,10,F,1,1,1,1,7,,0,3523107,Itaquaquecetuba,35,SP,H,H,C,F,5,B,C,A,B,C,A,A,B,A,A,A,A,B,A,A,A,C,A
210062350969,2024,3,F,1,1,1,2,0,1,0,3523107,Itaquaquecetuba,35,SP,E,E,D,D,6,B,H,A,D,D,B,A,B,A,B,B,B,C,A,B,C,E,B
210062351350,2024,4,M,1,2,1,1,2,,0,3523107,Itaquaquecetuba,35,SP,E,G,C,D,4,B,D,A,B,C,A,A,B,A,B,B,A,B,A,B,C,E,A
210062352721,2024,3,F,1,1,1,2,0,1,0,3523107,Itaquaquecetuba,35,SP,F,E,D,D,3,A,G,A,B,C,C,A,B,A,B,B,A,B,A,B,B,D,A
210062357002,2024,4,M,1,3,1,1,1,,0,3523107,Itaquaquecetuba,35,SP,E,E,C,C,7,A,I,A,B,D,B,A,B,A,B,A,A,B,B,B,B,E,A
210062357109,2024,2,F,1,3,1,2,0,1,0,3523107,Itaquaquecetuba,35,SP,E,E,F,B,5,A,C,A,B,D,A,A,B,A,B,A,A,B,A,B,A,D,A
210062361140,2024,2,M,0,0,3,2,0,1,0,3523107,Itaquaquecetuba,35,SP,H,H,A,A,5,B,C,A,C,D,B,A,B,A,B,A,A,B,B,B,A,E,A
210062363301,2024,5,M,1,1,1,1,2,,0,3523107,Itaquaquecetuba,35,SP,H,E,B,B,4,B,G,A,B,B,A,A,B,A,B,B,B,C,B,B,B,E,A
210062363752,2024,3,F,1,2,1,2,0,1,0,3523107,Itaquaquecetuba,35,SP,C,C,C,B,10,B,B,A,B,C,A,A,B,B,B,B,B,B,A,B,A,B,A
210062365380,2024,4,F,1,3,1,1,1,,0,3523107,Itaquaquecetuba,35,SP,B,B,C,B,3,A,C,A,C,C,B,A,B,A,B,B,B,C,A,B,B,D,A
210062366066,2024,13,M,2,3,1,1,0,,0,3523107,Itaquaquecetuba,35,SP,A,A,B,B,2,B,D,A,B,C,A,A,B,A,B,B,A,B,A,B,B,B,A
210062366075,2024,2,M,1,2,1,2,0,1,0,3523107,Itaquaquecetuba,35,SP,E,E,F,B,3,A,D,A,B,C,B,A,B,A,A,A,A,B,A,A,A,D,A
210062366082,2024,6,F,1,3,1,1,3,,0,3523107,Itaquaquecetuba,35,SP,B,E,F,C,7,B,D,A,D,D,A,A,C,A,B,B,A,C,A,B,A,E,A
210062366300,2024,4,F,1,1,1,1,1,,0,3523107,Itaquaquecetuba,35,SP,E,E,D,D,3,B,B,A,B,C,A,A,B,A,A,A,A,B,A,B,B,C,B
210062366601,2024,2,F,1,2,1,2,0,1,0,3523107,Itaquaquecetuba,35,SP,E,E,C,C,3,A,C,A,B,C,B,A,B,A,B,B,A,C,A,B,A,D,A
210062367336,2024,2,M,1,3,1,2,0,1,0,3523107,Itaquaquecetuba,35,SP,E,D,C,B,3,A,C,A,B,C,B,A,B,A,B,B,A,B,A,B,A,D,A
210062368208,2024,3,M,2,2,1,2,0,1,0,3523107,Itaquaquecetuba,35,SP,D,G,D,D,4,A,C,A,B,C,A,A,B,A,B,B,B,D,B,B,A,E,A
210062371110,2024,2,F,1,1,1,2,0,1,0,3523107,Itaquaquecetuba,35,SP,E,G,D,D,4,B,E,D,D,D,C,A,B,B,B,B,B,D,B,B,C,D,D
210062373648,2024,3,F,1,3,1,2,0,1,0,3523107,Itaquaquecetuba,35,SP,D,E,B,F,8,A,B,A,B,A,A,A,B,A,B,A,A,B,A,B,A,D,A
210062375785,2024,3,F,1,2,1,2,0,1,0,3523107,Itaquaquecetuba,35,SP,E,G,F,D,3,A,C,A,B,C,A,A,B,A,B,B,A,B,A,B,A,D,A
210062379634,2024,2,F,1,3,1,2,0,1,0,3523107,Itaquaquecetuba,35,SP,C,B,C,B,5,A,B,A,B,C,A,A,B,A,A,A,A,B,A,B,A,D,A
210062379639,2024,3,F,1,3,1,2,0,1,0,3523107,Itaquaquecetuba,35,SP,E,D,C,A,5,A,B,A,B,C,B,A,B,A,B,B,A,B,A,B,A,E,A
210062384215,2024,11,F,1,3,1,1,12,,0,3523107,Itaquaquecetuba,35,SP,B,C,D,D,3,B,B,A,C,C,B,A,B,A,B,B,A,B,A,B,B,D,A
210062384422,2024,1,F,1,1,1,3,0,,1,3523107,Itaquaquecetuba,35,SP,H,C,B,B,9,A,A,A,A,B,A,A,A,A,A,A,A,A,A,A,A,B,A
210062384903,2024,2,F,1,1,1,2,0,1,0,3523107,Itaquaquecetuba,35,SP,D,E,C,B,2,A,B,A,B,B,A,A,B,A,B,A,A,B,A,B,B,B,A
210062385560,2024,3,F,1,1,1,2,0,1,0,3523107,Itaquaquecetuba,35,SP,D,C,D,D,4,A,B,A,C,C,C,A,B,A,B,A,A,D,A,A,A,E,A
210062385826,2024,6,F,1,3,1,1,3,,0,3523107,Itaquaquecetuba,35,SP,C,B,A,A,4,A,A,A,B,C,B,A,B,A,A,B,A,B,A,A,A,D,A
210062386903,2024,1,F,1,1,1,3,0,,1,3523107,Itaquaquecetuba,35,SP,H,C,F,B,4,A,C,A,B,C,C,A,B,A,B,B,A,C,A,B,A,E,A
210062387029,2024,9,M,1,3,1,1,7,,0,3523107,Itaquaquecetuba,35,SP,H,B,F,F,2,B,C,A,C,D,A,A,B,B,A,B,A,B,A,B,B,B,A
210062387052,2024,2,F,0,3,1,2,0,1,0,3523107,Itaquaquecetuba,35,SP,D,D,A,C,4,A,B,A,C,C,A,A,B,A,B,B,A,B,A,B,A,E,A
210062387743,2024,2,F,1,2,1,3,0,,1,3523107,Itaquaquecetuba,35,SP,C,E,B,B,4,A,D,A,B,C,A,A,B,A,A,A,A,B,A,B,B,D,A
210062388066,2024,3,M,1,2,1,2,0,1,0,3523107,Itaquaquecetuba,35,SP,D,E,C,B,3,A,D,A,B,C,C,B,B,A,B,A,A,A,A,B,A,D,A
210062388371,2024,2,M,1,3,1,2,0,1,0,3523107,Itaquaquecetuba,35,SP,H,H,F,B,4,A,E,A,C,C,B,C,B,A,B,B,B,D,A,B,A,E,A
210062388757,2024,3,M,1,2,1,2,0,1,0,3523107,Itaquaquecetuba,35,SP,D,D,C,B,5,B,C,A,B,C,A,A,B,A,B,B,A,B,B,B,A,E,A
210062389084,2024,1,F,1,1,1,3,0,,1,3523107,Itaquaquecetuba,35,SP,C,D,C,B,6,A,C,A,B,B,B,A,B,A,A,A,A,B,A,B,A,C,A
210062389866,2024,2,F,1,3,1,2,0,1,0,3523107,Itaquaquecetuba,35,SP,D,F,C,C,4,B,E,A,B,C,B,B,B,A,B,B,B,C,A,B,B,D,A
210062390282,2024,3,F,1,3,1,1,1,,0,3523107,Itaquaquecetuba,35,SP,B,C,B,B,3,B,C,A,B,C,A,A,B,A,B,B,A,B,B,B,A,D,A
210062390715,2024,2,M,1,3,1,2,0,1,0,3523107,Itaquaquecetuba,35,SP,E,E,D,B,4,A,B,A,C,D,B,A,B,A,B,B,A,B,A,B,B,E,A
210062391051,2024,2,F,1,3,1,2,0,1,0,3523107,Itaquaquecetuba,35,SP,E,E,C,B,4,B,C,A,B,B,A,A,B,A,A,B,A,B,A,B,A,D,A
210062391425,2024,2,F,1,1,1,2,0,1,0,3523107,Itaquaquecetuba,35,SP,C,D,C,B,5,A,B,A,B,B,A,A,B,A,B,B,A,B,A,B,B,D,A
210062395030,2024,5,M,1,1,1,1,2,,0,3523107,Itaquaquecetuba,35,SP,H,E,F,B,5,A,E,A,B,D,B,A,B,A,B,B,B,D,A,B,C,E,A
210062395275,2024,3,F,1,1,1,2,0,1,0,3523107,Itaquaquecetuba,35,SP,B,E,C,C,3,A,F,A,B,C,B,A,B,A,B,B,B,C,A,B,B,D,A
210062396710,2024,6,M,1,2,1,1,3,,0,3523107,Itaquaquecetuba,35,SP,E,C,C,B,4,A,C,A,B,B,B,B,B,A,B,B,B,C,A,B,B,E,A
210062398389,2024,4,F,1,3,1,1,2,,0,3523107,Itaquaquecetuba,35,SP,E,E,F,B,4,B,C,A,B,C,B,A,B,A,A,B,A,C,A,B,B,D,A
210062404951,2024,2,F,1,3,1,2,0,1,0,3523107,Itaquaquecetuba,35,SP,D,D,C,C,3,A,B,A,B,B,B,A,B,A,A,A,A,B,A,B,A,D,A
210062405093,2024,11,F,1,3,1,1,8,,0,3523107,Itaquaquecetuba,35,SP,A,D,A,A,10,A,B,A,A,B,A,A,A,A,A,A,A,A,A,A,A,A,A
210062405327,2024,8,F,1,1,1,1,0,,0,3523107,Itaquaquecetuba,35,SP,B,D,D,B,3,A,B,A,B,C,A,A,B,A,B,B,B,B,A,B,B,C,A
210062406309,2024,2,M,1,3,1,2,0,1,0,3523107,Itaquaquecetuba,35,SP,E,E,B,B,5,A,E,A,B,C,A,A,B,A,A,B,A,B,A,B,B,D,A
210062407984,2024,11,F,1,1,1,1,9,,0,3523107,Itaquaquecetuba,35,SP,E,E,C,B,1,B,B,A,B,B,A,A,B,A,B,B,A,B,A,B,B,B,A
210062408771,2024,3,M,1,3,1,2,0,1,0,3523107,Itaquaquecetuba,35,SP,C,C,B,B,3,B,E,A,B,C,A,A,B,A,B,B,A,C,A,B,A,B,A
210062412684,2024,2,F,1,1,1,2,0,1,0,3523107,Itaquaquecetuba,35,SP,D,D,C,B,6,A,B,A,B,B,A,A,A,A,A,A,A,A,A,A,A,A,A
210062414536,2024,3,F,1,3,1,2,0,1,0,3523107,Itaquaquecetuba,35,SP,E,E,D,F,3,A,D,A,B,C,A,A,B,A,B,B,A,B,A,B,B,D,A
210062415271,2024,3,F,1,2,1,2,0,1,0,3523107,Itaquaquecetuba,35,SP,D,F,D,C,4,A,E,A,C,C,C,B,B,A,B,B,B,B,A,B,B,D,A
210062420404,2024,2,F,1,2,1,2,0,1,0,3523107,Itaquaquecetuba,35,SP,B,E,F,D,5,A,E,A,B,C,A,A,B,A,A,B,A,B,A,B,B,E,A
210062421935,2024,5,M,1,1,1,1,2,,0,3523107,Itaquaquecetuba,35,SP,G,E,D,D,4,A,C,A,B,C,B,A,B,A,B,B,A,B,A,B,D,C,A
210062424534,2024,3,M,1,2,1,2,0,1,0,3523107,Itaquaquecetuba,35,SP,E,F,F,F,4,B,G,A,B,D,C,A,B,B,B,B,B,C,A,B,B,E,A
210062424658,2024,2,F,1,3,1,2,0,1,0,3523107,Itaquaquecetuba,35,SP,D,F,B,B,3,A,B,A,C,C,B,B,B,A,B,B,B,B,A,B,B,B,A
210062424961,2024,3,M,1,3,1,2,0,1,0,3523107,Itaquaquecetuba,35,SP,F,B,B,A,7,A,C,A,B,B,A,B,B,A,A,B,A,B,A,B,A,E,A
210062426745,2024,3,F,1,3,1,2,0,1,0,3523107,Itaquaquecetuba,35,SP,E,E,C,C,4,A,F,A,C,C,B,A,B,A,B,B,A,B,A,B,B,D,A
210062427776,2024,2,M,1,1,1,2,0,1,0,3523107,Itaquaquecetuba,35,SP,G,E,D,D,2,A,E,A,B,C,A,A,B,A,B,B,A,B,A,B,B,C,B
210062429160,2024,2,F,1,1,1,2,0,1,0,3523107,Itaquaquecetuba,35,SP,E,E,B,B,3,A,C,A,B,C,B,A,B,A,B,B,B,B,B,B,B,C,A
210062431530,2024,5,F,1,2,1,1,3,,0,3523107,Itaquaquecetuba,35,SP,C,C,C,B,3,B,D,A,C,C,B,A,C,A,B,B,A,B,A,B,B,D,A
210062432126,2024,5,F,1,1,1,1,3,,0,3523107,Itaquaquecetuba,35,SP,H,F,B,D,4,A,I,A,C,C,B,A,B,A,B,B,A,B,A,B,B,D,A
210062432130,2024,2,F,1,3,1,2,0,1,0,3523107,Itaquaquecetuba,35,SP,E,H,F,F,3,A,A,A,B,C,A,A,B,A,B,A,A,B,A,B,A,D,A
210062434437,2024,3,M,1,3,1,2,0,1,0,3523107,Itaquaquecetuba,35,SP,E,E,C,D,5,A,H,A,B,C,B,A,B,A,B,B,A,B,A,B,D,E,A
210062438206,2024,3,M,1,2,1,2,0,1,0,3523107,Itaquaquecetuba,35,SP,E,E,B,B,5,A,B,A,B,B,A,A,B,A,A,A,A,B,A,B,A,D,A
210062439163,2024,2,F,1,1,1,3,0,,1,3523107,Itaquaquecetuba,35,SP,B,F,C,D,4,A,K,A,C,D,C,A,B,A,B,A,B,C,A,B,B,E,D
210062439450,2024,3,F,1,1,1,2,0,1,0,3523107,Itaquaquecetuba,35,SP,E,G,B,F,3,A,K,A,D,D,B,A,C,B,B,B,B,C,B,B,B,D,D
210062441237,2024,4,F,1,3,1,1,2,,0,3523107,Itaquaquecetuba,35,SP,E,B,B,B,1,A,A,A,B,B,A,A,B,A,A,A,A,B,A,B,A,A,A
210062442158,2024,3,M,1,3,1,2,0,1,0,3523107,Itaquaquecetuba,35,SP,E,D,C,F,7,A,C,A,C,B,A,A,B,A,A,A,A,B,A,B,B,E,A
210062442504,2024,8,F,1,3,1,1,6,,0,3523107,Itaquaquecetuba,35,SP,E,D,B,B,5,B,B,A,D,D,B,A,B,A,B,B,B,B,A,B,C,E,A
210062443033,2024,17,M,1,2,3,1,0,,0,3523107,Itaquaquecetuba,35,SP,B,D,F,F,12,B,E,A,D,D,A,A,C,B,B,B,B,D,A,B,B,E,A
210062443568,2024,5,M,1,1,1,1,2,,0,3523107,Itaquaquecetuba,35,SP,E,E,F,F,4,A,C,A,B,B,C,A,B,A,B,B,A,C,A,B,A,B,A
210062445022,2024,5,F,1,2,1,1,1,,0,3523107,Itaquaquecetuba,35,SP,D,F,D,D,5,A,I,A,B,C,B,A,B,A,B,B,A,B,B,B,B,D,A
210062445487,2024,2,F,1,1,1,2,0,1,0,3523107,Itaquaquecetuba,35,SP,B,D,B,B,4,B,E,A,B,C,B,A,B,A,B,B,B,B,A,B,B,E,A
210062447737,2024,3,M,1,1,1,2,0,1,0,3523107,Itaquaquecetuba,35,SP,E,E,F,B,5,A,F,A,B,C,A,A,B,A,B,A,A,B,A,B,B,C,D
210062447969,2024,2,F,1,3,1,2,0,1,0,3523107,Itaquaquecetuba,35,SP,H,H,C,B,5,A,A,A,B,B,A,A,B,A,B,B,A,B,A,B,A,C,A
210062447992,2024,3,F,1,2,1,2,0,1,0,3523107,Itaquaquecetuba,35,SP,B,B,C,C,4,A,C,A,B,B,A,A,B,A,A,A,A,B,A,B,A,D,A
210062448208,2024,3,F,1,1,1,1,1,,0,3523107,Itaquaquecetuba,35,SP,E,E,C,B,4,B,C,A,C,D,B,A,C,A,B,B,A,C,A,B,B,B,A
210062448637,2024,2,F,1,1,1,2,0,1,0,3523107,Itaquaquecetuba,35,SP,H,E,F,B,4,A,B,A,B,B,A,A,A,A,A,A,A,A,A,A,A,B,A
210062449559,2024,2,F,1,1,1,3,0,,1,3523107,Itaquaquecetuba,35,SP,C,C,C,D,3,B,B,A,B,C,A,A,B,A,B,B,A,D,B,B,C,D,A
210062450564,2024,1,F,1,1,1,3,0,,1,3523107,Itaquaquecetuba,35,SP,F,G,D,D,4,A,G,A,D,D,C,B,B,A,B,B,B,C,B,B,C,E,B
210062450802,2024,3,F,1,2,1,2,0,1,0,3523107,Itaquaquecetuba,35,SP,B,E,F,F,6,A,B,A,B,C,A,A,B,B,B,A,A,B,A,B,A,D,A
210062452224,2024,8,F,1,3,1,1,6,,0,3523107,Itaquaquecetuba,35,SP,C,D,F,B,2,A,C,A,B,C,A,A,B,A,B,B,A,B,A,B,B,C,A
210062452873,2024,3,F,1,1,1,1,1,,0,3523107,Itaquaquecetuba,35,SP,C,E,B,C,4,A,C,A,D,C,A,A,B,A,A,B,A,B,A,B,A,E,A
210062453089,2024,2,M,1,1,1,2,0,1,0,3523107,Itaquaquecetuba,35,SP,H,H,F,F,3,A,B,A,B,C,A,A,B,A,A,B,B,B,A,B,A,D,A
210062453151,2024,3,F,1,1,1,2,0,1,0,3523107,Itaquaquecetuba,35,SP,E,E,B,B,4,A,E,A,B,C,B,A,B,A,B,B,A,C,A,B,A,B,A
210062453351,2024,3,M,1,3,1,2,0,1,0,3523107,Itaquaquecetuba,35,SP,E,F,D,D,2,A,C,A,B,B,A,A,B,A,B,B,A,B,A,B,A,C,A
210062453894,2024,3,F,1,3,1,2,0,1,0,3523107,Itaquaquecetuba,35,SP,E,D,C,F,6,A,B,A,C,C,B,A,B,A,B,B,A,B,A,B,A,E,A
210062454469,2024,4,M,1,1,1,1,2,,0,3523107,Itaquaquecetuba,35,SP,E,E,B,B,3,B,B,A,B,B,B,A,B,A,B,B,A,B,A,B,B,D,A
210062455927,2024,3,F,1,1,1,2,0,1,0,3523107,Itaquaquecetuba,35,SP,E,E,D,B,4,A,C,A,B,C,B,A,B,A,B,B,A,B,A,B,A,B,A
210062457675,2024,3,M,1,3,2,2,0,1,0,3523107,Itaquaquecetuba,35,SP,E,E,B,B,3,A,C,A,C,C,B,A,B,A,B,B,A,B,A,B,A,D,A
210062459422,2024,12,F,2,1,1,1,16,,0,3523107,Itaquaquecetuba,35,SP,B,B,A,A,3,B,D,A,B,C,B,A,B,A,B,B,B,B,A,B,B,B,A
210062460004,2024,3,F,1,1,1,1,1,,0,3523107,Itaquaquecetuba,35,SP,E,E,C,C,3,A,B,A,B,C,B,A,B,A,B,B,A,B,A,B,B,C,A
210062460553,2024,11,F,1,3,1,1,0,,0,3523107,Itaquaquecetuba,35,SP,B,B,F,F,3,A,A,A,B,C,B,A,B,A,A,B,A,C,A,B,B,D,A
210062460784,2024,3,M,1,2,1,2,0,1,0,3523107,Itaquaquecetuba,35,SP,E,B,C,B,2,A,B,A,B,C,A,A,B,A,B,A,A,A,A,B,A,B,A
210062463138,2024,1,F,1,2,1,3,0,,1,3523107,Itaquaquecetuba,35,SP,E,E,C,C,4,A,F,A,C,D,A,A,B,A,B,B,B,C,B,A,B,E,A
210062465478,2024,2,M,1,3,1,2,0,1,0,3523107,Itaquaquecetuba,35,SP,C,E,C,B,6,B,C,A,C,C,B,A,B,B,B,B,A,C,A,B,B,E,A
210062468572,2024,2,F,1,2,2,2,0,1,0,3523107,Itaquaquecetuba,35,SP,E,E,C,B,3,A,B,A,B,C,A,A,C,A,B,B,B,B,A,B,B,D,A
210062469050,2024,2,M,1,1,1,2,0,1,0,3523107,Itaquaquecetuba,35,SP,E,E,F,B,5,A,H,A,D,D,B,A,B,A,B,B,B,B,B,B,B,D,A
210062470665,2024,7,F,1,1,1,1,5,,0,3523107,Itaquaquecetuba,35,SP,D,E,D,D,3,A,C,A,B,B,B,A,B,A,B,B,B,B,A,B,B,D,A
210062471384,2024,3,F,1,3,1,2,0,1,0,3523107,Itaquaquecetuba,35,SP,H,D,B,B,3,B,B,A,B,B,A,A,B,A,A,B,A,B,A,B,A,C,A
210062472559,2024,3,F,1,3,1,2,0,1,0,3523107,Itaquaquecetuba,35,SP,F,E,C,B,5,A,B,A,B,C,B,A,B,B,B,B,A,B,A,B,B,C,A
210062473313,2024,3,F,1,2,1,2,0,1,0,3523107,Itaquaquecetuba,35,SP,E,E,C,D,4,A,D,A,C,C,B,A,B,A,B,B,B,B,A,B,C,E,A
210062473324,2024,6,M,1,2,1,1,3,,0,3523107,Itaquaquecetuba,35,SP,E,E,C,C,3,A,D,A,B,B,A,A,B,A,B,B,A,B,A,B,A,C,A
210062473332,2024,3,M,1,1,1,2,0,1,0,3523107,Itaquaquecetuba,35,SP,C,C,B,B,20,A,B,A,B,B,B,A,B,A,B,B,A,B,A,B,B,B,A
210062473388,2024,3,M,0,3,1,2,0,1,0,3523107,Itaquaquecetuba,35,SP,E,E,C,B,3,A,C,A,B,C,A,A,B,A,A,B,A,A,A,B,A,C,A
210062473518,2024,3,M,1,1,1,2,0,1,0,3523107,Itaquaquecetuba,35,SP,E,E,F,F,4,B,E,A,B,C,B,A,B,A,B,B,A,C,A,B,C,D,A
210062473661,2024,3,F,1,2,1,2,0,1,0,3523107,Itaquaquecetuba,35,SP,D,D,C,B,6,A,C,A,B,C,A,A,B,B,B,B,A,C,A,B,A,E,A
210062473962,2024,3,F,1,1,1,2,0,1,0,3523107,Itaquaquecetuba,35,SP,E,E,C,B,3,A,H,A,B,C,B,A,B,A,B,B,B,C,B,B,A,E,A
210062474203,2024,3,M,1,3,1,2,0,1,0,3523107,Itaquaquecetuba,35,SP,E,E,C,B,6,A,C,A,B,C,A,B,B,A,A,B,A,B,A,B,A,D,A
210062474587,2024,6,M,2,3,1,1,4,,0,3523107,Itaquaquecetuba,35,SP,B,D,B,B,14,B,C,A,B,B,B,B,B,A,A,A,A,B,A,B,A,B,A
210062476679,2024,1,F,1,3,1,3,0,,1,3523107,Itaquaquecetuba,35,SP,E,E,D,D,4,A,F,A,B,C,B,A,B,A,B,B,A,D,B,B,A,E,A
210062478963,2024,2,F,1,1,1,3,0,,1,3523107,Itaquaquecetuba,35,SP,E,D,C,B,4,A,G,A,C,C,B,A,B,A,B,B,A,C,A,B,B,E,A
210062481058,2024,2,F,1,1,1,2,0,1,0,3523107,Itaquaquecetuba,35,SP,B,C,B,F,3,A,E,A,B,C,B,A,B,A,B,B,B,C,B,B,B,E,A
210062481423,2024,2,F,1,3,1,2,0,1,0,3523107,Itaquaquecetuba,35,SP,H,H,F,F,4,A,D,A,B,B,B,A,B,A,A,B,A,A,A,B,A,E,A
210062481825,2024,3,F,1,2,1,2,0,1,0,3523107,Itaquaquecetuba,35,SP,B,B,C,F,2,A,B,A,B,B,A,A,B,A,B,A,A,B,A,B,A,B,A
210062482917,2024,6,M,1,3,1,1,3,,0,3523107,Itaquaquecetuba,35,SP,B,D,B,C,5,A,B,A,B,C,A,A,B,A,A,B,A,B,A,B,B,C,A
210062485377,2024,2,F,1,3,1,2,0,1,0,3523107,Itaquaquecetuba,35,SP,E,E,C,F,4,A,C,A,B,C,B,A,B,A,B,B,A,C,A,B,B,E,A
210062485898,2024,2,M,1,3,1,2,0,1,0,3523107,Itaquaquecetuba,35,SP,F,G,D,D,4,B,G,A,B,D,C,A,B,B,B,B,B,C,B,B,D,E,C
210062487307,2024,6,M,1,2,1,1,4,,0,3523107,Itaquaquecetuba,35,SP,E,E,B,C,2,B,C,A,B,C,A,A,B,A,B,A,A,B,A,B,A,C,A
210062487740,2024,3,F,1,3,1,2,0,1,0,3523107,Itaquaquecetuba,35,SP,C,D,C,B,3,A,F,A,B,C,C,B,B,A,B,A,B,B,A,B,B,D,A
210062488034,2024,1,M,1,3,1,3,0,,1,3523107,Itaquaquecetuba,35,SP,F,E,D,C,4,A,G,A,B,C,B,A,B,A,B,B,A,C,A,B,B,E,A
210062489641,2024,19,F,1,3,1,1,18,,0,3523107,Itaquaquecetuba,35,SP,B,B,C,A,3,B,F,A,C,C,A,A,B,A,B,A,A,C,A,B,B,D,A
210062492683,2024,13,M,0,1,1,1,16,,0,3523107,Itaquaquecetuba,35,SP,B,B,C,B,5,B,C,A,B,B,A,A,B,A,B,A,A,B,A,B,A,A,A
210062493743,2024,1,F,1,1,1,3,0,,1,3523107,Itaquaquecetuba,35,SP,E,E,D,D,4,A,G,A,B,C,B,A,B,A,B,B,A,C,A,B,B,D,D
210062494601,2024,6,F,1,3,1,1,3,,0,3523107,Itaquaquecetuba,35,SP,H,H,F,F,2,B,B,A,B,B,A,A,B,A,A,A,A,B,A,B,A,B,A
210062494749,2024,12,F,1,1,1,1,14,,0,3523107,Itaquaquecetuba,35,SP,E,E,D,D,5,B,B,A,B,C,A,A,B,A,B,A,A,B,A,B,A,C,A
210062496332,2024,9,F,1,3,1,1,7,,0,3523107,Itaquaquecetuba,35,SP,E,E,C,B,5,A,D,A,C,C,B,A,B,A,B,B,A,C,A,B,B,E,A
210062496535,2024,9,M,1,3,1,1,7,,0,3523107,Itaquaquecetuba,35,SP,D,E,B,B,5,B,C,A,B,B,A,A,B,A,A,B,B,A,A,B,B,E,A
210062496924,2024,4,M,1,3,1,1,2,,0,3523107,Itaquaquecetuba,35,SP,E,C,C,B,5,B,C,A,B,C,C,A,B,A,B,B,B,B,A,B,B,E,A
210062497179,2024,15,M,0,1,1,1,18,,0,3523107,Itaquaquecetuba,35,SP,B,B,C,B,3,B,G,A,B,B,B,A,B,A,B,B,B,C,A,B,B,C,A
210062499893,2024,9,M,1,2,1,1,5,,0,3523107,Itaquaquecetuba,35,SP,C,E,A,B,2,A,B,A,B,C,A,A,B,A,B,B,A,C,A,B,B,C,A
210062501652,2024,3,F,1,1,1,2,0,1,0,3523107,Itaquaquecetuba,35,SP,E,E,D,B,3,A,A,A,B,D,B,A,B,A,B,B,A,B,A,B,A,E,A
210062501748,2024,1,M,1,3,1,3,0,,1,3523107,Itaquaquecetuba,35,SP,G,F,E,B,3,A,H,A,C,C,B,A,B,A,B,B,A,C,A,B,B,D,D
210062502773,2024,2,F,1,1,1,2,0,1,0,3523107,Itaquaquecetuba,35,SP,F,E,D,B,3,A,F,A,D,D,B,A,B,A,B,B,B,C,A,B,B,C,D
210062504308,2024,14,F,1,3,1,1,18,,0,3523107,Itaquaquecetuba,35,SP,H,B,F,B,3,B,D,A,B,C,A,A,B,A,B,B,A,B,A,B,B,B,A
210062506545,2024,2,F,1,2,1,2,0,1,0,3523107,Itaquaquecetuba,35,SP,E,E,B,B,3,A,C,A,B,C,B,A,B,A,B,B,A,C,A,B,B,D,A
210062508728,2024,2,F,1,3,1,2,0,1,0,3523107,Itaquaquecetuba,35,SP,D,D,E,E,3,B,O,A,D,D,C,A,B,A,B,B,B,B,A,B,A,B,A
210062510278,2024,9,M,1,3,1,1,7,,0,3523107,Itaquaquecetuba,35,SP,C,E,B,B,2,A,B,A,B,C,A,A,B,A,B,B,A,B,A,B,A,C,A
210062510849,2024,2,F,1,1,1,2,0,1,0,3523107,Itaquaquecetuba,35,SP,E,E,D,B,2,A,C,A,C,C,A,A,B,A,B,A,A,B,A,B,A,C,A
210062511434,2024,3,F,0,1,1,2,0,1,0,3523107,Itaquaquecetuba,35,SP,E,D,F,B,4,B,D,A,C,D,A,A,B,A,A,B,A,D,A,B,B,D,A
210062512932,2024,3,M,1,3,1,2,0,1,0,3523107,Itaquaquecetuba,35,SP,E,D,C,B,4,A,A,A,B,C,A,A,B,A,B,A,A,B,A,B,B,B,A
210062514246,2024,5,M,1,1,1,1,2,,0,3523107,Itaquaquecetuba,35,SP,C,F,A,A,15,B,C,A,B,B,A,A,B,A,A,A,A,A,A,A,B,B,B
210062514821,2024,3,M,0,1,1,2,0,1,0,3523107,Itaquaquecetuba,35,SP,D,D,B,B,4,A,C,A,B,C,B,A,B,A,B,B,A,B,B,B,C,E,A
210062515465,2024,2,F,1,3,1,2,0,1,0,3523107,Itaquaquecetuba,35,SP,G,E,C,B,3,A,C,A,B,C,A,A,B,A,B,A,A,B,A,B,A,B,A
210062517111,2024,3,F,1,2,1,2,0,1,0,3523107,Itaquaquecetuba,35,SP,E,E,C,C,3,B,H,A,C,C,B,A,B,A,B,B,B,B,B,B,B,D,A
210062518860,2024,3,F,1,1,1,2,0,1,0,3523107,Itaquaquecetuba,35,SP,D,E,C,C,4,A,H,A,D,D,A,A,B,A,B,A,B,B,A,B,B,D,D
210062519054,2024,5,F,1,1,1,1,2,,0,3523107,Itaquaquecetuba,35,SP,B,C,C,C,3,A,A,A,B,C,B,A,B,B,A,B,A,B,A,B,A,D,A
210062519883,2024,4,F,1,1,1,1,1,,0,3523107,Itaquaquecetuba,35,SP,F,E,D,D,4,A,C,A,B,C,B,A,B,A,B,A,A,B,A,B,A,C,A
210062521730,2024,3,M,0,1,1,2,0,1,0,3523107,Itaquaquecetuba,35,SP,H,H,F,F,4,A,E,A,C,D,C,A,C,A,B,B,A,D,A,B,C,E,A
210062522891,2024,9,M,1,1,1,1,7,,0,3523107,Itaquaquecetuba,35,SP,D,H,C,C,3,B,C,A,C,C,B,A,B,A,B,B,A,C,A,B,A,D,A
210062523077,2024,4,M,1,3,1,1,2,,0,3523107,Itaquaquecetuba,35,SP,B,F,D,B,4,B,G,A,B,C,B,A,B,B,B,B,A,B,A,B,B,C,A
210062524610,2024,2,F,1,2,1,3,0,,1,3523107,Itaquaquecetuba,35,SP,G,F,E,E,5,A,K,A,B,D,C,A,B,A,B,B,A,B,A,B,E,D,A
210062526097,2024,8,F,1,1,1,1,7,,0,3523107,Itaquaquecetuba,35,SP,B,E,C,D,3,B,D,A,B,C,B,A,B,A,B,B,A,C,A,B,A,D,A
210062526485,2024,10,F,1,1,1,1,6,,0,3523107,Itaquaquecetuba,35,SP,C,B,D,B,3,B,E,A,B,C,A,A,B,A,B,B,A,B,B,B,B,D,A
210062530581,2024,5,M,1,3,1,1,2,,0,3523107,Itaquaquecetuba,35,SP,H,E,F,B,4,A,D,A,B,A,A,A,B,A,B,B,A,B,A,B,B,E,A
210062531139,2024,5,F,1,3,1,1,1,,0,3523107,Itaquaquecetuba,35,SP,E,C,C,B,9,A,B,A,C,D,A,A,A,B,B,B,A,B,B,B,A,D,A
210062532630,2024,5,F,0,1,1,1,2,,0,3523107,Itaquaquecetuba,35,SP,C,E,A,A,5,B,E,A,B,C,B,A,B,A,B,A,A,B,A,B,B,E,A
210062533202,2024,3,M,1,3,1,2,0,1,0,3523107,Itaquaquecetuba,35,SP,H,E,F,B,2,A,B,A,B,B,A,A,B,A,B,B,A,B,A,B,A,B,A
210062533273,2024,3,F,1,1,1,1,1,,0,3523107,Itaquaquecetuba,35,SP,H,C,C,F,4,B,H,A,B,C,C,A,B,A,B,B,B,B,A,B,A,E,A
210062533713,2024,6,M,1,3,1,1,4,,0,3523107,Itaquaquecetuba,35,SP,A,B,C,B,4,A,C,A,C,C,B,A,B,A,B,A,A,B,A,B,B,E,A
210062534216,2024,3,F,1,3,1,1,1,,0,3523107,Itaquaquecetuba,35,SP,B,B,C,C,6,A,B,A,C,D,B,A,B,A,A,B,A,C,A,B,B,D,A
210062534531,2024,2,F,1,2,1,2,0,1,0,3523107,Itaquaquecetuba,35,SP,D,D,B,F,5,A,B,A,B,C,A,A,B,A,B,B,A,B,A,B,A,C,A
210062535151,2024,3,F,1,3,1,2,0,1,0,3523107,Itaquaquecetuba,35,SP,A,D,F,B,3,A,B,A,B,B,A,A,B,A,A,B,A,B,A,B,A,C,A
210062535233,2024,3,M,0,1,1,2,0,1,0,3523107,Itaquaquecetuba,35,SP,D,D,E,E,2,A,C,A,B,C,A,A,B,A,B,A,A,B,A,B,A,C,A
210062535283,2024,4,M,1,1,1,1,1,,0,3523107,Itaquaquecetuba,35,SP,F,E,D,D,3,A,E,A,C,D,B,A,B,B,B,B,B,B,A,B,B,D,A
210062535565,2024,5,F,1,3,1,1,2,,0,3523107,Itaquaquecetuba,35,SP,B,B,F,F,6,A,F,A,B,D,A,A,B,A,B,B,A,C,B,B,B,E,A
210062535795,2024,7,F,1,1,1,1,5,,0,3523107,Itaquaquecetuba,35,SP,E,E,B,D,7,A,G,A,D,D,B,B,B,B,B,B,A,C,A,B,B,D,A
210062537764,2024,6,M,1,1,1,1,4,,0,3523107,Itaquaquecetuba,35,SP,A,C,C,B,4,B,D,A,B,C,A,A,B,A,B,A,A,B,A,B,B,D,A
210062537893,2024,3,F,1,3,1,2,0,1,0,3523107,Itaquaquecetuba,35,SP,E,E,D,D,2,A,C,A,B,B,A,A,B,A,B,A,A,B,A,B,A,B,A
210062537957,2024,1,F,1,1,1,3,0,,1,3523107,Itaquaquecetuba,35,SP,F,G,D,D,3,A,F,A,B,D,A,A,B,A,A,B,A,C,B,B,C,D,D
210062538360,2024,11,M,1,1,1,1,11,,0,3523107,Itaquaquecetuba,35,SP,B,E,C,C,3,B,C,A,B,C,A,A,B,A,A,B,B,B,A,B,B,D,A
210062538389,2024,8,M,1,3,1,1,6,,0,3523107,Itaquaquecetuba,35,SP,E,E,B,B,3,B,H,A,C,C,A,A,B,A,B,B,A,C,A,B,B,C,A
210062538434,2024,4,F,1,3,1,1,2,,0,3523107,Itaquaquecetuba,35,SP,E,E,B,A,3,A,B,A,B,A,A,A,B,A,B,A,A,B,A,B,A,B,A
210062540498,2024,12,F,1,1,1,1,15,,0,3523107,Itaquaquecetuba,35,SP,E,B,C,C,4,B,F,A,C,D,B,A,B,A,B,B,B,C,A,B,B,E,A
210062540989,2024,6,F,1,2,1,1,1,,0,3523107,Itaquaquecetuba,35,SP,D,E,A,A,2,A,C,A,B,C,A,A,B,A,A,A,A,B,A,B,A,B,A
210062541669,2024,6,M,1,2,1,1,3,,0,3523107,Itaquaquecetuba,35,SP,E,E,C,D,3,B,G,A,C,C,B,A,B,A,B,B,A,C,A,B,C,D,A
210062542283,2024,4,F,1,1,1,1,2,,0,3523107,Itaquaquecetuba,35,SP,C,E,B,B,2,A,C,A,B,C,A,A,B,A,B,B,A,B,A,B,B,C,A
210062544418,2024,8,M,1,1,1,1,3,,0,3523107,Itaquaquecetuba,35,SP,H,H,F,B,5,A,B,A,B,C,A,A,B,A,A,A,A,B,A,B,B,C,A
210062544681,2024,7,M,1,1,1,1,5,,0,3523107,Itaquaquecetuba,35,SP,H,E,B,B,1,B,C,A,B,B,A,A,B,A,B,B,A,B,A,B,A,B,A
210062545162,2024,3,F,1,3,1,2,0,1,0,3523107,Itaquaquecetuba,35,SP,F,G,C,D,3,B,F,A,B,C,A,B,B,A,B,B,A,C,A,B,B,D,A
210062546054,2024,3,M,1,2,1,2,0,1,0,3523107,Itaquaquecetuba,35,SP,C,B,E,B,3,A,G,A,C,D,C,A,B,A,B,B,B,D,A,B,B,D,A
210062547510,2024,5,M,1,3,1,1,5,,0,3523107,Itaquaquecetuba,35,SP,H,H,B,B,5,A,B,C,B,C,B,A,B,A,A,A,A,B,A,B,B,B,A
210062548340,2024,12,F,0,2,1,1,16,,0,3523107,Itaquaquecetuba,35,SP,A,B,A,B,2,A,B,A,B,C,A,A,B,A,B,A,A,B,A,B,A,B,A
210062551158,2024,2,F,1,1,1,3,0,,1,3523107,Itaquaquecetuba,35,SP,C,E,D,F,4,A,D,A,B,C,B,A,B,A,B,B,A,C,B,B,B,E,A
210062551647,2024,2,F,1,2,1,3,0,,1,3523107,Itaquaquecetuba,35,SP,D,E,D,D,3,A,B,A,B,B,A,A,B,A,A,A,A,B,A,B,A,D,A
210062552350,2024,3,F,0,1,1,2,0,1,0,3523107,Itaquaquecetuba,35,SP,H,C,C,B,5,A,B,A,B,C,A,A,B,A,A,B,A,B,A,B,A,D,A
210062552383,2024,3,F,1,1,1,2,0,1,0,3523107,Itaquaquecetuba,35,SP,E,D,C,F,4,A,B,A,B,B,A,A,B,B,B,A,A,B,A,B,B,E,A
210062553562,2024,2,F,1,1,1,2,0,1,0,3523107,Itaquaquecetuba,35,SP,E,E,B,B,4,A,B,A,B,B,A,A,B,A,B,B,A,B,A,A,A,B,A
210062553688,2024,3,F,1,1,1,1,1,,0,3523107,Itaquaquecetuba,35,SP,B,E,F,F,3,A,C,A,B,C,B,A,B,B,B,B,A,B,A,B,B,C,A
210062553951,2024,5,M,1,3,1,1,0,,0,3523107,Itaquaquecetuba,35,SP,B,B,B,B,2,B,B,A,B,B,A,A,B,A,A,A,A,A,A,B,A,B,A
210062555021,2024,2,F,1,1,1,2,0,,0,3523107,Itaquaquecetuba,35,SP,E,E,A,B,2,A,B,A,C,C,B,C,B,A,B,B,B,C,B,B,A,C,A
210062558044,2024,3,F,1,3,1,2,0,1,0,3523107,Itaquaquecetuba,35,SP,E,E,B,B,3,A,A,A,B,B,A,A,A,A,A,A,A,A,A,B,A,B,A
210062561174,2024,3,F,1,1,1,1,1,,0,3523107,Itaquaquecetuba,35,SP,F,E,D,B,5,A,E,A,B,C,B,A,B,A,B,B,B,B,A,B,E,D,D
210062563600,2024,2,M,1,3,1,2,0,1,0,3523107,Itaquaquecetuba,35,SP,F,F,D,D,4,A,C,A,C,D,B,A,B,A,B,B,B,C,B,B,B,E,A
210062564497,2024,2,F,1,3,1,2,0,1,0,3523107,Itaquaquecetuba,35,SP,E,E,C,B,3,A,E,A,B,C,B,A,B,A,B,B,A,C,A,B,B,D,A
210062565820,2024,2,F,1,2,1,2,0,1,0,3523107,Itaquaquecetuba,35,SP,H,E,F,D,3,B,B,A,B,C,A,A,B,A,B,B,A,B,A,B,A,D,A
210062567980,2024,5,F,1,3,1,1,2,,0,3523107,Itaquaquecetuba,35,SP,B,E,F,B,1,B,B,A,B,B,A,A,B,A,A,A,A,A,A,B,A,B,A
210062569327,2024,1,F,1,1,1,3,0,,1,3523107,Itaquaquecetuba,35,SP,E,B,C,B,5,A,C,A,B,C,A,A,B,A,A,A,A,B,A,B,A,C,B
210062569983,2024,1,F,1,1,1,3,0,,1,3523107,Itaquaquecetuba,35,SP,D,F,C,E,2,B,B,A,B,C,A,A,B,A,B,B,A,B,A,B,A,C,A
210062570395,2024,2,F,1,3,1,2,0,1,0,3523107,Itaquaquecetuba,35,SP,D,E,C,C,4,A,B,A,B,B,B,A,B,A,A,A,A,B,A,B,A,C,A
210062571342,2024,1,F,1,3,1,3,0,,1,3523107,Itaquaquecetuba,35,SP,D,C,B,F,5,B,C,A,B,C,B,A,B,A,A,B,A,B,A,B,A,D,C
210062571597,2024,4,M,1,2,1,2,0,1,0,3523107,Itaquaquecetuba,35,SP,D,C,B,B,4,A,D,A,B,C,A,A,B,A,B,A,A,B,B,B,B,D,A
210062572322,2024,2,M,1,4,3,2,0,1,0,3523107,Itaquaquecetuba,35,SP,B,E,F,C,4,A,C,A,B,C,B,A,B,A,B,A,A,B,A,B,B,D,B
210062572365,2024,3,M,1,3,1,1,1,,0,3523107,Itaquaquecetuba,35,SP,F,C,F,B,6,B,D,A,C,D,B,A,B,A,B,B,A,D,A,B,C,E,A
210062572948,2024,6,F,1,1,1,1,4,,0,3523107,Itaquaquecetuba,35,SP,E,E,C,B,4,A,D,A,B,B,B,A,B,B,A,A,A,B,A,B,B,C,A
210062572976,2024,3,F,1,1,1,2,0,1,0,3523107,Itaquaquecetuba,35,SP,B,C,B,B,3,A,C,A,C,C,A,A,B,A,B,A,A,B,A,B,B,D,A
210062575090,2024,7,F,1,1,1,1,5,,0,3523107,Itaquaquecetuba,35,SP,B,E,B,C,2,B,G,A,C,C,C,A,B,A,B,B,B,C,A,B,A,C,B
210062575823,2024,2,F,0,3,1,2,0,1,0,3523107,Itaquaquecetuba,35,SP,F,E,E,F,5,A,D,A,B,D,B,A,B,A,B,B,B,B,A,B,B,D,A
210062576389,2024,1,F,1,3,1,3,0,,1,3523107,Itaquaquecetuba,35,SP,E,D,B,C,7,A,C,A,B,C,A,A,B,A,B,A,A,B,A,B,A,C,A
210062577574,2024,3,M,1,1,1,2,0,1,0,3523107,Itaquaquecetuba,35,SP,E,D,C,B,4,A,E,A,B,C,B,A,B,A,A,A,A,C,A,B,A,D,A
210062578681,2024,3,F,1,3,1,2,0,1,0,3523107,Itaquaquecetuba,35,SP,E,D,D,B,4,A,F,A,C,C,B,A,B,A,B,A,B,B,B,B,B,E,A
210062582035,2024,2,F,1,3,1,2,0,1,0,3523107,Itaquaquecetuba,35,SP,H,F,F,D,2,A,B,A,B,C,A,A,B,A,B,B,A,B,A,B,B,C,D
210062584335,2024,8,M,1,1,1,1,2,,0,3523107,Itaquaquecetuba,35,SP,C,A,A,A,7,B,B,A,B,C,A,A,B,A,A,A,A,B,A,B,A,B,A
210062584792,2024,1,M,1,1,1,4,0,,0,3523107,Itaquaquecetuba,35,SP,B,E,D,D,4,A,F,A,B,C,C,A,B,A,B,B,A,A,A,B,B,E,F
210062586531,2024,3,M,1,1,1,2,0,1,0,3523107,Itaquaquecetuba,35,SP,E,E,C,C,3,A,C,A,B,C,A,B,B,A,B,B,A,B,A,B,B,D,A
210062588652,2024,11,M,1,3,1,1,3,,0,3523107,Itaquaquecetuba,35,SP,E,D,B,B,1,B,B,A,B,B,B,A,B,A,B,B,A,B,A,B,A,B,A
210062589145,2024,3,F,1,1,1,2,0,1,0,3523107,Itaquaquecetuba,35,SP,E,G,B,D,3,A,E,A,B,C,B,A,B,A,B,B,B,B,A,B,C,D,A
210062589420,2024,4,F,1,1,1,2,0,1,0,3523107,Itaquaquecetuba,35,SP,E,G,B,D,4,A,I,A,B,C,B,A,B,A,B,B,A,C,A,B,D,D,A
210062589901,2024,11,F,1,3,1,1,7,,0,3523107,Itaquaquecetuba,35,SP,D,B,F,B,3,A,B,A,B,C,B,A,B,A,A,A,B,C,A,B,B,D,A
210062589965,2024,7,M,1,4,1,1,5,,0,3523107,Itaquaquecetuba,35,SP,E,E,B,B,6,B,D,A,C,C,B,A,B,A,B,B,B,C,B,B,C,E,A
210062590490,2024,5,F,1,2,1,1,3,,0,3523107,Itaquaquecetuba,35,SP,E,E,D,D,5,B,F,A,C,C,B,A,B,A,B,A,A,C,B,B,B,D,A
210062590563,2024,2,M,1,1,1,2,0,1,0,3523107,Itaquaquecetuba,35,SP,E,E,D,D,4,A,F,A,B,C,B,A,B,A,B,B,B,B,A,B,B,E,B
210062591401,2024,4,M,1,2,1,1,2,,0,3523107,Itaquaquecetuba,35,SP,E,E,C,C,5,B,E,A,D,D,B,A,B,A,B,A,B,C,A,B,A,D,A
210062596622,2024,15,F,2,3,1,1,16,,0,3523107,Itaquaquecetuba,35,SP,C,D,C,B,5,B,C,A,B,D,B,A,B,A,B,A,A,B,A,B,C,E,A
210062598104,2024,11,M,1,2,1,1,6,,0,3523107,Itaquaquecetuba,35,SP,B,B,C,B,2,B,B,A,B,C,A,A,B,B,B,B,A,B,A,B,B,C,A
210062598159,2024,2,F,1,1,1,2,0,1,0,3523107,Itaquaquecetuba,35,SP,C,E,C,B,4,A,A,A,B,C,A,A,B,A,B,B,A,B,A,B,B,B,A
210062599376,2024,11,F,1,3,1,1,9,,0,3523107,Itaquaquecetuba,35,SP,B,H,B,C,5,B,E,A,B,C,B,B,B,A,A,B,A,B,A,B,A,C,A
210062600227,2024,2,M,1,3,1,2,0,1,0,3523107,Itaquaquecetuba,35,SP,E,E,C,D,3,A,C,A,B,C,B,A,B,A,B,B,A,B,A,B,B,B,A
210062601436,2024,2,M,1,3,1,2,0,1,0,3523107,Itaquaquecetuba,35,SP,D,E,F,B,4,B,C,A,B,C,A,A,B,A,A,A,A,B,A,A,A,C,A
210062602067,2024,5,F,1,1,1,1,1,,0,3523107,Itaquaquecetuba,35,SP,B,D,C,B,2,B,B,A,B,C,A,A,B,A,B,B,A,B,A,B,A,B,A
210062604916,2024,12,F,2,3,1,1,14,,0,3523107,Itaquaquecetuba,35,SP,A,E,B,C,7,B,B,A,B,C,B,A,B,A,A,B,A,C,A,B,B,C,A
210062605350,2024,2,F,1,1,1,2,0,1,0,3523107,Itaquaquecetuba,35,SP,E,E,F,B,6,B,C,A,B,C,A,A,B,A,B,B,A,B,A,B,A,E,A
210062606078,2024,2,F,1,3,1,3,0,,1,3523107,Itaquaquecetuba,35,SP,A,A,B,B,3,A,B,A,B,B,A,A,B,A,B,A,A,A,A,B,A,B,A
210062608914,2024,3,F,1,3,1,2,0,1,0,3523107,Itaquaquecetuba,35,SP,E,D,B,B,5,A,B,A,B,B,A,A,B,A,A,A,A,B,A,B,A,B,A
210062609268,2024,11,F,1,2,1,1,9,,0,3523107,Itaquaquecetuba,35,SP,D,C,B,B,7,B,E,A,B,C,A,A,B,A,B,B,A,B,A,B,A,E,A
210062611262,2024,16,F,2,3,1,1,18,,0,3523107,Itaquaquecetuba,35,SP,E,B,B,A,4,A,E,A,B,C,B,A,B,A,B,B,A,A,A,B,A,B,A
210062615954,2024,1,F,1,1,1,3,0,,1,3523107,Itaquaquecetuba,35,SP,E,G,C,D,4,A,C,A,B,D,A,A,B,A,B,B,A,B,B,B,B,D,A
210062616199,2024,13,M,2,1,1,1,0,,0,3523107,Itaquaquecetuba,35,SP,H,C,D,C,3,B,E,A,B,A,B,A,B,A,B,A,A,B,A,B,A,B,A
210062616628,2024,12,M,2,1,1,1,7,,0,3523107,Itaquaquecetuba,35,SP,B,B,C,B,4,B,D,A,B,B,A,A,B,A,A,A,A,B,A,B,B,C,A
210062616757,2024,2,M,1,2,1,3,0,,1,3523107,Itaquaquecetuba,35,SP,E,E,B,B,4,A,F,A,B,C,B,A,B,A,B,A,A,B,A,B,A,D,A
210062616953,2024,10,M,1,4,1,1,7,,0,3523107,Itaquaquecetuba,35,SP,C,E,C,B,4,A,C,A,B,B,B,A,B,A,A,B,A,B,A,A,A,C,A
210062617973,2024,6,F,1,1,1,1,2,,0,3523107,Itaquaquecetuba,35,SP,H,B,F,B,3,A,B,A,B,B,A,A,B,A,A,A,A,B,A,B,A,A,A
210062618307,2024,3,M,1,1,1,2,0,1,0,3523107,Itaquaquecetuba,35,SP,E,E,B,D,4,A,G,A,C,C,B,A,B,B,B,B,B,B,A,B,B,D,A
210062618563,2024,11,F,2,1,1,1,9,,0,3523107,Itaquaquecetuba,35,SP,B,D,D,C,7,B,F,A,B,C,A,A,B,A,B,A,A,B,A,B,A,E,A
210062619399,2024,15,F,2,1,1,1,18,,0,3523107,Itaquaquecetuba,35,SP,G,A,D,A,3,A,B,A,C,D,B,A,B,A,B,B,B,C,A,B,C,D,A
210062620184,2024,3,F,1,0,2,2,0,1,0,3523107,Itaquaquecetuba,35,SP,H,B,F,F,5,A,B,A,B,B,A,A,B,A,B,A,A,B,A,B,A,D,A
210062620220,2024,3,F,1,3,1,2,0,1,0,3523107,Itaquaquecetuba,35,SP,D,E,C,B,4,A,C,A,B,B,B,A,B,A,B,B,A,B,A,B,A,E,A
210062621945,2024,3,F,1,1,1,2,0,1,0,3523107,Itaquaquecetuba,35,SP,F,F,D,D,4,B,I,A,C,D,C,A,B,A,B,B,B,D,B,B,B,D,D
210062622664,2024,2,F,1,1,1,2,0,1,0,3523107,Itaquaquecetuba,35,SP,E,E,F,B,4,A,F,A,C,D,B,B,B,A,B,B,B,D,A,B,B,D,A
210062622882,2024,5,F,1,2,1,1,2,,0,3523107,Itaquaquecetuba,35,SP,D,D,C,C,4,A,B,A,B,C,A,A,B,A,B,B,A,B,A,B,A,C,A
210062623628,2024,4,F,1,1,1,1,1,,0,3523107,Itaquaquecetuba,35,SP,D,E,D,C,2,A,B,A,B,B,A,A,B,A,A,B,A,B,A,B,A,C,A
210062624203,2024,12,F,2,1,1,1,14,,0,3523107,Itaquaquecetuba,35,SP,D,C,E,B,2,A,F,A,B,B,B,A,B,A,B,B,B,B,A,B,B,C,A
210062625069,2024,4,F,1,2,1,1,2,,0,3523107,Itaquaquecetuba,35,SP,E,E,D,D,6,B,E,A,B,C,B,A,B,A,B,B,B,D,A,B,B,E,A
210062625402,2024,2,M,1,1,1,2,0,1,0,3523107,Itaquaquecetuba,35,SP,E,G,C,D,2,A,G,A,C,C,B,A,B,A,B,B,B,C,A,B,B,C,A
210062626285,2024,3,M,1,3,1,2,0,1,0,3523107,Itaquaquecetuba,35,SP,E,E,B,B,3,A,C,A,B,C,B,A,B,A,B,B,A,B,A,B,B,C,A
210062627930,2024,8,F,1,2,1,1,6,,0,3523107,Itaquaquecetuba,35,SP,H,D,F,B,5,B,E,A,B,B,B,A,A,A,A,B,A,B,A,B,A,E,A
210062630126,2024,3,M,1,3,1,2,0,1,0,3523107,Itaquaquecetuba,35,SP,H,E,F,B,3,A,B,A,B,B,A,A,B,A,A,A,A,A,A,A,A,D,A
210062630268,2024,13,F,2,1,1,1,17,,0,3523107,Itaquaquecetuba,35,SP,H,B,F,A,4,A,A,A,B,C,A,A,B,A,B,A,A,B,A,B,A,C,A
210062631369,2024,11,F,1,3,1,1,9,,0,3523107,Itaquaquecetuba,35,SP,A,C,C,C,1,A,A,A,B,B,A,A,B,A,B,B,B,B,A,B,B,B,A
210062633004,2024,5,F,1,3,1,1,2,,0,3523107,Itaquaquecetuba,35,SP,D,E,D,B,3,A,E,A,B,C,B,A,B,A,B,B,A,B,A,B,B,D,A
210062634653,2024,8,M,1,3,1,1,6,,0,3523107,Itaquaquecetuba,35,SP,F,B,D,B,3,B,F,A,B,D,A,A,B,A,B,A,A,B,A,B,B,D,A
210062634774,2024,6,F,1,3,1,1,4,,0,3523107,Itaquaquecetuba,35,SP,E,E,C,C,3,A,C,A,B,C,B,A,B,A,B,A,A,C,A,B,A,D,A
210062636848,2024,2,F,1,2,1,3,0,,1,3523107,Itaquaquecetuba,35,SP,E,G,D,D,4,A,B,A,B,C,A,A,B,A,B,B,A,B,A,B,B,D,A
210062638979,2024,3,F,1,1,1,2,0,1,0,3523107,Itaquaquecetuba,35,SP,E,C,C,F,4,A,C,A,B,C,B,A,B,B,B,A,A,B,A,B,A,E,A
210062640806,2024,2,M,1,3,1,2,0,1,0,3523107,Itaquaquecetuba,35,SP,E,E,C,C,4,A,A,A,B,C,B,A,B,A,A,A,A,B,A,B,A,C,A
210062642171,2024,1,F,1,1,1,3,0,,1,3523107,Itaquaquecetuba,35,SP,C,E,D,D,2,A,F,A,B,C,B,A,B,A,B,A,A,C,A,B,B,C,D
210062642193,2024,3,M,1,1,1,2,0,1,0,3523107,Itaquaquecetuba,35,SP,F,G,B,D,4,A,E,A,B,C,B,A,B,A,B,B,A,B,A,B,A,D,E
210062643919,2024,2,M,1,3,1,2,0,1,0,3523107,Itaquaquecetuba,35,SP,E,F,F,C,3,A,F,A,B,C,B,C,B,A,B,A,A,B,A,B,B,B,A
210062646729,2024,11,M,1,2,1,1,10,,0,3523107,Itaquaquecetuba,35,SP,B,E,B,B,2,A,B,A,A,A,A,A,B,A,A,A,A,B,A,A,A,B,A
210062647089,2024,2,F,1,3,1,2,0,1,0,3523107,Itaquaquecetuba,35,SP,D,C,F,F,3,A,D,A,B,B,C,A,B,A,B,B,A,C,A,B,B,D,A
210062647408,2024,3,F,1,3,1,2,0,1,0,3523107,Itaquaquecetuba,35,SP,E,E,B,B,6,B,A,A,B,B,A,A,B,A,B,A,A,B,A,B,A,C,A
210062648055,2024,1,F,1,3,1,3,0,,1,3523107,Itaquaquecetuba,35,SP,C,B,B,B,2,A,B,A,C,B,B,A,B,A,A,B,A,B,A,B,A,B,A
210062648257,2024,2,F,1,3,1,2,0,1,0,3523107,Itaquaquecetuba,35,SP,E,E,D,D,4,A,B,A,B,C,B,A,B,A,B,B,A,B,A,B,A,D,A
210062648747,2024,3,F,1,3,1,2,0,1,0,3523107,Itaquaquecetuba,35,SP,H,C,C,B,2,A,B,A,B,B,A,A,B,A,B,B,A,B,A,B,B,B,A
210062651094,2024,5,F,1,2,1,1,3,,0,3523107,Itaquaquecetuba,35,SP,A,C,A,A,3,A,B,A,B,B,A,A,B,A,A,A,A,B,A,A,A,A,A
210062651501,2024,3,F,3,3,1,2,0,1,0,3523107,Itaquaquecetuba,35,SP,E,F,C,D,4,A,E,A,B,B,B,A,B,A,B,B,B,B,B,B,B,B,A
210062652001,2024,2,F,1,3,1,2,0,1,0,3523107,Itaquaquecetuba,35,SP,B,E,D,B,7,B,A,A,B,C,B,A,B,A,B,B,B,B,A,B,B,D,A
210062653700,2024,5,F,1,1,1,1,3,,0,3523107,Itaquaquecetuba,35,SP,G,G,D,D,4,A,H,A,D,D,C,A,B,A,B,B,A,D,A,B,D,E,D
210062654729,2024,4,F,1,1,1,1,2,,0,3523107,Itaquaquecetuba,35,SP,E,F,F,B,2,A,B,A,C,C,B,A,B,A,B,B,B,B,A,B,B,B,A
210062655706,2024,5,M,1,2,1,1,2,,0,3523107,Itaquaquecetuba,35,SP,C,C,B,B,3,A,C,A,B,C,B,A,B,A,B,A,A,B,A,B,A,D,A
210062655872,2024,4,F,1,1,1,1,1,,0,3523107,Itaquaquecetuba,35,SP,H,E,B,B,3,A,C,A,B,C,B,A,B,A,B,B,A,C,A,B,B,C,A
210062659357,2024,6,M,1,1,1,1,4,,0,3523107,Itaquaquecetuba,35,SP,A,C,A,B,6,B,C,A,B,B,A,A,B,A,A,B,A,B,A,B,A,D,A
210062660078,2024,3,F,1,2,1,1,1,,0,3523107,Itaquaquecetuba,35,SP,G,G,D,D,4,A,G,A,C,C,B,A,B,A,B,B,B,D,A,B,C,E,A
210062660208,2024,3,F,1,3,1,2,0,1,0,3523107,Itaquaquecetuba,35,SP,C,H,C,B,5,A,A,A,C,D,A,A,B,A,B,B,A,C,B,B,A,E,A
210062664171,2024,7,M,1,3,1,1,5,,0,3523107,Itaquaquecetuba,35,SP,E,F,C,B,3,B,F,A,B,B,D,A,B,A,B,B,A,B,B,B,B,D,A
210062664746,2024,3,M,1,2,1,2,0,1,0,3523107,Itaquaquecetuba,35,SP,B,E,C,C,4,B,E,A,B,C,B,A,B,A,B,B,A,C,A,B,B,D,A
210062664968,2024,3,M,1,1,1,2,0,1,0,3523107,Itaquaquecetuba,35,SP,E,F,C,C,3,A,B,A,B,C,A,A,B,A,B,B,A,B,A,B,B,C,E
210062666120,2024,2,F,1,3,1,2,0,1,0,3523107,Itaquaquecetuba,35,SP,B,D,C,D,4,A,E,A,B,C,B,A,B,A,B,A,A,B,A,B,B,D,A
210062667854,2024,13,M,0,2,1,1,0,,0,3523107,Itaquaquecetuba,35,SP,B,D,B,B,3,B,B,A,B,B,B,A,B,A,B,B,B,B,A,B,B,C,A
210062671786,2024,2,M,1,2,1,2,0,1,0,3523107,Itaquaquecetuba,35,SP,E,F,D,D,3,A,E,A,B,C,C,A,B,A,B,B,A,B,A,B,B,D,A
210062671976,2024,3,M,1,2,1,2,0,1,0,3523107,Itaquaquecetuba,35,SP,E,E,C,B,5,A,C,A,B,A,B,A,B,A,A,B,A,B,A,B,A,E,A
210062673572,2024,5,F,1,1,1,1,1,,0,3523107,Itaquaquecetuba,35,SP,E,C,C,C,4,A,C,A,C,C,C,A,B,A,A,A,A,B,A,B,B,D,A
210062674468,2024,2,F,1,3,1,2,0,1,0,3523107,Itaquaquecetuba,35,SP,E,E,C,F,4,B,F,A,D,D,B,B,C,A,B,B,B,D,A,B,B,D,A
210062674968,2024,4,F,1,1,1,1,2,,0,3523107,Itaquaquecetuba,35,SP,B,C,C,B,4,A,C,A,B,C,A,A,B,A,A,B,A,B,A,B,B,E,A
210062676112,2024,9,M,1,3,1,1,7,,0,3523107,Itaquaquecetuba,35,SP,B,C,A,A,1,B,D,A,B,B,B,A,B,A,B,B,A,A,A,B,A,B,A
210062677882,2024,5,M,1,3,2,1,2,,0,3523107,Itaquaquecetuba,35,SP,D,E,C,D,1,B,B,A,B,A,A,A,B,A,A,A,A,B,A,A,B,B,A
210062678777,2024,4,M,1,3,1,1,2,,0,3523107,Itaquaquecetuba,35,SP,C,E,C,C,2,A,D,A,B,C,A,A,B,A,B,B,A,B,A,B,A,C,A
210062679632,2024,3,F,1,3,1,2,0,1,0,3523107,Itaquaquecetuba,35,SP,D,E,D,F,4,B,I,A,C,D,B,B,B,A,B,B,B,B,B,B,A,E,A
210062680401,2024,3,F,1,3,1,2,0,1,0,3523107,Itaquaquecetuba,35,SP,C,E,C,B,4,A,E,A,B,B,B,A,B,A,A,A,A,B,A,B,A,E,A
210062680813,2024,2,M,1,1,1,2,0,1,0,3523107,Itaquaquecetuba,35,SP,C,D,C,B,4,A,D,A,B,D,B,A,B,A,B,B,A,C,A,B,A,D,A
210062682029,2024,2,M,1,2,1,2,0,1,0,3523107,Itaquaquecetuba,35,SP,E,C,C,B,3,A,B,A,B,C,B,A,B,A,B,A,A,B,A,B,B,D,A
210062684404,2024,2,F,1,1,1,3,0,,1,3523107,Itaquaquecetuba,35,SP,G,E,D,D,4,B,I,A,C,D,B,A,B,A,B,B,B,C,A,B,B,E,A
210062685450,2024,4,F,1,2,1,1,2,,0,3523107,Itaquaquecetuba,35,SP,H,E,F,B,3,A,B,A,B,B,A,A,B,A,A,A,A,B,A,B,A,D,A
210062686707,2024,2,F,1,1,1,2,0,1,0,3523107,Itaquaquecetuba,35,SP,E,E,C,B,4,A,C,A,B,C,B,A,B,A,B,B,A,B,A,B,A,D,A
210062687756,2024,8,M,1,3,1,1,5,,0,3523107,Itaquaquecetuba,35,SP,E,E,C,B,3,A,C,A,B,B,A,A,B,A,B,B,A,C,A,B,B,D,A
210062688604,2024,11,M,1,3,1,1,10,,0,3523107,Itaquaquecetuba,35,SP,D,D,B,B,7,B,E,A,B,C,A,A,B,A,A,A,A,B,A,B,B,D,A
210062690170,2024,4,F,0,1,1,1,1,,0,3523107,Itaquaquecetuba,35,SP,H,H,B,B,2,A,A,A,B,B,A,A,B,A,B,B,A,B,A,B,A,B,A
210062690210,2024,2,F,1,1,1,3,0,,1,3523107,Itaquaquecetuba,35,SP,C,C,C,C,4,A,B,A,A,B,A,A,A,A,A,B,A,A,A,B,A,B,A
210062690225,2024,1,F,1,2,1,3,0,,1,3523107,Itaquaquecetuba,35,SP,H,E,C,D,3,A,B,A,B,C,A,A,B,A,B,A,A,B,A,B,B,D,A
210062692779,2024,2,M,1,3,1,2,0,1,0,3523107,Itaquaquecetuba,35,SP,C,G,C,E,5,A,D,A,B,D,A,A,B,A,B,B,A,C,A,B,A,D,A
210062693204,2024,3,F,0,1,1,2,0,1,0,3523107,Itaquaquecetuba,35,SP,C,C,B,B,4,A,C,A,B,D,B,B,B,B,B,B,B,D,B,B,C,E,D
210062697365,2024,11,M,0,3,1,1,8,,0,3523107,Itaquaquecetuba,35,SP,D,E,C,C,2,B,D,A,B,B,A,A,B,A,B,B,A,B,A,B,C,C,A
210062697368,2024,2,F,1,3,1,3,0,,1,3523107,Itaquaquecetuba,35,SP,D,E,C,B,2,B,D,A,C,C,B,A,B,A,B,B,B,B,A,B,B,C,A
210062697749,2024,2,F,1,3,1,2,0,1,0,3523107,Itaquaquecetuba,35,SP,H,C,B,F,3,A,C,A,B,C,B,A,B,A,B,B,A,B,A,B,B,D,A
210062698351,2024,5,F,1,1,1,1,0,,0,3523107,Itaquaquecetuba,35,SP,D,D,B,C,1,B,B,A,B,A,A,A,A,A,A,A,A,A,A,A,A,A,A
210062699619,2024,2,F,1,3,1,2,0,1,0,3523107,Itaquaquecetuba,35,SP,H,E,A,C,5,A,A,A,B,C,A,A,B,A,B,B,A,C,A,B,A,D,A
210062703385,2024,6,F,1,1,1,1,3,,0,3523107,Itaquaquecetuba,35,SP,B,A,B,B,3,B,B,A,B,B,A,A,B,A,A,A,A,A,A,A,A,B,A
210062704922,2024,2,F,1,3,1,2,0,1,0,3523107,Itaquaquecetuba,35,SP,E,G,D,F,3,A,J,A,B,A,B,A,B,A,B,A,A,C,A,B,B,D,A
210062705714,2024,2,F,1,3,1,3,0,,1,3523107,Itaquaquecetuba,35,SP,B,E,B,F,3,A,B,A,B,B,A,A,B,A,B,B,A,A,A,B,A,B,A
210062706906,2024,1,F,1,3,1,3,0,,1,3523107,Itaquaquecetuba,35,SP,A,E,C,B,3,B,B,A,C,D,B,A,B,A,B,B,B,D,B,B,B,D,A
210062710163,2024,12,F,1,2,1,1,14,,0,3523107,Itaquaquecetuba,35,SP,B,D,F,B,1,A,A,A,B,B,A,A,B,A,A,B,A,B,A,A,A,B,A
210062710705,2024,14,F,2,1,1,1,18,,0,3523107,Itaquaquecetuba,35,SP,C,C,A,A,3,B,C,A,B,B,B,A,B,A,A,B,A,B,A,B,B,C,A
210062716200,2024,3,M,2,3,0,2,0,1,0,3523107,Itaquaquecetuba,35,SP,H,H,F,F,7,A,A,A,A,A,A,A,A,A,A,A,A,A,A,A,A,A,A
210062717184,2024,2,F,1,2,1,2,0,1,0,3523107,Itaquaquecetuba,35,SP,E,E,C,C,4,A,C,A,C,D,B,A,B,A,A,B,A,C,A,B,B,D,A
210062717676,2024,2,M,1,3,1,2,0,1,0,3523107,Itaquaquecetuba,35,SP,B,F,F,D,2,B,E,A,B,C,B,A,B,A,B,B,A,B,A,B,B,C,A
210062718051,2024,4,F,1,1,1,1,2,,0,3523107,Itaquaquecetuba,35,SP,E,F,D,D,3,B,I,A,B,C,B,A,B,A,B,B,A,B,B,B,B,D,A
210062718419,2024,5,M,1,1,1,1,2,,0,3523107,Itaquaquecetuba,35,SP,F,E,D,F,4,A,G,A,C,D,C,A,B,A,B,B,B,D,B,B,B,E,A
210062719305,2024,11,F,1,1,1,4,0,,0,3523107,Itaquaquecetuba,35,SP,E,D,C,B,4,B,B,A,B,B,A,A,B,B,B,B,A,B,A,B,A,B,A
210062720528,2024,11,F,1,3,1,1,0,,0,3523107,Itaquaquecetuba,35,SP,E,F,F,B,3,A,B,A,B,C,B,A,B,A,B,B,A,B,A,B,B,C,A
210062720757,2024,2,M,1,1,1,2,0,1,0,3523107,Itaquaquecetuba,35,SP,H,E,C,F,4,B,D,A,C,C,B,A,B,A,B,A,B,C,A,B,C,E,A
210062721720,2024,4,M,0,1,1,2,0,1,0,3523107,Itaquaquecetuba,35,SP,B,D,C,B,2,B,C,A,B,B,A,A,B,A,A,A,A,B,A,B,A,B,A
210062723180,2024,5,F,1,3,1,1,3,,0,3523107,Itaquaquecetuba,35,SP,C,C,B,B,4,B,B,A,B,C,A,A,B,A,B,B,A,B,A,B,A,C,A
210062723811,2024,2,F,1,1,1,2,0,1,0,3523107,Itaquaquecetuba,35,SP,H,E,B,B,3,A,A,A,B,C,A,A,B,A,B,B,A,B,A,B,B,B,A
210062726065,2024,3,F,1,1,1,1,1,,0,3523107,Itaquaquecetuba,35,SP,E,E,C,D,5,A,I,A,C,D,B,A,B,A,B,B,A,B,A,B,B,E,A
210062726115,2024,13,M,1,2,1,1,18,,0,3523107,Itaquaquecetuba,35,SP,D,D,F,F,1,A,C,A,B,B,A,A,B,A,A,A,A,C,A,B,A,B,A
210062726204,2024,6,F,2,3,1,1,4,,0,3523107,Itaquaquecetuba,35,SP,E,F,C,D,5,A,C,A,C,D,C,A,B,A,B,B,B,D,B,B,C,E,A
210062727255,2024,1,F,1,3,1,3,0,,1,3523107,Itaquaquecetuba,35,SP,E,D,C,B,4,A,D,A,B,C,B,A,B,A,B,B,B,B,A,B,B,D,A
210062728737,2024,3,F,1,3,1,1,1,,0,3523107,Itaquaquecetuba,35,SP,E,F,C,D,6,A,E,A,B,C,B,A,B,A,A,A,A,B,A,B,B,D,A
210062729274,2024,5,F,1,2,1,1,3,,0,3523107,Itaquaquecetuba,35,SP,B,C,C,B,3,B,B,A,B,B,A,A,B,A,B,B,A,B,A,B,A,D,A
210062729319,2024,11,F,2,3,1,1,10,,0,3523107,Itaquaquecetuba,35,SP,D,E,C,B,5,A,B,A,B,B,A,A,B,A,B,B,B,B,A,B,A,B,A
210062731808,2024,3,F,1,1,1,2,0,1,0,3523107,Itaquaquecetuba,35,SP,G,G,C,B,4,A,H,D,C,C,C,B,C,B,B,B,A,D,B,B,C,E,D
210062732069,2024,4,M,1,1,1,1,0,,0,3523107,Itaquaquecetuba,35,SP,E,E,C,B,5,B,B,A,B,C,C,A,B,A,B,A,B,C,A,B,D,E,F
210062732441,2024,9,M,1,1,1,1,7,,0,3523107,Itaquaquecetuba,35,SP,D,E,C,C,4,B,D,A,C,D,B,A,B,B,B,B,A,C,A,B,C,E,A
210062732696,2024,6,F,1,2,1,1,3,,0,3523107,Itaquaquecetuba,35,SP,B,E,C,B,3,B,B,A,B,B,A,A,B,B,B,B,A,B,A,B,A,D,A
210062732745,2024,2,F,1,3,1,2,0,1,0,3523107,Itaquaquecetuba,35,SP,E,E,D,D,5,A,D,A,C,D,C,A,B,A,B,B,A,D,A,B,A,E,A
210062733237,2024,2,M,1,2,1,2,0,1,0,3523107,Itaquaquecetuba,35,SP,E,F,D,E,2,A,E,A,B,C,B,A,B,A,B,B,A,B,A,B,A,C,A
210062733917,2024,15,F,2,3,1,1,0,,0,3523107,Itaquaquecetuba,35,SP,B,C,C,C,3,B,D,A,B,C,B,A,B,A,B,B,A,A,A,B,B,D,A
210062735212,2024,4,F,1,1,1,1,1,,0,3523107,Itaquaquecetuba,35,SP,B,D,D,D,3,A,F,A,B,D,B,A,B,A,B,B,B,C,A,B,B,D,B
210062735856,2024,6,M,1,3,1,1,4,,0,3523107,Itaquaquecetuba,35,SP,C,E,C,C,2,A,B,A,B,C,A,A,B,A,B,B,A,B,A,B,B,C,A
210062736103,2024,3,M,1,3,1,2,0,1,0,3523107,Itaquaquecetuba,35,SP,C,F,E,E,4,A,F,A,B,C,A,A,B,A,B,B,A,B,A,B,B,E,A
210062736371,2024,2,M,1,1,1,2,0,1,0,3523107,Itaquaquecetuba,35,SP,D,E,B,B,5,A,C,A,B,C,A,A,B,A,B,B,A,C,A,B,B,E,A
210062737194,2024,5,F,1,2,1,1,2,,0,3523107,Itaquaquecetuba,35,SP,E,E,C,F,4,A,A,A,B,C,A,A,B,A,A,A,A,B,A,B,A,D,A
210062737435,2024,1,F,1,1,1,4,0,,0,3523107,Itaquaquecetuba,35,SP,F,E,D,D,2,A,E,A,C,C,B,A,B,A,B,B,A,B,A,B,A,B,D
210062737710,2024,3,M,1,1,1,2,0,1,0,3523107,Itaquaquecetuba,35,SP,H,E,F,C,6,A,C,A,B,C,A,A,B,A,B,B,A,C,A,B,B,E,A
210062739818,2024,2,M,1,1,1,2,0,1,0,3523107,Itaquaquecetuba,35,SP,E,E,C,F,3,A,D,A,B,C,B,A,B,A,B,A,A,B,A,B,B,C,A
210062742616,2024,3,M,1,2,1,2,0,1,0,3523107,Itaquaquecetuba,35,SP,F,E,C,B,3,A,G,A,B,C,B,A,B,A,B,B,A,D,A,B,B,D,A
210062742770,2024,3,F,1,3,1,2,0,1,0,3523107,Itaquaquecetuba,35,SP,F,D,F,B,4,A,C,A,B,B,A,A,B,A,A,B,A,B,A,B,B,D,A
210062744156,2024,3,F,1,1,1,2,0,1,0,3523107,Itaquaquecetuba,35,SP,E,E,F,B,3,A,B,A,B,C,A,A,B,A,B,A,A,C,A,B,B,D,A
210062744310,2024,4,M,1,1,1,1,2,,0,3523107,Itaquaquecetuba,35,SP,E,F,B,D,4,A,C,A,C,D,B,B,B,A,B,B,A,C,A,B,B,D,A
210062744927,2024,2,F,1,3,1,2,0,1,0,3523107,Itaquaquecetuba,35,SP,C,E,C,B,4,A,E,A,B,C,B,A,B,A,B,A,A,B,A,B,B,E,A
210062744998,2024,3,F,1,2,1,2,0,1,0,3523107,Itaquaquecetuba,35,SP,D,D,B,B,5,A,B,A,B,B,A,A,B,A,A,A,A,A,A,B,A,B,A
210062745904,2024,2,M,1,1,1,2,0,1,0,3523107,Itaquaquecetuba,35,SP,H,A,F,B,2,A,B,A,B,B,A,A,B,A,B,B,A,C,A,B,B,C,A
210062750298,2024,2,M,1,1,1,2,0,1,0,3523107,Itaquaquecetuba,35,SP,E,E,B,B,3,A,E,A,B,C,B,A,B,A,B,B,A,C,A,B,A,C,D
210062750918,2024,2,F,1,3,1,2,0,1,0,3523107,Itaquaquecetuba,35,SP,E,E,B,B,3,A,B,A,B,C,A,A,B,A,B,B,A,B,A,B,A,D,A
210062750985,2024,4,F,1,1,1,1,1,,0,3523107,Itaquaquecetuba,35,SP,F,F,D,D,3,B,C,A,B,C,B,B,B,B,B,B,B,D,B,B,D,D,A
210062751784,2024,3,F,1,3,1,2,0,1,0,3523107,Itaquaquecetuba,35,SP,D,D,B,B,3,A,B,A,B,B,A,A,B,A,B,A,A,B,A,B,A,D,A
210062752183,2024,15,F,1,3,1,1,18,,0,3523107,Itaquaquecetuba,35,SP,A,D,B,B,5,B,D,A,D,D,B,A,B,A,B,B,A,C,A,B,B,B,A
210062752903,2024,2,F,1,2,1,3,0,,1,3523107,Itaquaquecetuba,35,SP,B,E,B,B,11,A,C,A,C,C,A,A,B,A,A,A,A,B,A,B,A,E,A
210062753768,2024,5,F,1,3,1,1,3,,0,3523107,Itaquaquecetuba,35,SP,E,G,D,D,3,B,G,A,B,C,B,A,B,A,B,A,A,B,A,B,A,D,A
210062755756,2024,12,M,2,3,1,1,18,,0,3523107,Itaquaquecetuba,35,SP,E,B,C,F,2,B,E,A,B,C,A,A,B,B,B,B,A,B,B,B,A,B,A
210062756615,2024,3,M,1,3,1,2,0,1,0,3523107,Itaquaquecetuba,35,SP,E,E,A,B,4,B,B,A,B,B,A,A,B,B,A,B,A,B,A,B,A,D,A
210062757430,2024,6,M,1,1,1,1,3,,0,3523107,Itaquaquecetuba,35,SP,H,G,D,D,6,A,H,A,B,C,B,A,B,A,B,B,A,B,A,B,A,E,A
210062757574,2024,2,F,1,2,1,2,0,1,0,3523107,Itaquaquecetuba,35,SP,H,H,F,F,4,B,B,A,C,C,A,A,B,A,B,B,A,C,B,B,A,D,A
210062758212,2024,11,M,1,2,1,1,10,,0,3523107,Itaquaquecetuba,35,SP,B,E,F,F,1,B,B,A,B,C,A,A,B,A,B,B,A,A,A,B,A,B,A
210062758830,2024,9,M,1,3,1,1,7,,0,3523107,Itaquaquecetuba,35,SP,C,C,F,F,3,B,E,A,B,C,A,A,B,A,B,A,A,B,A,B,C,D,A
210062758932,2024,13,M,0,1,1,1,18,,0,3523107,Itaquaquecetuba,35,SP,C,D,C,B,4,B,K,A,C,C,B,A,B,A,B,B,B,D,A,B,B,E,A
210062759076,2024,11,F,1,3,1,1,10,,0,3523107,Itaquaquecetuba,35,SP,H,D,B,B,3,A,B,A,B,B,A,A,B,A,B,B,A,B,B,B,A,B,A
210062760793,2024,10,M,1,3,3,1,7,,0,3523107,Itaquaquecetuba,35,SP,C,B,C,C,4,A,D,A,C,D,A,A,B,A,A,A,A,B,A,B,B,D,A
210062761534,2024,3,M,0,3,1,2,0,1,0,3523107,Itaquaquecetuba,35,SP,F,E,F,F,5,A,E,A,B,C,B,B,B,A,B,B,A,B,A,B,A,C,A
210062764523,2024,9,M,1,1,1,1,7,,0,3523107,Itaquaquecetuba,35,SP,E,B,A,A,3,B,C,A,B,C,B,B,B,A,B,B,B,B,A,B,B,D,A
210062765284,2024,5,M,1,2,1,1,2,,0,3523107,Itaquaquecetuba,35,SP,E,F,C,F,4,B,I,A,C,C,B,A,B,A,B,B,A,B,A,B,B,B,A
210062766433,2024,3,M,1,2,1,2,0,1,0,3523107,Itaquaquecetuba,35,SP,E,E,D,D,5,A,F,A,B,C,C,A,B,A,B,B,B,B,A,B,B,D,A
210062767319,2024,11,M,1,3,1,1,9,,0,3523107,Itaquaquecetuba,35,SP,F,G,E,D,4,B,E,A,B,C,B,B,C,A,B,A,A,B,A,B,C,C,A
210062768667,2024,3,M,1,2,1,2,0,1,0,3523107,Itaquaquecetuba,35,SP,C,C,B,B,3,A,A,B,C,C,A,A,B,A,B,B,B,C,B,B,B,B,A
210062769222,2024,2,M,1,3,1,2,0,1,0,3523107,Itaquaquecetuba,35,SP,D,E,F,F,6,A,B,A,B,C,A,A,B,A,B,A,A,B,A,B,C,E,A
210062770749,2024,4,F,1,1,1,1,2,,0,3523107,Itaquaquecetuba,35,SP,H,H,F,B,4,B,B,A,B,B,A,A,B,A,A,A,A,B,A,B,B,B,A
210062772993,2024,11,F,1,1,1,1,10,,0,3523107,Itaquaquecetuba,35,SP,B,B,A,A,3,A,B,A,C,C,B,A,B,A,B,B,A,B,A,B,B,B,A
210062774236,2024,8,M,1,3,1,1,6,,0,3523107,Itaquaquecetuba,35,SP,E,C,C,B,4,A,B,A,B,C,A,B,B,A,B,B,A,C,A,B,B,E,A
210062775795,2024,12,M,2,4,1,1,14,,0,3523107,Itaquaquecetuba,35,SP,H,H,C,A,3,B,E,A,B,C,B,A,B,A,B,B,A,B,A,B,B,D,A
210062776552,2024,13,M,2,3,1,1,0,,0,3523107,Itaquaquecetuba,35,SP,E,D,B,B,3,A,B,A,B,B,B,A,B,A,B,A,B,A,A,A,A,C,A
210062776848,2024,6,F,1,3,1,1,3,,0,3523107,Itaquaquecetuba,35,SP,B,E,C,F,4,B,B,A,B,B,A,A,B,A,A,B,A,B,A,B,A,C,A
210062779067,2024,8,M,2,2,1,1,6,,0,3523107,Itaquaquecetuba,35,SP,H,E,F,F,3,B,E,A,B,B,A,A,B,A,B,A,A,B,A,B,B,C,A
210062779171,2024,3,M,1,1,1,2,0,1,0,3523107,Itaquaquecetuba,35,SP,H,H,F,F,3,A,D,A,B,C,B,A,B,A,B,B,A,B,A,B,A,B,A
210062779635,2024,11,F,1,3,1,1,10,,0,3523107,Itaquaquecetuba,35,SP,C,F,C,B,2,A,E,A,B,B,A,A,B,A,B,B,A,B,A,B,A,C,A
210062781324,2024,3,M,1,2,1,2,0,1,0,3523107,Itaquaquecetuba,35,SP,B,B,C,B,6,A,B,A,B,C,A,A,B,A,A,B,A,B,A,B,A,E,A
210062782778,2024,2,F,1,1,1,2,0,1,0,3523107,Itaquaquecetuba,35,SP,H,E,F,B,3,A,C,A,C,C,A,A,B,A,B,A,A,B,A,B,B,D,A
210062783674,2024,2,M,1,1,1,2,0,1,0,3523107,Itaquaquecetuba,35,SP,B,F,C,D,3,A,E,A,C,C,A,A,B,A,B,A,A,A,A,B,B,D,A
210062783869,2024,6,F,0,3,1,1,2,,0,3523107,Itaquaquecetuba,35,SP,B,C,A,F,3,A,B,A,B,C,A,A,B,A,A,A,A,B,A,B,A,D,A
210062785116,2024,2,F,1,1,1,2,0,1,0,3523107,Itaquaquecetuba,35,SP,F,E,C,C,3,A,B,A,B,C,B,A,B,A,B,A,A,B,A,B,B,D,A
210062786552,2024,2,F,1,3,1,3,0,,1,3523107,Itaquaquecetuba,35,SP,E,E,C,B,4,B,C,A,C,C,B,A,B,A,B,B,B,A,A,B,B,E,A
210062787735,2024,3,F,1,1,1,2,0,1,0,3523107,Itaquaquecetuba,35,SP,D,C,F,C,2,A,B,A,B,C,A,A,B,A,B,B,A,A,A,B,B,B,A
210062788161,2024,12,F,1,3,1,1,0,,0,3523107,Itaquaquecetuba,35,SP,B,C,F,B,4,A,A,A,B,B,A,A,B,A,A,A,A,B,A,B,A,B,A
210062791096,2024,2,F,1,3,1,2,0,1,0,3523107,Itaquaquecetuba,35,SP,E,E,C,D,3,A,F,A,C,C,B,A,B,A,B,B,A,C,A,B,B,D,D
210062794707,2024,5,F,1,0,1,1,2,,0,3523107,Itaquaquecetuba,35,SP,E,E,B,B,3,B,C,A,B,B,B,A,B,A,B,B,A,B,A,B,A,C,A
210062795525,2024,13,M,1,1,1,1,16,,0,3523107,Itaquaquecetuba,35,SP,B,E,B,B,1,B,B,A,B,B,A,A,A,A,A,A,A,A,A,A,B,B,A
210062796791,2024,3,F,1,1,1,2,0,1,0,3523107,Itaquaquecetuba,35,SP,D,D,C,B,3,A,B,A,B,C,A,A,B,A,B,B,A,B,A,B,B,D,A
210062798688,2024,12,F,1,3,1,1,2,,0,3523107,Itaquaquecetuba,35,SP,A,A,B,B,4,B,C,A,B,B,A,A,B,A,A,A,A,B,A,B,A,B,A
210062798814,2024,3,F,1,1,1,2,0,1,0,3523107,Itaquaquecetuba,35,SP,F,E,D,B,4,A,J,A,B,B,B,A,B,A,B,B,A,B,A,B,B,E,D
210062798947,2024,3,M,1,2,1,2,0,1,0,3523107,Itaquaquecetuba,35,SP,B,B,C,A,4,A,C,A,B,D,B,A,B,A,B,A,A,C,A,B,C,E,A
210062799874,2024,7,M,1,3,1,1,4,,0,3523107,Itaquaquecetuba,35,SP,E,F,F,B,2,B,B,A,B,B,B,A,B,A,A,A,A,B,A,A,A,C,A
210062801630,2024,15,F,0,1,1,1,0,,0,3523107,Itaquaquecetuba,35,SP,E,A,A,A,3,B,D,A,B,B,A,A,B,A,A,A,A,B,A,B,A,B,A
210062802066,2024,3,M,1,1,1,2,0,1,0,3523107,Itaquaquecetuba,35,SP,G,B,D,B,3,A,C,A,B,B,A,A,B,A,B,A,A,B,A,B,B,C,A
210062802526,2024,2,F,1,3,1,3,0,,1,3523107,Itaquaquecetuba,35,SP,B,D,B,B,5,A,C,A,B,C,A,A,B,A,B,B,A,A,A,B,A,C,A
210062803428,2024,4,F,1,1,1,1,2,,0,3523107,Itaquaquecetuba,35,SP,B,B,C,B,3,A,B,A,B,C,B,A,B,A,B,B,B,B,A,B,A,B,A
210062804113,2024,1,F,1,1,1,3,0,,1,3523107,Itaquaquecetuba,35,SP,E,E,D,D,4,A,G,A,B,C,B,A,B,A,B,B,A,B,A,B,B,D,D
210062809262,2024,3,F,1,1,1,2,0,1,0,3523107,Itaquaquecetuba,35,SP,C,E,C,B,4,A,C,A,B,C,B,A,B,A,A,A,A,B,A,B,A,E,A
210062812267,2024,4,M,1,1,1,2,0,1,0,3523107,Itaquaquecetuba,35,SP,H,H,D,C,4,B,C,A,C,C,B,A,B,A,B,B,B,C,A,B,C,D,C
210062814001,2024,3,F,1,2,1,2,0,1,0,3523107,Itaquaquecetuba,35,SP,A,C,C,F,5,B,B,A,B,B,A,A,B,A,B,A,A,B,A,B,B,D,A
210062814002,2024,3,M,1,3,1,2,0,1,0,3523107,Itaquaquecetuba,35,SP,E,D,C,C,3,A,B,A,B,C,B,A,B,A,B,B,B,D,A,B,B,E,A
210062815162,2024,8,M,1,1,1,1,4,,0,3523107,Itaquaquecetuba,35,SP,H,H,C,B,3,A,C,A,B,C,B,A,B,A,B,A,A,B,A,A,B,C,A
210062815821,2024,3,F,1,3,1,2,0,1,0,3523107,Itaquaquecetuba,35,SP,D,G,D,D,3,A,G,A,B,D,B,A,B,A,B,B,B,B,A,B,A,C,A
210062816361,2024,2,F,1,3,1,3,0,,1,3523107,Itaquaquecetuba,35,SP,C,D,C,C,5,A,G,A,B,D,A,A,B,B,B,A,A,B,A,B,A,D,A
210062817570,2024,6,F,1,3,1,1,3,,0,3523107,Itaquaquecetuba,35,SP,B,C,C,B,7,B,E,A,B,C,A,A,B,A,A,B,A,B,A,B,B,E,A
210062817843,2024,3,F,1,2,1,2,0,1,0,3523107,Itaquaquecetuba,35,SP,H,C,F,F,3,A,B,A,B,B,A,A,B,A,B,B,A,B,A,B,A,B,A
210062819604,2024,2,M,1,3,1,2,0,1,0,3523107,Itaquaquecetuba,35,SP,C,C,F,F,4,A,B,A,B,B,A,A,B,A,A,A,A,B,A,B,A,C,A
210062819950,2024,1,F,1,2,1,3,0,,1,3523107,Itaquaquecetuba,35,SP,H,H,F,B,2,A,B,A,B,C,A,A,B,A,B,B,A,B,A,B,B,C,A
210062820117,2024,3,F,1,2,1,2,0,1,0,3523107,Itaquaquecetuba,35,SP,H,G,F,B,4,A,C,A,B,C,B,A,B,A,B,B,B,D,A,B,C,D,A
210062822602,2024,3,M,1,5,1,2,0,1,0,3523107,Itaquaquecetuba,35,SP,A,H,F,F,5,A,B,B,C,D,A,A,B,B,A,A,A,B,B,B,B,E,A
210062823454,2024,2,M,1,3,1,2,0,1,0,3523107,Itaquaquecetuba,35,SP,E,E,B,F,3,A,C,A,B,C,B,A,B,B,B,A,A,A,A,B,B,D,A
210062824837,2024,3,M,1,1,1,2,0,1,0,3523107,Itaquaquecetuba,35,SP,E,C,F,F,6,A,B,A,B,D,A,A,B,A,B,A,A,A,A,B,B,E,A
210062826028,2024,2,F,0,1,1,3,0,,1,3523107,Itaquaquecetuba,35,SP,E,E,C,B,4,A,G,A,D,D,B,B,B,A,B,B,B,C,A,B,B,D,E
210062826587,2024,3,M,1,3,1,2,0,1,0,3523107,Itaquaquecetuba,35,SP,H,H,F,F,7,A,A,B,B,B,A,A,A,A,A,A,A,A,A,B,A,C,A
210062827597,2024,3,F,1,3,1,2,0,1,0,3523107,Itaquaquecetuba,35,SP,C,B,F,B,5,B,A,A,B,C,B,A,B,B,B,B,A,C,B,B,A,E,A
210062828054,2024,3,F,1,3,1,2,0,1,0,3523107,Itaquaquecetuba,35,SP,B,D,F,B,5,A,A,A,B,C,A,A,A,A,B,A,A,A,A,A,A,E,A
210062828640,2024,14,M,1,3,1,1,18,,0,3523107,Itaquaquecetuba,35,SP,C,F,B,D,1,B,D,A,C,C,A,A,B,A,B,A,A,B,A,B,A,B,A
210062829938,2024,4,F,1,1,1,2,0,1,0,3523107,Itaquaquecetuba,35,SP,E,D,C,C,4,B,B,A,B,C,A,B,B,A,B,A,A,B,A,B,A,D,A
210062831587,2024,3,F,1,2,1,2,0,1,0,3523107,Itaquaquecetuba,35,SP,H,E,F,D,2,A,A,A,D,D,B,A,B,A,B,B,A,B,A,B,B,C,A
210062832422,2024,2,F,1,3,1,2,0,1,0,3523107,Itaquaquecetuba,35,SP,H,D,F,C,3,A,C,A,B,B,A,A,B,A,A,A,A,A,B,B,A,D,A
210062835441,2024,2,M,1,3,1,2,0,1,0,3523107,Itaquaquecetuba,35,SP,H,D,C,B,5,B,F,A,B,B,A,A,C,A,B,A,A,B,A,B,B,E,A
210062835805,2024,3,F,1,3,1,2,0,1,0,3523107,Itaquaquecetuba,35,SP,C,C,B,B,3,A,B,A,B,B,A,A,B,A,B,A,A,B,A,A,A,D,A
210062835952,2024,4,M,1,1,1,1,1,,0,3523107,Itaquaquecetuba,35,SP,A,A,C,F,2,A,B,A,B,B,A,A,B,A,A,B,A,B,A,B,A,C,A
210062836944,2024,3,F,1,3,1,2,0,2,0,3523107,Itaquaquecetuba,35,SP,B,B,F,F,3,A,A,A,B,B,B,A,B,A,A,A,A,B,A,B,A,B,A
210062837214,2024,6,F,1,3,1,1,3,,0,3523107,Itaquaquecetuba,35,SP,D,D,F,B,4,A,B,A,B,B,A,A,B,A,A,A,A,B,A,B,A,C,A
210062837488,2024,5,M,1,3,1,1,3,,0,3523107,Itaquaquecetuba,35,SP,B,D,B,B,3,B,D,A,B,C,B,A,B,A,B,B,A,B,A,B,A,D,A
210062837856,2024,6,F,1,3,1,1,3,,0,3523107,Itaquaquecetuba,35,SP,C,E,C,B,3,A,C,A,B,C,A,A,B,A,B,A,A,C,A,B,A,D,A
210062839407,2024,3,F,1,3,1,2,0,1,0,3523107,Itaquaquecetuba,35,SP,D,E,F,B,3,B,B,A,B,C,A,A,B,A,B,A,A,B,A,B,A,C,A
210062839601,2024,7,M,1,3,1,1,5,,0,3523107,Itaquaquecetuba,35,SP,E,G,C,D,4,A,C,A,B,C,A,A,B,A,B,A,A,B,A,B,B,D,A
210062843663,2024,3,F,1,3,1,2,0,1,0,3523107,Itaquaquecetuba,35,SP,E,E,C,B,3,A,D,A,B,C,B,A,B,A,B,A,A,B,A,B,A,D,A
210062843886,2024,2,M,1,3,1,2,0,1,0,3523107,Itaquaquecetuba,35,SP,H,E,C,C,4,A,G,A,C,C,B,A,B,A,B,B,B,C,A,B,B,E,A
210062843960,2024,2,M,1,1,1,2,0,1,0,3523107,Itaquaquecetuba,35,SP,E,G,D,D,3,A,I,A,D,D,D,A,B,B,B,B,B,D,A,B,C,D,E
210062844385,2024,3,M,1,3,1,2,0,1,0,3523107,Itaquaquecetuba,35,SP,E,E,C,A,4,B,C,A,B,C,B,A,B,B,B,B,B,C,A,B,B,E,A
210062845736,2024,2,F,1,1,1,3,0,,1,3523107,Itaquaquecetuba,35,SP,D,E,B,B,2,B,B,A,B,B,A,A,B,A,B,B,A,B,A,B,A,B,A
210062845899,2024,3,F,1,3,1,2,0,1,0,3523107,Itaquaquecetuba,35,SP,D,E,B,B,3,A,C,A,B,C,B,A,B,A,B,B,A,B,A,B,A,D,A
210062845940,2024,2,F,1,1,1,2,0,1,0,3523107,Itaquaquecetuba,35,SP,E,G,F,D,4,A,F,A,D,D,C,A,B,A,B,B,A,B,A,B,B,E,A
210062846169,2024,5,M,0,2,1,1,2,,0,3523107,Itaquaquecetuba,35,SP,H,H,C,F,3,B,C,A,B,C,A,A,B,A,B,B,A,B,A,B,B,E,A
210062846720,2024,4,F,1,1,1,2,0,1,0,3523107,Itaquaquecetuba,35,SP,E,E,D,B,3,A,C,A,B,C,A,A,B,A,B,A,A,A,A,B,B,B,A
210062847381,2024,3,M,1,1,1,2,0,1,0,3523107,Itaquaquecetuba,35,SP,F,F,D,B,4,A,C,A,B,C,B,A,B,B,B,B,A,A,A,B,B,C,A
210062847784,2024,2,M,1,2,1,2,0,1,0,3523107,Itaquaquecetuba,35,SP,H,E,F,C,7,B,B,A,C,C,A,A,B,A,B,B,A,C,B,B,A,D,A
210062847953,2024,12,M,1,3,1,1,0,,0,3523107,Itaquaquecetuba,35,SP,B,C,F,C,2,B,C,A,B,B,A,A,B,A,A,A,A,B,A,A,A,B,A
210062848703,2024,12,F,1,1,1,1,15,,0,3523107,Itaquaquecetuba,35,SP,E,B,C,B,2,A,B,A,B,C,B,A,B,A,B,B,B,B,A,B,B,B,A
210062849541,2024,3,F,1,2,1,2,0,1,0,3523107,Itaquaquecetuba,35,SP,E,D,D,D,4,B,E,A,B,A,B,A,B,A,B,A,A,B,B,B,C,D,A
210062849546,2024,2,F,1,1,1,2,0,1,0,3523107,Itaquaquecetuba,35,SP,E,E,D,D,3,A,D,A,B,C,A,A,B,A,B,B,A,C,A,B,B,E,A
210062850013,2024,4,F,1,2,1,1,2,,0,3523107,Itaquaquecetuba,35,SP,B,E,C,D,4,B,H,A,B,B,B,A,B,A,B,B,A,B,A,B,A,E,E
210062850035,2024,3,F,1,2,1,2,0,1,0,3523107,Itaquaquecetuba,35,SP,B,E,E,F,4,A,E,A,B,C,B,A,B,A,B,B,B,B,A,B,B,E,A
210062850494,2024,3,F,1,3,1,2,0,1,0,3523107,Itaquaquecetuba,35,SP,E,E,B,F,4,A,C,A,B,D,A,A,B,A,B,B,A,B,A,B,A,D,A
210062850495,2024,3,F,1,1,1,2,0,1,0,3523107,Itaquaquecetuba,35,SP,H,B,D,B,4,A,F,A,B,C,B,A,B,A,B,B,A,C,A,B,A,D,A
210062850880,2024,2,F,1,3,1,2,0,1,0,3523107,Itaquaquecetuba,35,SP,D,E,C,C,5,A,D,A,B,C,B,A,B,A,B,A,A,B,A,B,A,E,A
210062851129,2024,3,M,1,2,1,2,0,1,0,3523107,Itaquaquecetuba,35,SP,D,D,B,B,2,A,C,A,B,B,A,A,B,A,A,A,A,A,A,A,A,C,A
210062851210,2024,4,F,1,1,1,1,1,,0,3523107,Itaquaquecetuba,35,SP,C,D,F,F,1,B,C,A,B,A,A,A,B,A,A,A,A,A,A,B,A,B,A
210062851315,2024,3,M,1,3,1,1,1,,0,3523107,Itaquaquecetuba,35,SP,B,E,B,B,6,B,C,A,B,B,A,A,B,A,B,A,A,A,A,B,A,B,A
210062851540,2024,3,F,1,3,1,2,0,1,0,3523107,Itaquaquecetuba,35,SP,G,G,D,D,5,A,I,A,C,C,B,A,B,A,B,B,B,D,B,B,D,E,D
210062852021,2024,13,F,1,3,1,1,5,,0,3523107,Itaquaquecetuba,35,SP,B,B,B,B,2,B,C,A,B,C,B,A,B,A,B,A,A,B,A,B,B,C,A
210062852530,2024,3,F,1,1,1,2,0,1,0,3523107,Itaquaquecetuba,35,SP,E,D,C,A,3,A,B,A,B,B,A,A,B,A,B,B,A,B,A,B,A,D,A
210062852724,2024,4,M,1,3,1,2,0,1,0,3523107,Itaquaquecetuba,35,SP,E,E,F,B,7,A,B,A,A,C,B,B,B,A,A,B,A,B,A,B,A,D,B
210062856240,2024,4,M,1,3,1,1,2,,0,3523107,Itaquaquecetuba,35,SP,E,E,D,B,3,A,D,A,C,C,B,A,B,A,B,B,A,D,A,B,C,D,A
210062856451,2024,4,M,1,1,1,1,1,,0,3523107,Itaquaquecetuba,35,SP,C,D,C,F,3,A,F,A,C,C,B,A,B,A,B,B,A,C,A,B,B,D,A
210062866443,2024,4,F,1,1,1,1,2,,0,3523107,Itaquaquecetuba,35,SP,H,E,F,C,2,A,C,A,B,B,A,A,B,A,B,B,A,B,A,B,B,C,A
210062867687,2024,9,F,1,1,1,3,0,,1,3523107,Itaquaquecetuba,35,SP,B,E,D,B,1,B,B,A,B,B,A,A,B,A,A,B,A,B,A,B,A,B,B
210062867952,2024,3,F,1,1,1,2,0,1,0,3523107,Itaquaquecetuba,35,SP,C,G,B,D,4,B,E,A,D,C,B,A,C,A,B,B,B,D,A,B,C,E,A
210062868125,2024,2,F,1,1,1,2,0,1,0,3523107,Itaquaquecetuba,35,SP,H,E,C,D,4,A,C,A,B,B,A,A,B,A,A,B,A,A,A,B,A,C,A
210062868242,2024,3,F,1,1,1,2,0,1,0,3523107,Itaquaquecetuba,35,SP,D,F,B,B,4,A,C,A,B,B,C,B,B,A,B,B,B,B,A,B,B,E,A
210062868274,2024,5,F,1,3,1,1,2,,0,3523107,Itaquaquecetuba,35,SP,D,E,B,B,5,B,C,A,B,C,A,A,B,A,A,A,A,B,A,B,A,B,A
210062868875,2024,3,M,1,1,1,2,0,1,0,3523107,Itaquaquecetuba,35,SP,F,G,D,F,4,A,K,A,C,D,B,A,B,A,B,B,B,C,A,B,B,E,A
210062869144,2024,3,F,1,3,1,2,0,1,0,3523107,Itaquaquecetuba,35,SP,D,E,C,E,4,A,B,A,B,C,A,A,B,A,B,B,B,C,A,B,B,E,A
210062869847,2024,2,F,1,3,1,2,0,1,0,3523107,Itaquaquecetuba,35,SP,A,E,F,D,4,A,B,A,B,A,A,A,B,A,A,A,A,B,A,A,A,C,A
210062870669,2024,2,M,1,2,1,2,0,1,0,3523107,Itaquaquecetuba,35,SP,H,H,C,C,5,A,C,A,B,C,B,A,B,A,B,A,A,A,A,B,A,B,A
210062871220,2024,3,M,1,3,1,1,0,,0,3523107,Itaquaquecetuba,35,SP,C,D,F,B,6,B,F,A,B,B,B,A,B,A,A,B,A,B,B,B,B,D,A
210062871362,2024,3,F,1,1,1,2,0,1,0,3523107,Itaquaquecetuba,35,SP,H,E,C,B,2,A,B,A,B,B,A,A,B,A,B,A,A,B,B,B,A,B,A
210062873561,2024,11,F,1,1,1,1,12,,0,3523107,Itaquaquecetuba,35,SP,C,D,C,B,5,B,G,A,C,D,D,B,B,A,B,B,B,B,A,B,B,D,A
210062873935,2024,3,M,1,3,1,2,0,1,0,3523107,Itaquaquecetuba,35,SP,E,D,C,B,4,A,B,A,B,C,B,A,B,A,B,B,A,C,A,B,A,D,A
210062879534,2024,2,F,1,3,1,2,0,1,0,3523107,Itaquaquecetuba,35,SP,H,E,C,B,5,A,B,A,B,C,A,A,B,A,B,A,A,B,A,B,A,D,A
210062882564,2024,2,F,1,2,1,2,0,1,0,3523107,Itaquaquecetuba,35,SP,E,D,B,B,4,A,C,A,B,B,A,A,B,A,A,B,A,B,A,B,A,D,A
210062882861,2024,3,F,1,5,1,2,0,1,0,3523107,Itaquaquecetuba,35,SP,E,E,B,D,4,A,E,A,B,C,B,A,B,A,B,B,A,B,A,B,A,E,A
210062883964,2024,3,F,1,1,1,2,0,1,0,3523107,Itaquaquecetuba,35,SP,G,E,F,F,4,A,G,A,B,C,B,A,B,A,B,B,A,B,A,B,B,E,A
210062884003,2024,3,M,1,2,1,2,0,1,0,3523107,Itaquaquecetuba,35,SP,E,B,C,F,4,A,C,A,C,C,B,B,B,A,B,A,A,C,A,B,A,D,A
210062885634,2024,15,M,1,1,1,1,18,,0,3523107,Itaquaquecetuba,35,SP,H,A,F,B,2,B,B,A,C,C,A,B,C,B,B,B,A,D,A,B,B,B,A
210062887193,2024,11,F,1,1,1,1,10,,0,3523107,Itaquaquecetuba,35,SP,B,B,C,B,4,B,D,A,B,C,A,A,B,A,B,B,A,D,A,B,B,D,A
210062887388,2024,10,F,1,3,1,1,6,,0,3523107,Itaquaquecetuba,35,SP,B,B,B,B,4,B,B,A,B,B,A,A,B,A,B,A,A,A,A,A,B,D,A
210062888778,2024,3,F,1,1,1,2,0,1,0,3523107,Itaquaquecetuba,35,SP,B,B,F,F,12,A,A,A,C,C,A,A,B,A,B,B,A,B,A,B,A,E,A
210062891349,2024,6,F,1,3,1,1,3,,0,3523107,Itaquaquecetuba,35,SP,B,D,F,B,3,B,B,A,B,C,A,A,B,A,B,A,A,A,A,A,B,C,A
210062891471,2024,4,F,1,1,1,1,1,,0,3523107,Itaquaquecetuba,35,SP,E,E,B,B,3,A,B,A,B,B,A,A,B,A,B,A,A,B,A,B,A,B,A
210062893165,2024,2,F,1,3,1,3,0,,1,3523107,Itaquaquecetuba,35,SP,E,E,C,C,4,A,F,A,C,D,B,A,B,A,B,B,B,C,A,B,B,D,A
210062897835,2024,15,F,2,1,1,1,18,,0,3523107,Itaquaquecetuba,35,SP,D,E,B,B,3,A,C,A,B,C,A,A,B,A,A,B,A,B,A,B,B,C,A
210062897851,2024,2,F,1,1,1,2,0,1,0,3523107,Itaquaquecetuba,35,SP,G,D,A,C,4,A,E,A,B,B,A,A,B,A,B,B,A,B,B,B,A,D,A
210062898845,2024,3,M,1,3,1,2,0,1,0,3523107,Itaquaquecetuba,35,SP,D,C,C,B,5,A,C,A,B,C,C,A,B,A,A,B,A,A,A,B,B,E,A
210062898878,2024,4,M,1,3,3,1,1,,0,3523107,Itaquaquecetuba,35,SP,D,E,C,C,6,B,C,A,C,C,A,A,B,B,A,A,A,B,A,B,B,D,A
210062900202,2024,4,M,1,1,1,1,1,,0,3523107,Itaquaquecetuba,35,SP,E,E,D,B,4,A,C,A,B,C,B,A,B,A,B,B,B,C,A,B,A,E,A
210062900764,2024,3,F,1,3,1,2,0,1,0,3523107,Itaquaquecetuba,35,SP,D,D,C,B,3,A,C,A,B,C,B,A,B,A,B,B,A,D,A,B,A,D,A
210062905718,2024,3,F,1,2,1,2,0,,0,3523107,Itaquaquecetuba,35,SP,E,E,B,B,5,A,B,A,B,B,A,A,B,A,B,B,A,B,A,B,A,D,A
210062906433,2024,3,F,1,3,1,2,0,1,0,3523107,Itaquaquecetuba,35,SP,E,E,D,D,3,A,Q,A,D,D,C,A,B,A,B,B,A,D,B,B,D,E,D
210062906885,2024,3,M,1,1,2,2,0,1,0,3523107,Itaquaquecetuba,35,SP,H,H,F,D,3,A,B,B,C,C,C,A,B,A,B,A,B,B,A,B,B,D,A
210062908152,2024,5,M,1,3,1,1,0,,0,3523107,Itaquaquecetuba,35,SP,E,E,D,A,4,A,B,A,B,C,B,A,B,A,B,B,A,B,A,B,A,B,A
210062908164,2024,2,M,1,1,1,3,0,,1,3523107,Itaquaquecetuba,35,SP,E,E,C,F,4,A,E,A,B,D,B,B,B,A,B,B,B,B,A,B,C,E,A
210062910885,2024,3,M,1,2,1,2,0,1,0,3523107,Itaquaquecetuba,35,SP,E,E,F,F,7,A,C,A,B,C,B,A,B,A,B,B,A,C,A,B,B,C,A
210062911658,2024,10,F,1,3,1,1,8,,0,3523107,Itaquaquecetuba,35,SP,B,E,C,B,1,A,A,A,B,B,A,A,B,B,A,A,A,B,A,B,B,B,A
210062911720,2024,11,F,2,1,1,1,9,,0,3523107,Itaquaquecetuba,35,SP,H,C,F,B,2,B,F,A,B,B,A,A,B,A,B,B,A,B,A,B,B,C,A
210062911750,2024,12,F,1,1,1,1,18,,0,3523107,Itaquaquecetuba,35,SP,H,C,F,B,2,B,C,A,B,B,A,A,B,A,B,B,A,B,A,B,B,B,A
210062911882,2024,11,M,1,1,1,1,9,,0,3523107,Itaquaquecetuba,35,SP,E,E,B,C,2,A,B,A,B,B,A,A,B,A,B,B,A,B,A,B,B,C,A
210062912647,2024,4,M,1,1,1,1,2,,0,3523107,Itaquaquecetuba,35,SP,E,E,B,B,4,B,G,A,C,D,B,B,B,A,B,B,B,D,A,B,B,E,A
210062915349,2024,3,F,1,1,1,2,0,1,0,3523107,Itaquaquecetuba,35,SP,E,F,C,D,4,A,H,A,C,C,B,A,B,A,B,B,B,B,A,B,B,D,A
210062915762,2024,3,M,1,1,1,2,0,1,0,3523107,Itaquaquecetuba,35,SP,H,G,F,F,5,B,B,A,B,C,B,C,B,A,B,B,A,C,A,B,B,E,A
210062916283,2024,6,F,1,3,1,1,4,,0,3523107,Itaquaquecetuba,35,SP,B,D,C,F,5,B,E,A,B,C,B,A,B,A,B,A,A,B,A,B,A,D,A
210062916668,2024,5,F,1,3,1,1,0,,0,3523107,Itaquaquecetuba,35,SP,E,E,C,B,6,B,I,A,B,C,B,A,B,A,B,B,A,D,B,B,A,E,A
210062916774,2024,5,M,1,3,1,1,2,,0,3523107,Itaquaquecetuba,35,SP,E,B,C,B,4,B,C,A,B,B,B,A,B,A,A,B,A,C,A,B,B,C,A
210062917508,2024,11,M,1,3,1,1,0,,0,3523107,Itaquaquecetuba,35,SP,B,C,C,F,2,B,B,A,B,B,A,A,B,A,A,A,A,A,A,B,B,B,A
210062920439,2024,2,M,1,1,1,2,0,1,0,3523107,Itaquaquecetuba,35,SP,D,E,C,B,2,A,B,A,B,C,B,A,B,A,B,B,A,B,B,B,A,C,A
210062920876,2024,1,F,1,3,1,4,0,,0,3523107,Itaquaquecetuba,35,SP,E,E,B,B,3,A,B,A,B,C,A,A,B,A,B,B,A,A,A,B,A,D,F
210062920936,2024,10,F,1,3,1,1,3,,0,3523107,Itaquaquecetuba,35,SP,H,B,F,B,3,A,B,A,B,B,A,A,B,A,A,A,A,B,A,B,B,B,A
210062921123,2024,3,M,1,1,1,1,1,,0,3523107,Itaquaquecetuba,35,SP,E,E,C,B,3,B,F,A,C,C,B,A,B,A,B,B,B,B,B,B,A,D,A
210062921574,2024,2,F,1,1,1,3,0,,1,3523107,Itaquaquecetuba,35,SP,D,D,C,B,6,A,F,A,B,C,B,A,B,A,B,B,B,C,A,B,A,D,A
210062922444,2024,2,F,1,3,1,2,0,1,0,3523107,Itaquaquecetuba,35,SP,E,H,C,B,4,A,C,A,B,C,B,A,B,A,B,B,B,D,B,B,A,E,A
210062923382,2024,4,F,1,1,1,1,2,,0,3523107,Itaquaquecetuba,35,SP,H,D,C,B,4,B,E,A,B,C,B,A,B,A,B,A,A,B,A,B,A,E,A
210062926472,2024,1,F,1,3,1,3,0,,1,3523107,Itaquaquecetuba,35,SP,H,E,F,B,2,A,B,A,B,B,A,A,B,A,B,A,A,B,A,B,A,C,A
210062927447,2024,3,F,1,3,2,2,0,1,0,3523107,Itaquaquecetuba,35,SP,E,E,D,B,4,B,E,A,D,D,B,A,B,A,B,B,B,D,B,B,C,E,A
210062927633,2024,3,M,1,3,1,1,1,,0,3523107,Itaquaquecetuba,35,SP,D,B,C,F,6,A,C,A,B,B,A,A,B,A,B,A,A,C,A,B,A,D,A
210062928266,2024,16,M,3,4,1,1,0,,0,3523107,Itaquaquecetuba,35,SP,D,D,B,B,2,B,C,A,B,B,A,A,B,A,A,A,A,B,A,B,A,A,A
210062928852,2024,3,F,1,1,1,2,0,1,0,3523107,Itaquaquecetuba,35,SP,C,C,C,F,4,A,D,A,B,B,B,A,B,A,B,B,A,C,A,B,A,E,A
210062930196,2024,3,M,1,2,1,1,1,,0,3523107,Itaquaquecetuba,35,SP,C,D,B,C,8,A,B,A,B,B,A,A,B,A,A,A,A,A,A,A,A,A,A
210062930352,2024,2,F,1,1,1,3,0,,1,3523107,Itaquaquecetuba,35,SP,E,D,D,B,4,A,F,A,B,B,B,A,B,A,B,B,A,B,A,B,B,C,A
210062930970,2024,4,F,1,1,1,1,2,,0,3523107,Itaquaquecetuba,35,SP,B,E,D,B,3,A,B,A,B,C,B,A,B,B,A,B,B,A,A,B,B,C,C
210062931997,2024,5,M,1,3,1,1,2,,0,3523107,Itaquaquecetuba,35,SP,H,D,F,B,3,B,E,A,B,C,A,A,B,A,A,B,A,C,A,B,B,D,A
210062933789,2024,3,M,1,1,1,2,0,1,0,3523107,Itaquaquecetuba,35,SP,E,E,B,B,2,A,B,A,B,C,B,A,B,A,A,A,A,B,A,B,A,B,A
210062935087,2024,3,F,1,2,1,2,0,1,0,3523107,Itaquaquecetuba,35,SP,E,E,B,D,4,B,H,A,B,C,A,A,B,A,B,B,A,B,B,B,B,E,A
210062935292,2024,3,M,1,3,1,2,0,1,0,3523107,Itaquaquecetuba,35,SP,H,E,F,F,4,B,B,A,C,C,B,A,B,B,B,B,B,C,B,B,B,D,B
210062935645,2024,2,M,1,1,1,2,0,1,0,3523107,Itaquaquecetuba,35,SP,H,F,F,D,2,A,D,A,B,C,A,A,B,A,B,B,A,C,A,B,A,C,A
210062936958,2024,2,F,1,3,1,2,0,1,0,3523107,Itaquaquecetuba,35,SP,E,C,C,B,5,A,B,A,C,C,A,A,B,A,B,A,A,B,A,B,B,B,A
210062939261,2024,13,F,1,3,1,1,18,,0,3523107,Itaquaquecetuba,35,SP,E,G,D,D,1,B,I,A,B,C,A,A,B,A,B,B,A,B,A,B,B,B,D
210062940758,2024,2,F,1,3,1,2,0,1,0,3523107,Itaquaquecetuba,35,SP,H,C,F,B,4,A,B,A,B,C,A,A,B,B,B,B,A,B,A,B,A,C,A
210062943261,2024,3,F,1,2,1,2,0,1,0,3523107,Itaquaquecetuba,35,SP,C,E,B,B,5,B,B,A,B,C,A,A,B,A,B,B,A,B,A,B,A,E,A
210062944599,2024,9,F,1,1,1,1,7,,0,3523107,Itaquaquecetuba,35,SP,D,D,D,B,5,B,F,A,B,C,B,A,B,A,B,B,A,B,A,B,B,E,A
210062945013,2024,2,F,1,1,1,2,0,1,0,3523107,Itaquaquecetuba,35,SP,E,F,B,D,3,A,I,A,D,C,C,A,B,A,B,B,B,C,B,B,B,D,D
210062945670,2024,3,F,1,1,1,1,1,,0,3523107,Itaquaquecetuba,35,SP,C,F,F,D,5,A,I,A,B,D,C,A,B,A,B,B,B,C,B,B,E,E,A
210062945951,2024,3,M,1,3,1,2,0,1,0,3523107,Itaquaquecetuba,35,SP,E,E,C,B,4,B,E,A,B,D,B,A,B,A,B,B,A,B,A,B,A,E,A
210062948679,2024,3,F,1,3,1,2,0,1,0,3523107,Itaquaquecetuba,35,SP,E,D,C,B,4,B,B,A,B,B,A,A,B,A,B,A,A,A,A,B,A,E,A
210062949714,2024,2,M,1,1,1,2,0,1,0,3523107,Itaquaquecetuba,35,SP,E,F,D,D,2,A,B,A,B,C,A,A,B,A,B,A,A,C,A,B,B,C,A
210062949875,2024,3,F,1,1,2,1,1,,0,3523107,Itaquaquecetuba,35,SP,E,E,C,B,4,B,C,A,B,C,B,A,B,A,B,B,A,B,A,B,A,D,A
210062950980,2024,1,F,1,1,1,3,0,,1,3523107,Itaquaquecetuba,35,SP,E,G,D,D,2,A,E,A,B,C,B,A,B,A,B,B,A,A,A,B,B,C,E
210062951074,2024,15,F,1,2,1,1,0,,0,3523107,Itaquaquecetuba,35,SP,B,B,C,B,3,B,B,A,B,C,A,A,B,A,B,A,A,B,A,A,A,B,A
210062952375,2024,3,F,1,1,1,2,0,1,0,3523107,Itaquaquecetuba,35,SP,C,D,D,D,3,A,B,A,B,C,A,A,B,A,B,B,A,B,A,B,A,C,A
210062952421,2024,3,M,1,1,1,2,0,1,0,3523107,Itaquaquecetuba,35,SP,E,E,D,D,4,A,C,A,B,B,A,A,B,A,B,B,A,B,B,B,B,B,A
210062952486,2024,1,M,0,2,1,3,0,,1,3523107,Itaquaquecetuba,35,SP,E,D,C,B,4,A,B,A,B,C,A,A,B,A,B,B,A,B,A,B,A,B,A
210062952815,2024,3,F,1,1,1,2,0,1,0,3523107,Itaquaquecetuba,35,SP,E,E,B,D,3,A,B,A,C,B,A,A,B,A,B,B,A,B,A,B,A,C,A
210062952912,2024,3,F,1,3,1,2,0,1,0,3523107,Itaquaquecetuba,35,SP,E,D,F,F,3,A,A,A,B,A,A,A,B,A,B,A,A,A,A,B,A,B,A
210062954825,2024,2,F,1,3,1,2,0,1,0,3523107,Itaquaquecetuba,35,SP,C,B,F,F,3,A,B,A,B,B,A,A,B,A,B,B,A,C,B,B,B,D,A
210062956164,2024,6,F,1,3,1,1,3,,0,3523107,Itaquaquecetuba,35,SP,B,E,C,F,4,B,E,A,B,C,A,A,B,A,B,A,B,D,A,B,B,D,A
210062957159,2024,2,F,1,3,1,2,0,1,0,3523107,Itaquaquecetuba,35,SP,D,D,C,B,3,B,B,D,B,C,A,A,B,A,B,B,A,B,A,B,A,C,A
210062957905,2024,2,F,1,1,1,2,0,1,0,3523107,Itaquaquecetuba,35,SP,E,F,C,D,4,A,E,A,C,C,B,A,B,A,B,B,A,B,A,B,A,D,B
210062958529,2024,9,F,1,3,1,1,7,,0,3523107,Itaquaquecetuba,35,SP,E,E,C,C,3,A,C,A,B,C,A,A,B,A,B,B,A,C,A,B,B,B,A
210062959029,2024,9,F,1,3,1,1,7,,0,3523107,Itaquaquecetuba,35,SP,A,A,B,F,4,A,A,A,B,B,A,A,B,A,A,A,A,B,A,B,A,B,A
210062959470,2024,1,M,1,1,1,3,0,,1,3523107,Itaquaquecetuba,35,SP,E,F,F,B,2,A,E,A,B,C,B,A,B,A,B,B,A,B,A,B,B,C,A
210062960372,2024,3,M,1,2,1,2,0,1,0,3523107,Itaquaquecetuba,35,SP,C,E,F,D,2,A,C,A,B,C,A,A,B,A,B,B,A,B,A,B,A,B,A
210062960517,2024,4,F,1,3,1,2,0,1,0,3523107,Itaquaquecetuba,35,SP,D,D,C,B,3,A,C,A,B,B,B,A,B,A,B,A,A,C,A,B,A,C,A
210062961205,2024,4,F,1,2,1,1,2,,0,3523107,Itaquaquecetuba,35,SP,E,E,B,B,3,B,B,A,B,B,A,A,B,A,B,B,A,B,A,B,B,C,A
210062961672,2024,17,F,2,2,1,1,0,,0,3523107,Itaquaquecetuba,35,SP,C,C,C,A,4,A,F,A,B,C,B,A,B,A,B,A,A,A,A,B,B,C,A
210062961929,2024,5,M,1,1,1,1,3,,0,3523107,Itaquaquecetuba,35,SP,C,E,C,C,4,B,G,A,B,C,A,A,B,A,B,B,B,C,B,B,B,E,A
210062962218,2024,9,M,1,1,1,1,7,,0,3523107,Itaquaquecetuba,35,SP,B,E,C,B,4,B,C,A,C,D,B,A,B,A,B,B,B,B,A,B,B,E,A
210062963096,2024,11,M,1,3,1,1,9,,0,3523107,Itaquaquecetuba,35,SP,H,D,B,B,5,B,G,A,C,D,B,A,B,A,B,B,A,C,A,B,B,D,A
210062963130,2024,3,F,1,1,1,1,1,,0,3523107,Itaquaquecetuba,35,SP,G,F,E,D,2,A,F,A,B,C,B,A,A,B,B,B,B,B,B,B,B,C,D
210062963716,2024,11,F,1,2,1,1,7,,0,3523107,Itaquaquecetuba,35,SP,B,D,F,B,1,B,D,A,B,B,A,A,B,A,B,A,A,B,A,B,B,B,A
210062964228,2024,12,M,1,1,1,1,15,,0,3523107,Itaquaquecetuba,35,SP,C,E,B,B,2,A,B,A,B,B,A,A,B,A,B,B,A,B,A,B,A,C,A
210062967710,2024,3,M,1,1,1,2,0,1,0,3523107,Itaquaquecetuba,35,SP,G,E,D,D,4,A,G,A,B,D,B,A,B,A,B,B,B,B,A,B,B,E,A
210062967833,2024,6,F,1,3,1,1,3,,0,3523107,Itaquaquecetuba,35,SP,E,E,C,B,4,B,F,A,B,C,A,A,B,A,B,B,B,B,B,B,A,E,A
210062968850,2024,2,F,1,1,1,2,0,1,0,3523107,Itaquaquecetuba,35,SP,D,E,C,B,4,A,D,A,B,A,A,A,B,A,A,A,A,B,A,B,B,C,A
210062971318,2024,5,F,1,3,1,1,3,,0,3523107,Itaquaquecetuba,35,SP,B,E,D,D,2,A,B,A,B,C,B,A,B,A,B,B,A,B,A,B,B,C,A
210062971625,2024,2,M,1,3,1,2,0,1,0,3523107,Itaquaquecetuba,35,SP,E,E,B,D,4,B,D,C,B,C,B,A,B,A,B,A,A,B,A,B,B,E,A
210062973966,2024,2,M,1,1,1,3,0,,1,3523107,Itaquaquecetuba,35,SP,C,D,C,F,3,A,C,A,B,C,B,A,B,A,A,A,A,B,A,A,A,C,A
210062974133,2024,5,F,1,2,1,1,1,,0,3523107,Itaquaquecetuba,35,SP,B,E,B,B,3,B,B,A,B,B,A,A,B,A,B,A,A,B,A,B,B,A,A
210062974614,2024,6,F,1,3,1,1,3,,0,3523107,Itaquaquecetuba,35,SP,B,B,C,B,2,A,A,A,B,B,A,A,B,A,A,A,A,B,A,A,A,B,A
210062975157,2024,2,M,1,1,1,2,0,1,0,3523107,Itaquaquecetuba,35,SP,F,E,F,F,5,A,L,A,C,C,C,A,B,A,B,B,A,B,A,B,B,E,A
210062975239,2024,3,M,1,1,1,2,0,1,0,3523107,Itaquaquecetuba,35,SP,E,C,E,F,4,A,F,A,D,D,B,A,C,A,B,B,B,D,A,B,B,E,A
210062975257,2024,5,F,1,1,1,1,1,,0,3523107,Itaquaquecetuba,35,SP,A,C,C,C,4,A,C,A,B,B,A,A,B,A,B,A,A,B,A,A,A,B,A
210062975777,2024,4,F,1,3,1,1,2,,0,3523107,Itaquaquecetuba,35,SP,D,D,F,B,5,A,B,A,B,B,A,A,B,A,A,A,A,B,A,B,A,C,A
210062976591,2024,5,F,1,3,1,1,3,,0,3523107,Itaquaquecetuba,35,SP,B,E,F,F,3,A,A,A,C,D,A,B,B,A,B,A,A,B,A,B,A,B,A
210062979488,2024,3,M,1,3,1,2,0,1,0,3523107,Itaquaquecetuba,35,SP,B,D,C,B,5,A,C,A,B,A,B,A,B,A,B,A,A,B,A,B,A,C,A
210062981389,2024,2,F,1,1,1,2,0,1,0,3523107,Itaquaquecetuba,35,SP,E,E,D,B,4,A,A,A,B,A,A,A,A,A,A,A,A,A,A,A,A,A,A
210062982031,2024,3,F,1,3,1,2,0,1,0,3523107,Itaquaquecetuba,35,SP,C,D,D,D,3,A,C,A,B,C,A,A,B,A,B,B,A,A,A,B,A,C,C
210062982915,2024,7,F,1,1,2,1,5,,0,3523107,Itaquaquecetuba,35,SP,E,E,C,F,4,A,C,A,D,C,B,A,B,A,B,B,A,B,A,B,B,E,A
210062983050,2024,2,M,0,2,1,2,0,1,0,3523107,Itaquaquecetuba,35,SP,D,E,F,B,4,B,C,A,B,C,B,A,B,A,B,B,A,B,A,B,A,E,A
210062984027,2024,5,M,1,3,1,1,3,,0,3523107,Itaquaquecetuba,35,SP,F,F,E,E,2,B,C,A,B,B,B,B,B,A,B,B,A,B,A,B,B,C,B
210062987571,2024,13,M,1,3,1,1,0,,0,3523107,Itaquaquecetuba,35,SP,B,B,A,A,1,A,A,A,B,B,A,A,B,A,B,B,A,B,A,B,A,B,A
210062988540,2024,11,F,1,3,1,1,0,,0,3523107,Itaquaquecetuba,35,SP,B,B,A,A,3,A,A,A,B,B,A,A,B,A,A,A,A,A,A,A,A,B,A
210062991566,2024,2,M,1,3,1,2,0,1,0,3523107,Itaquaquecetuba,35,SP,E,G,D,D,4,A,G,A,B,B,B,A,B,A,B,B,B,B,A,B,B,C,A
210062991739,2024,3,M,1,3,1,2,0,1,0,3523107,Itaquaquecetuba,35,SP,D,E,C,B,4,A,B,A,B,B,B,A,B,A,B,B,A,B,A,B,B,C,A
210062993468,2024,3,F,1,5,1,2,0,1,0,3523107,Itaquaquecetuba,35,SP,H,E,F,B,4,A,B,A,B,C,A,A,B,A,B,A,A,B,A,B,A,C,C
210062995632,2024,3,M,1,2,1,2,0,1,0,3523107,Itaquaquecetuba,35,SP,C,D,C,C,5,A,C,A,B,B,A,A,A,A,A,A,A,B,A,A,A,B,A
210062997013,2024,2,F,1,3,1,2,0,1,0,3523107,Itaquaquecetuba,35,SP,E,D,C,E,8,A,E,A,C,D,B,A,B,B,B,B,A,C,A,B,B,E,A
210062997969,2024,3,M,1,3,1,2,0,1,0,3523107,Itaquaquecetuba,35,SP,E,E,E,D,3,A,I,A,B,C,B,B,B,A,B,B,B,C,A,B,B,D,A
210062998391,2024,11,F,1,3,1,1,5,,0,3523107,Itaquaquecetuba,35,SP,B,B,A,B,4,A,A,A,B,B,A,A,B,A,A,A,A,B,A,B,A,B,A
210062998746,2024,3,F,1,3,1,2,0,1,0,3523107,Itaquaquecetuba,35,SP,D,D,C,F,4,A,B,A,C,C,A,A,B,A,B,B,A,B,A,B,B,E,B
210062999663,2024,2,F,1,1,1,3,0,,1,3523107,Itaquaquecetuba,35,SP,G,F,D,D,5,A,I,A,B,D,B,A,B,A,B,B,A,B,B,B,C,E,D
210063001596,2024,3,F,1,3,1,2,0,1,0,3523107,Itaquaquecetuba,35,SP,E,G,D,C,2,A,H,A,C,C,A,A,B,A,B,B,A,B,A,B,A,C,D
210063003787,2024,3,F,1,3,1,2,0,1,0,3523107,Itaquaquecetuba,35,SP,F,D,D,B,5,B,G,A,C,C,B,B,B,A,B,B,B,B,A,B,B,D,A
210063004324,2024,3,F,1,1,1,2,0,1,0,3523107,Itaquaquecetuba,35,SP,E,E,B,C,4,A,E,A,B,A,B,A,B,A,B,A,A,B,A,B,A,D,A
210063004541,2024,3,M,1,3,1,2,0,1,0,3523107,Itaquaquecetuba,35,SP,E,E,B,F,3,A,B,A,B,B,A,A,B,A,B,A,A,A,A,B,A,B,A
210063004851,2024,4,M,1,3,1,1,1,,0,3523107,Itaquaquecetuba,35,SP,B,E,B,B,4,B,B,A,C,D,B,A,B,A,B,A,A,B,A,B,A,E,A
210063005831,2024,15,M,2,2,1,1,0,,0,3523107,Itaquaquecetuba,35,SP,A,A,C,B,6,B,B,A,B,C,A,A,B,A,A,B,A,B,A,A,A,B,A
210063009709,2024,11,F,1,3,1,1,10,,0,3523107,Itaquaquecetuba,35,SP,B,B,B,B,3,A,B,A,B,C,A,A,B,A,B,B,A,B,A,B,A,B,A
210063010194,2024,8,M,1,3,1,1,6,,0,3523107,Itaquaquecetuba,35,SP,C,D,F,C,4,B,E,A,B,B,A,A,B,A,B,A,A,B,A,B,B,E,A
210063010575,2024,14,M,3,3,1,1,18,,0,3523107,Itaquaquecetuba,35,SP,F,D,C,B,5,A,D,A,B,C,A,A,B,B,A,A,A,B,A,B,A,B,A
210063010623,2024,2,M,1,3,1,2,0,1,0,3523107,Itaquaquecetuba,35,SP,D,D,C,B,4,A,F,A,B,C,A,A,B,A,B,B,A,B,A,B,A,B,A
210063013951,2024,9,F,1,2,1,1,6,,0,3523107,Itaquaquecetuba,35,SP,C,E,F,B,1,B,B,A,B,B,A,A,B,A,A,A,A,A,A,A,A,B,A
210063014193,2024,10,F,2,4,1,1,0,,0,3523107,Itaquaquecetuba,35,SP,D,D,C,B,2,B,C,A,B,C,A,C,B,A,A,A,A,B,A,B,A,B,A
210063014214,2024,3,F,1,3,1,1,1,,0,3523107,Itaquaquecetuba,35,SP,C,F,C,B,4,A,D,A,B,C,A,A,B,A,B,B,A,C,A,B,B,E,A
210063014246,2024,5,F,1,3,1,1,2,,0,3523107,Itaquaquecetuba,35,SP,E,E,D,D,5,B,C,A,B,D,B,A,B,A,B,B,A,C,A,B,B,C,A
210063014514,2024,11,F,1,1,1,1,0,,0,3523107,Itaquaquecetuba,35,SP,C,B,F,F,2,A,A,A,B,B,A,A,B,A,A,A,A,B,A,B,A,B,A
210063015727,2024,3,F,1,1,1,2,0,1,0,3523107,Itaquaquecetuba,35,SP,E,B,C,B,5,A,F,A,B,B,B,B,B,A,B,A,A,B,A,B,A,D,A
210063017315,2024,5,F,1,1,1,1,3,,0,3523107,Itaquaquecetuba,35,SP,E,G,C,E,4,A,J,A,B,C,A,A,B,A,B,B,A,C,A,B,A,E,A
210063024482,2024,2,M,1,3,1,2,0,1,0,3523107,Itaquaquecetuba,35,SP,E,E,F,F,9,A,B,A,A,B,A,A,A,A,A,A,A,A,A,B,A,B,A
210063027483,2024,3,F,1,3,1,2,0,1,0,3523107,Itaquaquecetuba,35,SP,B,E,C,B,4,A,B,A,B,C,A,A,B,A,A,B,A,C,A,B,A,D,A
210063028452,2024,3,F,1,3,1,2,0,1,0,3523107,Itaquaquecetuba,35,SP,E,H,A,B,4,A,B,A,B,C,A,A,B,A,A,A,A,B,A,B,A,C,A
210063028690,2024,8,M,1,3,1,1,4,,0,3523107,Itaquaquecetuba,35,SP,D,E,C,B,5,B,D,A,B,C,C,A,B,A,B,B,B,C,A,B,B,E,A
210063028940,2024,11,F,0,2,1,1,8,,0,3523107,Itaquaquecetuba,35,SP,E,B,B,C,2,B,D,A,B,B,A,A,B,A,A,B,A,A,A,B,A,C,A
210063029907,2024,3,M,1,1,1,2,0,1,0,3523107,Itaquaquecetuba,35,SP,F,E,D,F,4,A,E,A,C,C,B,A,B,A,B,B,A,B,A,B,B,C,A
210063030145,2024,3,F,1,1,1,2,0,1,0,3523107,Itaquaquecetuba,35,SP,E,E,C,F,5,B,B,A,B,C,B,A,B,A,B,A,A,B,A,B,A,C,A
210063030272,2024,15,M,2,3,3,1,0,,0,3523107,Itaquaquecetuba,35,SP,B,B,A,A,4,B,B,A,B,C,B,A,B,B,B,B,B,C,A,B,D,E,A
210063031044,2024,2,F,1,3,1,2,0,1,0,3523107,Itaquaquecetuba,35,SP,D,E,C,B,1,B,B,A,B,B,A,A,B,A,A,A,A,A,A,B,A,B,A
210063031166,2024,9,F,1,1,1,1,7,,0,3523107,Itaquaquecetuba,35,SP,E,E,B,B,1,A,A,A,B,B,A,A,B,A,A,A,A,A,A,A,A,B,A
210063031648,2024,3,F,1,1,1,2,0,1,0,3523107,Itaquaquecetuba,35,SP,E,E,D,B,5,A,G,A,C,C,B,A,B,A,B,A,A,B,A,B,B,D,D
210063038733,2024,2,F,1,3,2,2,0,1,0,3523107,Itaquaquecetuba,35,SP,C,D,C,C,4,A,C,A,B,C,A,A,B,B,B,A,A,B,B,B,A,B,A
210063039983,2024,2,M,1,3,1,2,0,1,0,3523107,Itaquaquecetuba,35,SP,G,E,C,B,5,A,G,A,B,C,D,A,B,A,B,A,A,B,A,B,B,E,A
210063040260,2024,9,F,1,4,1,1,6,,0,3523107,Itaquaquecetuba,35,SP,A,A,A,A,1,A,A,A,B,A,A,A,B,A,A,A,A,A,A,B,B,B,A
210063041142,2024,2,M,1,1,1,2,0,1,0,3523107,Itaquaquecetuba,35,SP,F,E,D,C,3,A,F,A,B,C,B,A,B,A,B,B,A,C,B,B,A,D,A
210063041222,2024,2,F,1,3,1,2,0,1,0,3523107,Itaquaquecetuba,35,SP,C,C,F,F,4,A,B,A,B,C,A,A,B,A,B,A,A,B,A,B,A,E,A
210063041270,2024,2,F,1,1,1,3,0,,1,3523107,Itaquaquecetuba,35,SP,F,E,D,C,4,A,G,A,B,C,A,A,B,A,B,B,B,B,A,B,B,E,A
210063041944,2024,9,F,1,3,1,1,7,,0,3523107,Itaquaquecetuba,35,SP,E,E,B,B,3,A,D,A,B,C,B,A,B,A,B,B,B,B,A,B,A,C,A
210063042277,2024,2,F,1,2,1,2,0,1,0,3523107,Itaquaquecetuba,35,SP,E,E,F,B,4,A,B,A,B,C,A,A,B,A,B,A,A,B,A,B,B,B,A
210063044797,2024,4,F,1,1,1,1,2,,0,3523107,Itaquaquecetuba,35,SP,F,F,D,D,3,A,G,A,C,D,B,A,B,A,B,B,A,B,A,B,B,D,D
210063046521,2024,4,M,1,3,1,1,2,,0,3523107,Itaquaquecetuba,35,SP,E,F,B,B,2,B,B,A,B,C,A,A,B,A,B,B,A,B,A,B,B,B,A
210063048513,2024,2,F,1,3,1,2,0,1,0,3523107,Itaquaquecetuba,35,SP,E,F,C,C,4,A,C,A,B,B,A,A,B,A,B,A,A,B,A,B,A,D,A
210063049011,2024,6,M,1,3,1,1,3,,0,3523107,Itaquaquecetuba,35,SP,C,C,F,B,2,A,B,A,B,B,A,A,B,A,B,B,A,B,A,B,B,B,A
210063050149,2024,2,M,1,1,1,2,0,1,0,3523107,Itaquaquecetuba,35,SP,H,E,E,D,4,A,H,A,C,D,C,A,B,B,B,B,A,D,A,B,B,D,E
210063050461,2024,3,M,1,3,1,2,0,1,0,3523107,Itaquaquecetuba,35,SP,H,A,F,F,3,A,A,A,A,A,A,A,A,A,A,A,A,A,A,A,A,B,A
210063051165,2024,3,F,1,3,2,2,0,1,0,3523107,Itaquaquecetuba,35,SP,G,G,D,D,4,B,H,B,D,C,C,A,B,A,B,B,B,C,B,B,E,E,A
210063051880,2024,3,F,1,1,1,2,0,1,0,3523107,Itaquaquecetuba,35,SP,B,D,C,B,4,A,A,A,B,A,A,A,B,A,A,A,A,A,A,A,A,B,A
210063053081,2024,4,F,1,3,1,2,0,1,0,3523107,Itaquaquecetuba,35,SP,G,F,D,D,3,A,E,A,B,C,B,A,B,A,B,B,A,B,A,B,B,D,A
210063054828,2024,3,M,1,3,1,1,1,,0,3523107,Itaquaquecetuba,35,SP,D,E,C,B,3,B,A,A,B,C,B,B,B,A,B,B,A,B,A,B,B,D,A
210063057297,2024,12,F,1,2,1,1,15,,0,3523107,Itaquaquecetuba,35,SP,C,E,B,B,3,B,E,A,B,C,A,A,B,A,B,B,A,C,B,B,B,D,A
210063057303,2024,2,M,1,2,1,3,0,,1,3523107,Itaquaquecetuba,35,SP,D,D,B,B,3,A,C,A,C,C,B,A,B,A,A,B,A,C,A,B,B,D,B
210063058839,2024,3,M,1,2,1,2,0,1,0,3523107,Itaquaquecetuba,35,SP,H,E,F,B,2,B,D,A,B,C,A,C,B,A,B,B,A,C,B,B,B,C,A
210063058881,2024,2,F,1,1,1,2,0,1,0,3523107,Itaquaquecetuba,35,SP,B,D,D,B,3,A,E,A,C,C,A,A,B,B,B,B,B,C,A,B,B,C,B
210063060026,2024,2,F,1,3,1,2,0,1,0,3523107,Itaquaquecetuba,35,SP,E,E,B,B,5,A,B,A,B,C,A,A,B,A,B,A,A,B,A,B,A,B,A
210063062135,2024,3,M,1,3,1,2,0,1,0,3523107,Itaquaquecetuba,35,SP,C,D,B,B,3,A,D,A,C,C,C,A,B,A,B,B,B,C,A,B,A,E,A
210063063061,2024,3,F,1,3,1,2,0,1,0,3523107,Itaquaquecetuba,35,SP,D,E,C,B,2,A,F,A,B,B,B,A,B,A,B,B,B,B,A,B,B,D,A
210063063722,2024,3,F,1,1,1,2,0,1,0,3523107,Itaquaquecetuba,35,SP,B,E,C,B,6,A,B,A,B,C,A,A,B,A,B,A,A,B,A,B,A,B,A
210063065754,2024,3,F,1,3,1,2,0,1,0,3523107,Itaquaquecetuba,35,SP,E,E,F,F,5,A,B,A,B,B,A,A,B,A,A,A,A,B,A,B,A,E,A
210063067157,2024,2,M,1,3,1,2,0,1,0,3523107,Itaquaquecetuba,35,SP,F,F,E,D,2,A,H,A,D,C,B,A,B,A,B,A,A,A,A,B,B,C,A
210063067775,2024,3,F,1,3,1,2,0,1,0,3523107,Itaquaquecetuba,35,SP,E,D,C,B,2,A,B,A,B,A,A,A,B,A,A,B,A,B,A,B,A,B,A
210063069298,2024,5,F,1,1,1,1,3,,0,3523107,Itaquaquecetuba,35,SP,E,F,C,D,2,A,C,A,B,C,A,A,B,A,B,A,A,A,A,B,B,B,A
210063072088,2024,1,F,1,1,1,3,0,,1,3523107,Itaquaquecetuba,35,SP,E,G,D,D,4,A,K,A,B,C,B,A,B,A,B,B,B,B,A,B,B,D,D
210063073080,2024,14,F,1,1,1,1,0,,0,3523107,Itaquaquecetuba,35,SP,B,E,C,B,1,A,A,A,B,B,A,A,B,A,A,A,A,B,A,B,A,B,A
210063073934,2024,3,F,1,2,1,2,0,1,0,3523107,Itaquaquecetuba,35,SP,E,E,B,B,3,A,B,A,B,D,B,A,B,A,B,A,A,B,B,B,A,C,A
210063074588,2024,11,F,1,2,1,1,10,,0,3523107,Itaquaquecetuba,35,SP,H,D,F,C,1,A,B,A,B,B,A,A,B,A,B,B,A,B,A,B,A,B,A
210063075330,2024,2,M,1,3,1,2,0,1,0,3523107,Itaquaquecetuba,35,SP,B,B,F,F,4,A,B,A,A,A,A,A,A,A,A,A,A,A,A,A,A,A,A
210063076584,2024,3,F,1,1,1,2,0,1,0,3523107,Itaquaquecetuba,35,SP,A,C,D,B,4,A,B,A,B,B,A,A,B,A,A,B,A,B,A,B,A,B,A
210063077125,2024,4,F,1,3,1,1,2,,0,3523107,Itaquaquecetuba,35,SP,H,E,F,B,3,B,C,B,B,C,A,A,B,A,A,A,A,B,A,B,A,B,A
210063078539,2024,4,M,1,3,1,1,1,,0,3523107,Itaquaquecetuba,35,SP,E,D,B,B,3,A,D,A,B,C,A,A,B,A,B,B,A,C,A,B,B,D,A
210063078903,2024,3,F,1,1,1,2,0,1,0,3523107,Itaquaquecetuba,35,SP,H,F,C,B,3,A,E,A,C,C,B,A,C,A,B,B,B,D,B,B,B,D,D
210063079209,2024,3,M,1,1,1,2,0,1,0,3523107,Itaquaquecetuba,35,SP,E,E,C,B,3,A,D,A,B,C,A,A,B,A,B,B,B,B,A,A,B,B,A
210063079493,2024,2,F,1,2,1,2,0,1,0,3523107,Itaquaquecetuba,35,SP,H,B,F,A,7,A,B,A,B,B,A,A,B,A,A,B,A,B,A,A,A,D,A
210063080849,2024,2,M,1,3,1,2,0,1,0,3523107,Itaquaquecetuba,35,SP,B,E,B,B,4,A,C,A,B,C,A,A,B,A,B,B,A,B,A,A,B,D,A
210063080984,2024,3,M,1,2,1,2,0,1,0,3523107,Itaquaquecetuba,35,SP,B,B,F,F,5,A,A,A,B,C,A,A,B,A,B,B,A,B,A,B,A,C,A
210063081043,2024,2,F,1,1,1,2,0,1,0,3523107,Itaquaquecetuba,35,SP,F,E,D,B,3,A,D,A,B,B,B,A,B,A,B,B,A,B,A,B,A,D,A
210063081705,2024,3,F,1,1,1,2,0,1,0,3523107,Itaquaquecetuba,35,SP,H,E,F,B,6,B,C,A,B,C,A,A,B,A,B,B,A,B,A,B,A,E,A
210063081734,2024,3,F,1,1,1,2,0,1,0,3523107,Itaquaquecetuba,35,SP,B,E,E,B,7,A,B,A,B,C,A,A,B,A,A,A,A,A,A,B,A,D,A
210063082748,2024,2,F,1,3,1,2,0,1,0,3523107,Itaquaquecetuba,35,SP,B,D,F,D,2,A,A,A,B,B,A,A,B,A,A,A,A,B,A,B,A,C,A
210063083444,2024,11,F,1,1,1,1,9,,0,3523107,Itaquaquecetuba,35,SP,B,B,C,B,3,B,B,A,B,C,A,B,B,A,A,A,A,B,A,B,B,D,A
210063084095,2024,2,F,1,3,1,2,0,1,0,3523107,Itaquaquecetuba,35,SP,D,E,F,F,3,A,B,A,B,B,A,A,B,A,B,A,A,B,A,B,A,B,A
210063084322,2024,3,M,1,1,1,1,1,,0,3523107,Itaquaquecetuba,35,SP,E,B,C,B,4,B,F,A,C,D,B,A,B,A,B,B,A,B,A,B,B,E,A
210063087879,2024,3,F,1,3,1,2,0,1,0,3523107,Itaquaquecetuba,35,SP,D,E,F,B,6,A,C,A,B,C,B,A,B,A,B,B,A,D,A,B,B,E,A
210063088818,2024,2,F,1,1,1,2,0,1,0,3523107,Itaquaquecetuba,35,SP,H,D,B,C,3,A,D,A,C,B,A,A,B,A,B,A,A,B,B,B,A,D,A
210063090654,2024,2,F,1,1,1,2,0,1,0,3523107,Itaquaquecetuba,35,SP,E,E,B,B,4,B,B,A,B,C,A,A,B,A,B,B,A,B,A,A,A,D,A
210063090997,2024,14,F,3,3,1,1,0,,0,3523107,Itaquaquecetuba,35,SP,A,B,A,A,3,A,A,A,B,B,A,A,B,A,B,B,A,B,B,B,B,C,A
210063093096,2024,3,F,1,1,1,1,1,,0,3523107,Itaquaquecetuba,35,SP,E,E,C,B,2,A,B,A,B,C,A,A,B,A,A,B,A,B,A,B,A,D,A
210063096354,2024,8,M,1,3,1,1,5,,0,3523107,Itaquaquecetuba,35,SP,E,D,D,B,3,A,F,A,C,C,B,A,B,A,B,A,B,C,B,B,B,D,A
210063096592,2024,3,F,1,5,1,2,0,1,0,3523107,Itaquaquecetuba,35,SP,H,H,C,A,4,A,H,A,B,C,B,A,B,A,B,B,A,B,A,B,B,D,A
210063097734,2024,10,F,2,1,1,1,4,,0,3523107,Itaquaquecetuba,35,SP,B,B,C,B,4,A,B,A,B,C,A,A,B,A,B,A,A,B,A,B,A,C,A
210063098454,2024,11,F,2,1,1,1,10,,0,3523107,Itaquaquecetuba,35,SP,C,B,A,B,3,A,C,A,B,C,B,A,B,A,B,A,A,B,A,B,B,D,A
210063099623,2024,3,F,1,1,1,2,0,1,0,3523107,Itaquaquecetuba,35,SP,E,E,C,C,4,A,A,A,B,C,A,A,B,A,B,B,A,C,A,B,B,D,A
210063099792,2024,3,F,1,3,1,2,0,1,0,3523107,Itaquaquecetuba,35,SP,E,D,C,D,7,B,B,A,B,C,C,A,B,A,B,A,A,C,B,B,A,E,A
210063100182,2024,3,F,0,3,1,2,0,1,0,3523107,Itaquaquecetuba,35,SP,D,C,B,B,4,A,C,A,B,C,A,A,B,A,B,B,A,B,A,B,A,B,A
210063102838,2024,3,F,1,1,1,2,0,1,0,3523107,Itaquaquecetuba,35,SP,D,E,C,F,4,A,B,A,B,C,A,A,B,A,B,A,A,B,A,B,A,D,A
210063103169,2024,4,F,1,4,1,1,2,,0,3523107,Itaquaquecetuba,35,SP,D,D,C,B,3,B,C,A,B,C,A,A,B,A,B,B,A,B,A,B,B,D,A
210063105609,2024,4,F,1,1,1,1,2,,0,3523107,Itaquaquecetuba,35,SP,E,E,C,B,3,A,C,A,B,C,A,A,B,A,A,A,A,B,A,B,B,D,A
210063106127,2024,11,M,1,1,1,1,0,,0,3523107,Itaquaquecetuba,35,SP,C,B,B,F,6,A,B,A,D,D,B,B,B,B,B,B,A,B,A,B,D,D,A
210063107832,2024,4,F,1,3,1,2,0,1,0,3523107,Itaquaquecetuba,35,SP,E,D,B,B,6,B,F,A,B,C,B,A,B,B,B,B,A,B,B,B,A,D,A
210063107834,2024,11,F,2,1,1,1,6,,0,3523107,Itaquaquecetuba,35,SP,B,E,B,B,4,A,B,A,B,B,B,A,B,A,B,B,A,B,A,B,A,B,A
210063107868,2024,11,M,1,3,1,1,6,,0,3523107,Itaquaquecetuba,35,SP,C,C,A,B,1,B,D,A,B,B,A,A,B,A,A,A,A,B,A,B,A,B,A
210063112198,2024,5,M,1,3,1,1,2,,0,3523107,Itaquaquecetuba,35,SP,D,H,C,C,8,A,D,A,C,C,B,A,B,A,A,A,A,B,A,B,A,D,A
210063112545,2024,3,M,1,3,1,1,1,,0,3523107,Itaquaquecetuba,35,SP,C,D,D,D,3,A,B,A,B,B,A,A,B,A,B,B,B,B,A,B,A,C,A
210063112765,2024,3,F,1,1,1,2,0,1,0,3523107,Itaquaquecetuba,35,SP,E,E,B,D,3,A,C,A,B,C,A,A,B,A,B,A,A,B,A,B,A,B,A
210063113165,2024,4,M,1,3,1,1,1,,0,3523107,Itaquaquecetuba,35,SP,C,C,C,B,3,A,D,A,B,C,A,A,B,A,B,B,A,A,A,B,B,C,A
210063113905,2024,2,M,1,3,1,2,0,1,0,3523107,Itaquaquecetuba,35,SP,D,E,B,B,3,A,B,A,B,B,A,A,B,A,A,B,A,B,A,B,A,B,A
210063117725,2024,3,F,1,2,1,2,0,1,0,3523107,Itaquaquecetuba,35,SP,H,E,C,B,7,A,B,A,B,C,A,A,B,A,A,A,A,B,A,B,A,E,A
210063117762,2024,8,F,0,2,1,1,6,,0,3523107,Itaquaquecetuba,35,SP,C,H,C,C,2,A,C,A,B,B,A,B,B,B,B,B,A,B,A,B,A,C,A
210063117944,2024,3,F,1,1,1,2,0,1,0,3523107,Itaquaquecetuba,35,SP,H,H,B,D,5,A,D,A,B,C,C,A,B,A,A,B,A,C,A,B,C,B,A
210063118553,2024,12,M,2,1,1,1,0,,0,3523107,Itaquaquecetuba,35,SP,D,A,C,B,3,B,G,A,B,B,B,B,B,A,B,B,A,B,A,B,B,C,A
210063119502,2024,5,F,1,3,1,1,3,,0,3523107,Itaquaquecetuba,35,SP,E,E,C,F,4,B,F,A,D,D,A,A,B,A,B,B,B,B,A,B,B,E,A
210063119849,2024,2,F,1,3,1,3,0,,1,3523107,Itaquaquecetuba,35,SP,D,E,C,C,6,A,F,A,C,D,B,A,C,A,B,B,B,D,A,B,B,E,D
210063121276,2024,2,F,1,3,1,2,0,1,0,3523107,Itaquaquecetuba,35,SP,E,E,C,B,4,A,B,A,B,C,A,A,B,A,A,B,A,B,A,B,A,B,A
210063126157,2024,5,F,1,2,1,1,1,,0,3523107,Itaquaquecetuba,35,SP,D,E,C,D,6,A,C,A,B,B,A,A,B,A,A,B,A,B,A,A,A,B,A
210063128415,2024,1,F,0,1,1,3,0,,1,3523107,Itaquaquecetuba,35,SP,E,F,C,D,4,A,G,A,B,C,B,A,B,A,B,B,A,B,A,B,C,E,A
210063129303,2024,3,F,1,2,1,2,0,1,0,3523107,Itaquaquecetuba,35,SP,C,C,C,B,4,B,B,A,B,B,A,A,B,A,B,B,A,B,A,B,B,D,A
210063129846,2024,14,F,2,3,1,1,18,,0,3523107,Itaquaquecetuba,35,SP,A,C,C,C,4,A,B,A,B,C,B,A,B,A,B,A,B,B,A,B,A,C,A
210063131034,2024,14,M,1,3,1,1,18,,0,3523107,Itaquaquecetuba,35,SP,B,B,A,A,2,B,E,A,B,B,A,A,B,A,B,A,A,B,A,A,A,C,A
210063131450,2024,2,F,1,1,1,3,0,,1,3523107,Itaquaquecetuba,35,SP,E,E,F,B,2,A,B,A,B,B,A,A,B,A,B,B,A,A,A,A,A,B,A
210063132555,2024,3,M,1,2,1,2,0,1,0,3523107,Itaquaquecetuba,35,SP,E,E,F,D,2,A,C,A,B,C,A,A,B,A,B,B,B,B,B,B,B,C,A
210063133545,2024,3,F,1,3,1,2,0,1,0,3523107,Itaquaquecetuba,35,SP,C,E,C,C,2,A,B,A,B,C,A,A,B,A,B,B,A,B,A,B,A,C,A
210063134378,2024,3,F,1,1,1,2,0,1,0,3523107,Itaquaquecetuba,35,SP,E,E,C,C,8,B,E,A,B,D,B,A,C,A,A,B,A,B,A,B,A,E,A
210063134508,2024,7,F,1,2,1,1,5,,0,3523107,Itaquaquecetuba,35,SP,E,G,C,D,5,B,J,A,C,D,B,A,B,A,B,B,B,B,B,B,A,E,D
210063134565,2024,8,F,1,1,1,1,6,,0,3523107,Itaquaquecetuba,35,SP,C,C,C,B,3,B,B,A,C,D,A,A,B,A,B,B,A,C,A,B,A,D,A
210063136647,2024,8,F,1,3,1,1,6,,0,3523107,Itaquaquecetuba,35,SP,B,E,B,B,6,B,C,A,B,B,A,A,B,A,B,A,A,B,A,B,B,D,A
210063137645,2024,13,M,1,2,1,1,0,,0,3523107,Itaquaquecetuba,35,SP,A,A,A,A,1,A,B,A,B,B,A,A,A,A,A,A,A,B,A,A,A,B,A
210063137729,2024,2,F,1,1,1,3,0,,1,3523107,Itaquaquecetuba,35,SP,C,G,C,D,4,A,L,A,B,C,B,A,B,A,B,B,A,B,A,B,B,D,A
210063138278,2024,3,F,1,1,1,2,0,1,0,3523107,Itaquaquecetuba,35,SP,D,D,C,B,8,A,C,A,C,C,A,A,B,A,B,B,A,B,A,B,B,E,A
210063139014,2024,3,F,1,3,1,1,1,,0,3523107,Itaquaquecetuba,35,SP,E,E,B,B,3,B,D,A,B,C,A,A,B,A,B,A,A,A,A,B,A,D,A
210063140164,2024,3,M,1,3,1,2,0,1,0,3523107,Itaquaquecetuba,35,SP,B,E,F,F,7,A,C,A,B,C,A,A,B,A,A,B,A,B,A,A,A,D,A
210063140584,2024,5,F,1,3,1,1,1,,0,3523107,Itaquaquecetuba,35,SP,H,E,F,C,3,B,B,A,B,C,A,A,B,A,A,A,A,B,A,B,A,B,A
210063141177,2024,5,F,1,1,1,1,3,,0,3523107,Itaquaquecetuba,35,SP,D,E,D,D,4,B,M,A,D,D,B,A,B,A,B,B,B,D,B,B,D,E,A
210063142677,2024,2,F,1,1,1,2,0,1,0,3523107,Itaquaquecetuba,35,SP,B,E,B,C,4,A,B,A,B,C,B,A,B,A,A,B,A,B,A,B,A,D,A
210063143142,2024,2,F,1,1,1,2,0,1,0,3523107,Itaquaquecetuba,35,SP,B,F,C,D,3,B,B,A,B,C,B,A,B,A,B,B,A,B,A,B,A,C,A
210063144945,2024,3,M,1,1,1,2,0,1,0,3523107,Itaquaquecetuba,35,SP,D,D,D,B,3,A,C,A,B,B,B,A,B,A,B,B,A,C,B,B,B,E,A
210063145416,2024,3,F,1,1,1,2,0,1,0,3523107,Itaquaquecetuba,35,SP,C,C,A,A,3,A,B,A,B,B,A,A,A,A,A,A,A,B,A,B,A,A,A
210063145620,2024,11,M,1,1,1,1,7,,0,3523107,Itaquaquecetuba,35,SP,E,E,D,B,4,B,K,A,B,C,B,A,B,A,B,B,B,D,B,B,B,E,A
210063148265,2024,7,M,1,1,1,1,5,,0,3523107,Itaquaquecetuba,35,SP,E,D,C,B,4,B,D,A,B,B,B,A,B,A,B,A,B,B,A,B,B,D,A
210063148323,2024,1,F,1,1,1,3,0,,1,3523107,Itaquaquecetuba,35,SP,F,E,D,D,4,A,K,A,B,C,B,A,B,A,B,B,B,C,A,B,B,D,A
210063148633,2024,3,F,3,4,1,2,0,1,0,3523107,Itaquaquecetuba,35,SP,D,D,F,F,4,A,G,B,C,D,B,A,B,B,B,B,A,C,B,B,A,E,A
210063148822,2024,5,M,1,5,3,1,2,,0,3523107,Itaquaquecetuba,35,SP,B,B,C,C,6,A,C,A,C,D,B,A,B,A,A,B,A,B,B,B,A,E,A
210063151651,2024,2,F,1,3,1,2,0,1,0,3523107,Itaquaquecetuba,35,SP,C,E,B,F,4,A,B,A,B,C,A,A,B,A,B,B,A,B,A,B,A,D,A
210063152534,2024,3,M,1,3,1,2,0,1,0,3523107,Itaquaquecetuba,35,SP,C,D,C,F,1,B,C,A,B,B,B,A,B,A,A,B,B,B,B,B,A,B,A
210063152636,2024,3,F,1,1,1,2,0,1,0,3523107,Itaquaquecetuba,35,SP,C,H,F,F,3,A,B,A,B,C,A,A,B,A,B,A,A,B,A,A,A,C,A
210063152946,2024,2,M,1,3,1,2,0,1,0,3523107,Itaquaquecetuba,35,SP,B,B,B,B,2,A,B,A,C,C,B,A,B,A,B,B,B,B,A,B,B,C,A
210063153379,2024,2,M,1,3,1,2,0,1,0,3523107,Itaquaquecetuba,35,SP,A,A,A,A,4,A,B,A,B,C,B,A,B,A,B,A,A,A,A,A,A,E,A
210063155475,2024,2,F,1,1,1,2,0,1,0,3523107,Itaquaquecetuba,35,SP,E,E,F,F,5,A,B,A,C,C,B,A,B,A,B,A,A,B,A,B,C,D,A
210063155943,2024,3,F,1,3,1,1,1,,0,3523107,Itaquaquecetuba,35,SP,E,E,D,B,3,A,H,A,C,C,B,A,B,A,B,A,B,B,A,B,C,D,D
210063158699,2024,1,M,1,1,1,3,0,,1,3523107,Itaquaquecetuba,35,SP,B,D,C,B,4,A,B,A,B,C,B,A,B,A,B,B,A,B,A,B,A,D,A
210063158956,2024,5,F,1,3,1,1,1,,0,3523107,Itaquaquecetuba,35,SP,C,D,E,C,3,B,B,A,B,C,A,A,B,A,B,B,B,B,A,B,A,D,A
210063159809,2024,7,F,1,3,1,1,5,,0,3523107,Itaquaquecetuba,35,SP,H,E,D,B,4,B,D,A,B,C,B,A,B,B,B,B,A,C,A,B,B,E,A
210063161039,2024,4,M,1,3,1,1,1,,0,3523107,Itaquaquecetuba,35,SP,C,F,B,D,2,B,C,A,B,C,B,A,B,A,B,B,A,C,A,B,B,D,A
210063161092,2024,3,M,1,2,1,2,0,1,0,3523107,Itaquaquecetuba,35,SP,G,F,D,D,4,A,J,A,D,C,B,A,C,A,B,B,B,C,B,B,B,E,A
210063161902,2024,11,F,1,1,1,1,9,,0,3523107,Itaquaquecetuba,35,SP,A,D,F,B,4,B,E,A,C,C,C,A,B,A,B,B,A,C,A,B,B,E,A
210063162183,2024,3,F,1,1,1,2,0,1,0,3523107,Itaquaquecetuba,35,SP,D,E,B,B,3,A,C,A,B,C,B,A,B,A,A,A,A,B,A,B,A,C,A
210063167871,2024,3,F,1,3,1,2,0,1,0,3523107,Itaquaquecetuba,35,SP,E,E,F,B,5,A,E,A,B,C,B,A,B,A,B,B,A,C,B,B,B,E,A
210063168325,2024,2,M,1,3,1,2,0,1,0,3523107,Itaquaquecetuba,35,SP,E,E,F,D,4,A,E,A,B,C,B,A,B,A,B,B,A,B,A,B,A,D,A
210063170245,2024,3,F,1,3,1,2,0,1,0,3523107,Itaquaquecetuba,35,SP,F,F,D,D,4,A,F,A,B,C,B,A,B,A,B,B,B,A,B,B,C,E,A
210063171493,2024,5,F,2,3,1,1,3,,0,3523107,Itaquaquecetuba,35,SP,B,B,B,B,2,B,C,A,B,B,A,A,B,A,B,B,A,B,A,B,A,B,A
210063172266,2024,2,F,1,1,1,3,0,,1,3523107,Itaquaquecetuba,35,SP,D,E,D,D,3,A,E,A,B,C,C,A,B,A,B,B,B,B,A,B,B,D,A
210063173210,2024,14,F,3,3,1,1,0,,0,3523107,Itaquaquecetuba,35,SP,E,D,D,F,2,B,F,A,D,D,A,A,B,A,B,B,B,D,B,B,C,C,A
210063173972,2024,4,M,1,0,1,2,0,1,0,3523107,Itaquaquecetuba,35,SP,H,B,F,C,20,B,B,A,B,C,B,A,B,A,A,B,A,C,A,B,A,E,A
210063174459,2024,11,F,1,1,1,1,11,,0,3523107,Itaquaquecetuba,35,SP,B,B,B,B,3,B,D,A,B,B,A,A,B,A,B,B,A,B,A,B,A,A,A
210063174651,2024,3,M,1,2,1,2,0,,0,3523107,Itaquaquecetuba,35,SP,E,D,C,B,5,A,B,A,B,C,A,A,B,B,B,B,A,B,A,B,A,E,A
210063175030,2024,3,F,1,1,1,2,0,1,0,3523107,Itaquaquecetuba,35,SP,E,E,C,B,5,A,C,A,C,C,B,A,B,A,B,A,A,B,B,B,A,E,A
210063175679,2024,2,M,0,3,1,2,0,1,0,3523107,Itaquaquecetuba,35,SP,F,H,D,F,2,A,F,B,C,C,B,A,B,A,B,B,A,B,A,B,B,C,B
210063175713,2024,11,F,2,3,1,1,0,,0,3523107,Itaquaquecetuba,35,SP,H,H,C,D,3,A,B,A,B,B,B,A,B,A,B,B,A,B,B,B,A,B,A
210063177555,2024,3,M,1,3,1,1,1,,0,3523107,Itaquaquecetuba,35,SP,H,H,C,D,3,A,F,A,C,D,B,A,B,A,B,B,B,B,A,B,A,D,A
210063177699,2024,4,M,1,1,1,1,1,,0,3523107,Itaquaquecetuba,35,SP,H,B,F,B,3,A,B,A,B,B,A,A,B,A,A,B,A,B,A,B,B,D,A
210063179197,2024,11,F,1,1,1,1,10,,0,3523107,Itaquaquecetuba,35,SP,D,C,B,B,4,B,G,A,C,C,B,A,C,A,B,B,A,D,A,B,B,E,A
210063179361,2024,5,M,1,2,1,1,3,,0,3523107,Itaquaquecetuba,35,SP,H,E,B,B,4,B,C,A,B,B,A,A,B,A,A,A,A,A,A,B,A,B,A
210063180660,2024,2,M,1,3,1,2,0,1,0,3523107,Itaquaquecetuba,35,SP,C,B,F,F,3,B,B,A,C,C,A,A,B,A,A,A,A,B,A,B,A,B,A
210063180797,2024,2,F,1,1,2,2,0,1,0,3523107,Itaquaquecetuba,35,SP,E,B,B,B,3,A,B,A,B,C,A,A,B,A,B,B,B,B,A,B,A,B,A
210063182140,2024,3,F,1,1,1,2,0,1,0,3523107,Itaquaquecetuba,35,SP,E,F,F,D,3,A,D,A,B,C,A,A,B,A,B,A,A,A,A,B,C,D,A
210063182753,2024,3,F,1,3,1,1,1,,0,3523107,Itaquaquecetuba,35,SP,E,E,C,C,5,B,D,A,B,C,B,A,B,A,B,B,A,A,A,B,B,C,A
210063183018,2024,2,F,1,2,1,3,0,,1,3523107,Itaquaquecetuba,35,SP,B,G,F,F,3,A,C,A,B,C,A,A,B,A,B,B,A,B,A,B,B,D,A
210063183103,2024,13,F,2,3,1,1,11,,0,3523107,Itaquaquecetuba,35,SP,C,B,B,B,3,B,G,A,B,C,B,A,B,A,B,A,A,B,B,B,B,C,A
210063183293,2024,5,M,1,1,1,1,3,,0,3523107,Itaquaquecetuba,35,SP,G,F,D,D,5,A,L,A,D,D,C,A,B,B,B,B,A,C,B,B,C,E,A
210063183743,2024,2,M,1,2,1,2,0,1,0,3523107,Itaquaquecetuba,35,SP,H,F,D,E,2,A,C,A,B,C,A,A,B,A,B,B,B,D,A,B,B,C,D
210063184389,2024,2,F,1,1,1,3,0,,1,3523107,Itaquaquecetuba,35,SP,E,E,B,B,3,A,G,A,C,C,B,A,B,A,B,B,A,C,B,B,A,D,A
210063184485,2024,9,M,1,2,1,1,7,,0,3523107,Itaquaquecetuba,35,SP,H,F,B,B,2,A,G,A,B,C,B,A,B,A,B,B,B,C,A,B,D,B,C
210063184721,2024,5,F,1,3,1,1,2,,0,3523107,Itaquaquecetuba,35,SP,E,E,D,D,3,A,O,A,C,D,B,A,B,A,B,B,B,B,A,B,B,D,D
210063185201,2024,3,F,1,1,1,2,0,1,0,3523107,Itaquaquecetuba,35,SP,E,E,F,F,4,B,E,A,B,C,B,A,B,A,B,B,A,B,A,B,A,D,A
210063186965,2024,3,F,1,1,1,2,0,1,0,3523107,Itaquaquecetuba,35,SP,E,F,F,D,4,B,H,A,B,C,B,A,C,A,B,B,A,A,A,B,A,D,D
210063188955,2024,2,F,1,3,1,2,0,1,0,3523107,Itaquaquecetuba,35,SP,C,C,B,F,2,A,C,A,B,C,A,A,B,A,A,B,A,C,A,B,A,B,A
210063189046,2024,6,F,1,1,1,1,3,,0,3523107,Itaquaquecetuba,35,SP,H,E,F,B,2,A,A,A,B,C,A,A,B,A,B,B,B,B,A,B,B,C,A
210063189917,2024,3,F,1,2,1,2,0,1,0,3523107,Itaquaquecetuba,35,SP,D,D,F,F,6,B,A,A,C,C,B,A,B,B,B,B,B,C,B,B,B,E,A
210063191101,2024,13,F,1,1,1,1,18,,0,3523107,Itaquaquecetuba,35,SP,D,C,C,C,4,B,D,A,B,C,B,A,B,A,B,B,A,C,A,B,B,D,A
210063191449,2024,12,F,1,1,1,1,12,,0,3523107,Itaquaquecetuba,35,SP,B,D,C,F,4,B,E,A,C,C,B,A,B,A,B,B,A,C,A,B,B,E,A
210063191791,2024,4,M,0,0,1,1,1,,0,3523107,Itaquaquecetuba,35,SP,E,E,D,C,4,A,D,A,C,D,A,B,B,A,B,B,A,B,A,B,C,E,A
210063191858,2024,1,F,1,1,1,3,0,,1,3523107,Itaquaquecetuba,35,SP,F,F,D,D,4,A,E,A,D,C,C,A,B,A,B,B,B,C,A,B,B,D,A
210063192481,2024,3,F,1,3,1,2,0,1,0,3523107,Itaquaquecetuba,35,SP,F,G,D,D,3,A,F,A,C,D,B,A,B,A,B,B,B,C,B,B,C,D,D
210063193106,2024,2,F,1,1,1,2,0,1,0,3523107,Itaquaquecetuba,35,SP,E,E,D,D,2,A,D,A,C,C,B,A,B,A,A,B,A,B,A,B,B,C,A
210063193352,2024,1,M,1,3,1,3,0,,1,3523107,Itaquaquecetuba,35,SP,B,E,C,B,4,A,C,A,C,C,B,A,B,B,B,B,A,B,A,B,B,E,A
210063194106,2024,5,M,1,2,1,1,3,,0,3523107,Itaquaquecetuba,35,SP,B,D,C,B,4,A,D,A,C,D,A,A,B,B,B,A,B,C,A,B,B,E,A
210063194677,2024,3,F,1,1,1,2,0,1,0,3523107,Itaquaquecetuba,35,SP,D,E,D,D,5,A,C,A,B,C,B,A,B,A,B,B,B,C,A,B,B,E,A
210063194849,2024,11,F,0,1,1,1,10,,0,3523107,Itaquaquecetuba,35,SP,B,E,B,A,2,A,B,A,B,B,A,A,B,A,A,A,A,B,A,B,B,B,A
210063195057,2024,2,M,1,2,1,2,0,1,0,3523107,Itaquaquecetuba,35,SP,E,E,C,B,5,A,B,A,B,C,A,A,B,A,B,B,A,B,A,B,A,C,A
210063197292,2024,3,M,1,3,1,2,0,1,0,3523107,Itaquaquecetuba,35,SP,C,E,B,B,5,B,B,A,B,C,A,A,B,A,B,B,A,B,A,B,A,D,A
210063197906,2024,3,F,1,1,1,2,0,1,0,3523107,Itaquaquecetuba,35,SP,B,E,C,C,3,A,D,A,C,C,A,A,B,A,B,B,A,B,A,B,A,D,A
210063198415,2024,5,F,1,1,1,1,2,,0,3523107,Itaquaquecetuba,35,SP,A,A,C,A,4,A,B,A,B,A,A,B,B,A,A,A,A,B,A,A,A,B,A
210063198846,2024,2,F,1,1,1,2,0,1,0,3523107,Itaquaquecetuba,35,SP,H,F,F,F,4,B,C,A,D,D,B,A,B,A,B,A,A,C,B,B,B,E,A
210063199064,2024,2,F,1,3,1,2,0,1,0,3523107,Itaquaquecetuba,35,SP,E,E,D,B,4,A,D,A,B,B,B,A,B,A,B,B,A,B,A,B,B,D,B
210063199462,2024,3,F,1,1,1,2,0,1,0,3523107,Itaquaquecetuba,35,SP,E,C,C,F,3,A,B,A,C,C,B,A,B,A,B,B,A,B,A,B,A,D,A
210063199767,2024,2,F,1,1,1,2,0,1,0,3523107,Itaquaquecetuba,35,SP,E,E,B,B,5,A,E,A,B,C,B,A,B,A,B,B,A,C,A,B,B,D,A
210063202525,2024,2,F,0,1,1,2,0,1,0,3523107,Itaquaquecetuba,35,SP,E,E,C,B,4,A,G,A,B,C,B,A,B,A,B,B,B,B,A,B,B,E,A
210063202641,2024,2,F,0,1,1,2,0,1,0,3523107,Itaquaquecetuba,35,SP,E,G,C,D,4,A,B,A,B,C,B,A,B,A,B,B,A,B,A,A,A,B,A
210063204491,2024,4,F,1,1,1,2,0,1,0,3523107,Itaquaquecetuba,35,SP,B,E,C,B,6,A,B,A,C,D,B,A,B,A,A,A,A,B,A,B,A,E,A
210063204496,2024,3,F,1,1,1,2,0,1,0,3523107,Itaquaquecetuba,35,SP,C,E,D,B,4,A,E,A,A,C,B,A,B,A,B,A,B,B,A,B,A,E,A
210063204791,2024,3,F,1,5,1,1,1,,0,3523107,Itaquaquecetuba,35,SP,E,C,D,F,3,A,C,A,C,C,C,A,B,A,A,B,A,A,A,B,B,D,A
210063205577,2024,3,F,1,1,1,2,0,1,0,3523107,Itaquaquecetuba,35,SP,E,E,C,B,5,A,B,A,B,C,A,A,B,A,B,A,A,B,A,B,A,B,A
210063206004,2024,3,F,1,2,1,2,0,1,0,3523107,Itaquaquecetuba,35,SP,D,C,F,B,5,A,A,A,B,B,A,A,B,B,B,B,A,B,B,B,B,D,A
210063206204,2024,3,F,1,1,1,2,0,1,0,3523107,Itaquaquecetuba,35,SP,F,E,B,B,4,A,H,A,B,C,B,A,B,B,B,B,B,C,A,B,B,C,A
210063208297,2024,2,F,1,0,1,2,0,1,0,3523107,Itaquaquecetuba,35,SP,E,E,B,C,6,B,C,A,B,B,A,A,B,A,B,A,A,B,B,B,B,B,A
210063208478,2024,2,M,1,3,1,2,0,1,0,3523107,Itaquaquecetuba,35,SP,E,E,B,A,4,B,C,A,B,C,A,A,B,A,A,B,A,B,A,B,B,B,A
210063209368,2024,3,F,1,3,1,2,0,1,0,3523107,Itaquaquecetuba,35,SP,E,E,C,C,5,A,D,A,C,D,B,A,B,B,A,B,A,D,A,B,B,E,A
210063211748,2024,3,M,1,3,1,2,0,1,0,3523107,Itaquaquecetuba,35,SP,F,E,D,C,3,A,E,A,B,C,B,A,B,A,B,B,A,B,A,B,A,B,A
210063211885,2024,6,F,1,3,1,1,1,,0,3523107,Itaquaquecetuba,35,SP,F,G,D,D,4,A,G,A,B,D,B,B,C,A,B,A,B,A,A,B,C,D,A
210063212744,2024,2,F,1,1,1,2,0,1,0,3523107,Itaquaquecetuba,35,SP,A,A,B,B,4,A,B,A,B,B,A,A,B,A,A,A,A,A,A,A,A,C,A
210063213999,2024,15,M,3,3,1,1,18,,0,3523107,Itaquaquecetuba,35,SP,E,C,D,B,1,A,A,A,B,B,A,A,B,A,B,B,A,B,A,B,A,B,A
210063220067,2024,4,F,1,1,1,1,2,,0,3523107,Itaquaquecetuba,35,SP,D,D,C,B,6,B,F,A,C,C,B,A,B,A,B,B,A,B,A,B,B,E,A
210063225665,2024,10,M,1,3,1,1,7,,0,3523107,Itaquaquecetuba,35,SP,C,E,B,B,3,B,B,A,C,C,B,A,B,A,B,B,B,B,A,B,B,D,A
210063226893,2024,2,M,1,1,1,2,0,1,0,3523107,Itaquaquecetuba,35,SP,E,E,B,B,4,A,D,A,C,D,C,B,C,A,B,B,B,C,A,B,B,E,A
210063227307,2024,2,M,1,3,1,2,0,1,0,3523107,Itaquaquecetuba,35,SP,D,E,C,B,3,B,F,A,C,C,B,A,B,A,B,B,B,D,A,B,B,D,A
210063228604,2024,3,F,1,1,1,2,0,1,0,3523107,Itaquaquecetuba,35,SP,D,B,C,F,3,A,B,A,C,C,C,A,B,A,B,B,A,B,A,B,A,C,A
210063230676,2024,10,F,2,3,1,1,8,,0,3523107,Itaquaquecetuba,35,SP,B,D,A,B,4,A,C,A,B,B,A,A,B,A,A,A,A,B,A,B,A,C,A
210063231642,2024,2,F,1,1,1,2,0,1,0,3523107,Itaquaquecetuba,35,SP,E,E,C,C,5,A,E,A,C,C,B,A,B,A,B,B,B,B,B,B,C,D,A
210063231994,2024,5,M,1,1,1,1,2,,0,3523107,Itaquaquecetuba,35,SP,H,H,C,B,4,B,C,A,B,C,B,A,B,A,B,B,B,B,A,B,B,D,A
210063233394,2024,3,F,1,1,1,2,0,1,0,3523107,Itaquaquecetuba,35,SP,E,E,B,D,3,B,B,A,B,C,A,A,B,A,B,B,A,B,A,B,B,B,A
210063234065,2024,7,M,1,4,1,1,5,,0,3523107,Itaquaquecetuba,35,SP,D,E,B,F,5,B,D,A,B,C,B,A,B,A,B,B,A,B,A,B,B,D,A
210063234938,2024,1,F,1,1,1,3,0,,1,3523107,Itaquaquecetuba,35,SP,B,B,B,B,3,A,B,A,B,C,A,A,B,A,B,A,A,B,A,B,A,D,A
210063235786,2024,2,F,1,1,1,2,0,1,0,3523107,Itaquaquecetuba,35,SP,B,C,B,B,3,A,B,A,B,B,A,A,B,A,A,A,A,B,A,B,A,D,A
210063235989,2024,3,M,1,3,1,2,0,1,0,3523107,Itaquaquecetuba,35,SP,E,F,D,D,6,A,C,A,C,C,B,A,B,A,A,B,A,B,A,B,B,E,A
210063236078,2024,2,F,1,2,1,2,0,1,0,3523107,Itaquaquecetuba,35,SP,B,B,B,B,4,A,B,A,B,B,A,A,B,A,A,A,A,B,A,B,A,C,A
210063236712,2024,3,F,1,3,1,2,0,1,0,3523107,Itaquaquecetuba,35,SP,D,D,C,C,3,A,C,A,B,C,B,A,B,A,B,A,B,B,A,B,B,D,A
210063240599,2024,5,M,1,1,1,1,3,,0,3523107,Itaquaquecetuba,35,SP,E,F,B,D,3,A,E,A,C,C,B,A,B,A,B,B,B,C,A,B,B,D,A
210063240602,2024,3,F,1,3,1,2,0,1,0,3523107,Itaquaquecetuba,35,SP,B,B,C,B,3,B,B,A,B,B,A,A,B,A,A,A,A,A,A,B,B,D,A
210063246003,2024,7,M,1,3,1,1,5,,0,3523107,Itaquaquecetuba,35,SP,A,E,C,B,4,A,C,A,B,C,A,A,B,A,B,B,B,A,A,B,B,E,A
210063246348,2024,3,M,1,1,1,2,0,1,0,3523107,Itaquaquecetuba,35,SP,D,E,C,A,5,A,A,A,B,C,A,A,B,A,A,A,B,B,A,B,A,E,A
210063247491,2024,3,F,1,1,1,2,0,1,0,3523107,Itaquaquecetuba,35,SP,H,H,F,F,3,A,C,A,B,D,B,A,B,A,B,B,A,C,A,B,C,D,A
210063248189,2024,15,F,2,1,1,1,18,,0,3523107,Itaquaquecetuba,35,SP,A,B,B,B,6,A,C,A,B,C,A,A,B,A,B,A,A,B,A,B,B,C,A
210063248271,2024,13,F,2,1,1,1,18,,0,3523107,Itaquaquecetuba,35,SP,E,E,B,B,4,B,E,A,B,C,B,A,B,A,A,B,A,B,A,B,B,E,A
210063249006,2024,2,F,1,1,1,3,0,,1,3523107,Itaquaquecetuba,35,SP,C,B,F,B,5,A,A,A,B,B,A,A,B,A,A,A,A,B,A,B,A,A,A
210063249215,2024,2,M,1,1,1,3,0,,1,3523107,Itaquaquecetuba,35,SP,B,D,C,B,4,A,C,A,B,C,B,A,B,A,B,B,A,B,A,B,B,E,A
210063249626,2024,12,F,1,1,1,1,16,,0,3523107,Itaquaquecetuba,35,SP,B,B,C,F,3,B,B,A,B,B,A,A,B,A,A,B,A,B,B,B,A,B,A
210063250608,2024,3,F,1,1,1,2,0,1,0,3523107,Itaquaquecetuba,35,SP,E,E,B,B,3,B,B,A,B,B,A,A,B,A,A,B,A,B,A,B,B,B,A
210063251406,2024,14,F,2,1,1,1,18,,0,3523107,Itaquaquecetuba,35,SP,C,B,D,B,4,B,B,A,B,C,B,A,B,A,A,B,A,B,A,B,A,C,A
210063251444,2024,7,F,2,3,1,1,5,,0,3523107,Itaquaquecetuba,35,SP,E,E,C,F,2,B,E,A,B,B,B,A,B,A,B,B,A,B,A,B,B,C,A
210063252419,2024,3,M,1,2,1,2,0,1,0,3523107,Itaquaquecetuba,35,SP,C,D,F,F,6,A,A,A,C,C,A,A,B,A,B,B,A,B,B,B,B,D,A
210063252670,2024,15,M,1,3,1,1,18,,0,3523107,Itaquaquecetuba,35,SP,A,E,C,B,1,A,A,A,B,B,A,A,A,A,A,A,A,B,A,B,B,B,A
210063255252,2024,5,M,1,1,1,1,2,,0,3523107,Itaquaquecetuba,35,SP,E,H,B,F,3,B,C,A,C,C,B,A,B,A,B,B,A,D,A,B,B,D,A
210063256123,2024,4,F,1,3,1,1,2,,0,3523107,Itaquaquecetuba,35,SP,B,A,F,D,6,A,B,C,B,B,A,A,B,A,B,A,A,A,A,B,B,D,A
210063256931,2024,1,F,1,2,1,3,0,,1,3523107,Itaquaquecetuba,35,SP,B,F,B,C,4,A,C,A,B,B,A,A,B,A,B,B,A,B,A,B,A,D,A
210063258247,2024,3,F,1,3,1,2,0,1,0,3523107,Itaquaquecetuba,35,SP,E,E,B,D,3,A,C,A,B,C,B,A,B,A,A,B,A,B,A,B,B,D,A
210063259542,2024,4,M,1,1,1,1,0,,0,3523107,Itaquaquecetuba,35,SP,E,E,F,F,4,B,E,A,B,C,B,A,B,A,B,B,B,D,A,B,D,E,A
210063261650,2024,3,M,1,3,1,2,0,1,0,3523107,Itaquaquecetuba,35,SP,H,E,F,B,5,A,D,A,C,C,B,A,B,A,B,B,A,B,B,B,B,E,B
210063262250,2024,3,M,1,1,1,2,0,1,0,3523107,Itaquaquecetuba,35,SP,H,H,C,F,4,B,D,A,C,C,B,A,B,A,B,B,B,D,A,B,B,E,A
210063262777,2024,13,F,2,3,1,1,18,,0,3523107,Itaquaquecetuba,35,SP,H,D,C,B,4,B,B,A,B,C,A,A,B,A,B,B,A,B,A,B,A,D,A
210063267181,2024,3,F,1,1,1,2,0,1,0,3523107,Itaquaquecetuba,35,SP,C,C,C,B,5,A,C,A,C,D,A,A,B,A,B,A,A,B,A,B,B,B,A
210063267432,2024,3,F,1,1,1,2,0,1,0,3523107,Itaquaquecetuba,35,SP,E,E,F,C,2,A,C,A,B,B,B,A,B,A,A,B,A,B,A,B,A,C,A
210063268885,2024,3,M,1,3,1,2,0,1,0,3523107,Itaquaquecetuba,35,SP,E,E,C,B,4,B,K,D,B,D,A,A,B,B,B,B,B,D,B,B,B,E,A
210063269090,2024,3,F,1,1,1,2,0,1,0,3523107,Itaquaquecetuba,35,SP,E,E,C,B,4,A,C,A,B,B,A,A,B,A,A,B,A,B,B,B,A,E,A
210063270184,2024,3,F,1,1,1,3,0,,1,3523107,Itaquaquecetuba,35,SP,H,E,F,B,4,A,B,A,B,C,A,A,B,A,A,A,A,A,A,A,A,B,A
210063270838,2024,12,M,2,1,1,1,0,,0,3523107,Itaquaquecetuba,35,SP,B,B,C,F,3,B,B,A,B,C,B,B,B,A,A,A,A,B,A,B,B,D,A
210063270981,2024,3,M,1,3,1,2,0,1,0,3523107,Itaquaquecetuba,35,SP,D,D,C,B,4,A,C,A,B,D,B,A,B,A,B,B,B,C,A,B,A,D,A
210063273763,2024,11,M,1,2,1,1,12,,0,3523107,Itaquaquecetuba,35,SP,B,C,D,D,1,B,I,A,B,C,B,A,B,A,B,B,A,C,A,B,B,B,A
210063275249,2024,5,F,1,1,1,1,3,,0,3523107,Itaquaquecetuba,35,SP,E,E,B,B,3,A,C,A,B,B,A,A,B,A,B,A,A,B,A,B,B,B,A
210063277612,2024,2,M,1,3,1,2,0,1,0,3523107,Itaquaquecetuba,35,SP,H,H,C,F,4,A,C,A,B,B,A,A,B,A,A,B,A,B,A,B,A,C,A
210063279382,2024,3,M,1,3,2,2,0,1,0,3523107,Itaquaquecetuba,35,SP,H,F,F,F,7,A,E,A,B,D,C,B,D,A,B,B,B,C,A,B,B,E,A
210063279958,2024,3,M,1,3,1,2,0,1,0,3523107,Itaquaquecetuba,35,SP,G,G,C,E,4,B,H,A,B,C,B,A,B,A,B,B,B,C,A,B,A,E,B
210063280103,2024,8,M,1,3,1,1,6,,0,3523107,Itaquaquecetuba,35,SP,A,D,C,B,4,B,C,A,B,C,B,A,B,A,A,A,A,B,A,B,A,D,A
210063280753,2024,1,F,1,1,1,3,0,,1,3523107,Itaquaquecetuba,35,SP,E,E,C,D,5,A,D,A,D,D,B,A,B,A,B,B,B,B,A,B,B,E,B
210063282371,2024,3,M,1,3,1,2,0,1,0,3523107,Itaquaquecetuba,35,SP,G,D,D,D,4,B,C,A,C,C,B,B,B,A,B,A,A,C,B,B,B,E,A
210063284093,2024,3,F,1,4,1,2,0,1,0,3523107,Itaquaquecetuba,35,SP,E,G,C,B,6,A,C,A,B,C,B,A,B,B,A,B,A,B,A,B,B,E,A
210063284241,2024,11,M,1,1,1,1,9,,0,3523107,Itaquaquecetuba,35,SP,C,C,D,B,3,B,F,C,C,D,C,A,B,A,B,B,A,B,B,B,C,D,A
210063284453,2024,5,M,1,2,1,1,2,,0,3523107,Itaquaquecetuba,35,SP,E,F,C,D,3,A,C,A,B,B,A,B,B,A,B,B,A,B,A,B,A,D,A
210063285158,2024,2,M,1,3,1,2,0,1,0,3523107,Itaquaquecetuba,35,SP,E,E,C,C,3,A,C,A,C,C,B,A,B,A,B,B,B,B,B,B,B,D,A
210063286731,2024,5,F,1,3,1,1,3,,0,3523107,Itaquaquecetuba,35,SP,C,D,C,B,2,B,C,A,B,B,A,A,B,A,B,A,A,B,A,B,A,C,A
210063287149,2024,3,F,1,1,1,2,0,1,0,3523107,Itaquaquecetuba,35,SP,E,E,C,B,4,B,C,A,D,C,B,A,B,A,B,B,A,D,A,B,B,D,A
210063287240,2024,1,F,1,1,1,3,0,,1,3523107,Itaquaquecetuba,35,SP,E,E,B,B,4,A,C,A,B,C,A,A,B,A,B,A,A,B,A,B,A,D,A
210063288564,2024,3,M,1,3,1,2,0,1,0,3523107,Itaquaquecetuba,35,SP,E,E,B,B,5,B,B,A,B,C,B,A,B,A,B,B,B,B,A,B,B,B,A
210063289357,2024,7,M,1,3,1,1,4,,0,3523107,Itaquaquecetuba,35,SP,B,E,F,B,1,B,C,A,B,C,B,A,B,A,B,B,A,A,A,B,A,B,A
210063289426,2024,12,F,2,2,2,1,17,,0,3523107,Itaquaquecetuba,35,SP,D,B,A,A,5,A,B,A,B,B,A,A,B,B,B,B,A,B,A,B,A,D,A
210063289685,2024,3,F,1,3,1,2,0,1,0,3523107,Itaquaquecetuba,35,SP,D,E,C,B,4,A,C,A,B,B,B,A,B,A,B,B,A,B,A,B,A,C,A
210063289958,2024,3,F,1,3,1,2,0,1,0,3523107,Itaquaquecetuba,35,SP,C,B,C,C,6,A,B,A,B,C,A,A,B,A,B,A,A,B,A,A,A,E,A
210063290529,2024,2,F,1,2,1,2,0,1,0,3523107,Itaquaquecetuba,35,SP,E,E,C,C,2,B,D,A,B,B,A,A,B,A,B,B,A,B,A,B,B,C,A
210063291104,2024,4,F,1,1,1,1,2,,0,3523107,Itaquaquecetuba,35,SP,E,C,D,C,3,B,F,A,B,C,A,A,B,A,B,B,B,D,A,B,A,D,A
210063292929,2024,2,F,1,3,1,2,0,1,0,3523107,Itaquaquecetuba,35,SP,E,D,D,B,2,A,C,A,B,C,B,A,B,A,A,B,B,D,A,B,B,C,A
210063292949,2024,2,F,1,3,1,2,0,1,0,3523107,Itaquaquecetuba,35,SP,B,H,F,B,2,A,B,A,B,B,A,A,B,A,B,B,A,B,A,B,A,C,A
210063293487,2024,10,F,1,1,1,1,0,,0,3523107,Itaquaquecetuba,35,SP,B,B,B,B,2,B,B,A,B,B,B,A,B,A,B,B,A,B,A,B,B,C,A
210063294903,2024,11,F,1,3,1,1,9,,0,3523107,Itaquaquecetuba,35,SP,B,D,C,C,3,B,B,A,B,B,A,A,B,A,B,B,A,B,A,A,A,B,A
210063299219,2024,4,F,1,3,1,1,2,,0,3523107,Itaquaquecetuba,35,SP,D,B,C,B,4,B,C,A,B,B,A,A,B,A,B,B,A,B,A,B,A,D,A
210063302230,2024,1,M,1,2,1,3,0,,1,3523107,Itaquaquecetuba,35,SP,E,E,C,B,4,B,B,A,B,C,C,A,B,B,B,B,B,B,A,B,B,E,A
210063303227,2024,6,F,1,1,1,1,2,,0,3523107,Itaquaquecetuba,35,SP,B,F,C,D,3,A,C,A,C,C,B,A,B,A,B,B,A,B,A,B,B,C,A
210063304254,2024,2,F,1,1,1,2,0,1,0,3523107,Itaquaquecetuba,35,SP,E,E,C,D,3,A,O,A,B,C,B,A,B,A,B,B,B,B,B,B,A,D,D
210063304676,2024,2,F,1,3,1,2,0,1,0,3523107,Itaquaquecetuba,35,SP,D,B,F,F,7,B,A,A,B,C,A,A,B,A,A,A,A,A,A,B,A,C,A
210063306208,2024,7,F,0,1,1,1,4,,0,3523107,Itaquaquecetuba,35,SP,D,E,C,B,3,B,C,A,B,B,A,A,B,A,A,A,A,B,A,B,B,C,A
210063306745,2024,3,F,1,3,1,2,0,,0,3523107,Itaquaquecetuba,35,SP,C,E,B,D,6,B,D,A,B,C,A,A,B,A,B,B,A,B,A,B,A,E,A
210063306888,2024,2,F,1,2,1,2,0,1,0,3523107,Itaquaquecetuba,35,SP,D,E,C,F,5,B,C,A,B,C,B,A,B,A,B,B,A,B,A,B,A,D,A
210063307315,2024,13,M,1,3,1,1,18,,0,3523107,Itaquaquecetuba,35,SP,B,E,C,B,1,A,A,A,B,B,A,A,B,A,B,A,A,B,A,B,B,B,A
210063307449,2024,2,M,1,1,1,2,0,1,0,3523107,Itaquaquecetuba,35,SP,E,E,C,C,4,A,C,A,B,B,C,A,B,A,B,B,A,B,B,B,B,C,A
210063307653,2024,1,F,1,1,1,3,0,,1,3523107,Itaquaquecetuba,35,SP,E,E,F,B,4,A,B,A,B,C,A,A,B,A,B,B,A,B,A,B,A,B,A
210063308634,2024,3,F,1,1,1,2,0,1,0,3523107,Itaquaquecetuba,35,SP,B,B,C,B,3,A,C,A,B,C,A,A,B,A,B,B,A,C,A,B,B,D,A
210063308784,2024,2,M,1,2,1,2,0,1,0,3523107,Itaquaquecetuba,35,SP,H,D,F,B,2,A,B,A,B,C,A,A,B,A,B,B,A,B,A,B,A,C,A
210063309099,2024,5,F,1,3,3,1,2,,0,3523107,Itaquaquecetuba,35,SP,F,E,D,B,4,A,B,A,B,C,B,A,B,A,B,B,A,B,B,B,B,D,A
210063309466,2024,3,F,1,3,1,2,0,1,0,3523107,Itaquaquecetuba,35,SP,B,B,F,F,3,A,A,A,A,A,A,A,A,A,A,A,A,A,A,A,A,C,A
210063309496,2024,3,F,1,3,1,2,0,1,0,3523107,Itaquaquecetuba,35,SP,E,C,C,C,2,A,B,A,B,B,A,A,B,A,B,A,A,B,A,B,A,B,A
210063310308,2024,2,F,1,3,1,3,0,,1,3523107,Itaquaquecetuba,35,SP,E,G,C,D,4,A,G,A,B,C,C,A,B,A,B,B,B,C,A,B,B,D,A
210063311028,2024,3,M,1,3,1,2,0,1,0,3523107,Itaquaquecetuba,35,SP,E,E,C,E,3,A,C,A,B,C,C,A,B,A,B,B,B,D,B,B,C,D,D
210063311191,2024,3,F,1,3,1,2,0,1,0,3523107,Itaquaquecetuba,35,SP,E,F,D,D,3,A,C,A,B,C,B,A,B,A,B,B,A,B,A,B,B,D,A
210063311272,2024,3,M,1,2,1,2,0,1,0,3523107,Itaquaquecetuba,35,SP,H,E,F,B,4,A,D,A,C,C,A,A,B,A,B,B,A,C,B,B,B,D,A
210063311912,2024,5,M,1,3,2,1,2,,0,3523107,Itaquaquecetuba,35,SP,H,E,F,C,2,B,E,A,C,D,C,A,C,B,B,B,B,D,A,B,B,D,A
210063312078,2024,3,M,1,2,1,1,1,,0,3523107,Itaquaquecetuba,35,SP,F,E,B,B,2,B,B,A,B,B,A,A,B,B,B,B,B,B,A,B,B,C,C
210063312508,2024,2,F,1,1,1,3,0,,1,3523107,Itaquaquecetuba,35,SP,G,F,D,D,4,A,G,A,B,C,A,A,B,A,B,A,A,B,A,B,B,C,D
210063312968,2024,4,F,1,1,1,2,0,1,0,3523107,Itaquaquecetuba,35,SP,C,C,F,B,4,A,A,A,B,B,A,A,B,A,A,A,A,B,A,B,A,C,A
210063313425,2024,3,M,1,1,1,2,0,1,0,3523107,Itaquaquecetuba,35,SP,B,C,B,B,2,A,C,A,B,B,A,A,B,A,A,A,B,B,A,B,A,C,A
210063313433,2024,3,M,1,3,1,2,0,1,0,3523107,Itaquaquecetuba,35,SP,D,E,B,B,2,A,B,A,C,B,C,A,C,A,B,B,A,B,A,B,B,C,A
210063313959,2024,4,M,1,3,1,1,2,,0,3523107,Itaquaquecetuba,35,SP,H,E,C,B,4,A,B,A,B,B,A,A,B,A,A,B,A,B,A,B,A,C,A
210063315576,2024,3,M,1,1,1,2,0,1,0,3523107,Itaquaquecetuba,35,SP,F,E,D,D,3,A,H,A,C,C,B,A,B,A,B,B,A,B,A,B,C,D,D
210063316091,2024,15,F,1,2,1,1,18,,0,3523107,Itaquaquecetuba,35,SP,A,A,B,B,3,B,B,A,B,B,A,A,B,A,B,B,B,B,A,B,B,D,A
210063316743,2024,5,F,1,1,1,1,2,,0,3523107,Itaquaquecetuba,35,SP,E,E,C,B,2,B,C,B,B,C,A,A,B,A,A,B,A,B,A,A,B,C,C
210063318392,2024,2,F,1,2,1,2,0,1,0,3523107,Itaquaquecetuba,35,SP,C,B,C,B,4,A,C,A,B,C,B,A,B,A,B,B,B,B,A,B,B,D,A
210063318771,2024,2,F,1,2,1,2,0,1,0,3523107,Itaquaquecetuba,35,SP,B,B,C,B,7,A,B,A,B,C,A,A,B,A,B,B,A,B,A,B,A,B,A
210063322525,2024,1,M,1,1,1,3,0,,1,3523107,Itaquaquecetuba,35,SP,C,D,B,B,3,A,B,A,B,B,A,A,B,A,A,A,A,B,A,A,A,B,A
210063323579,2024,3,F,1,3,1,2,0,1,0,3523107,Itaquaquecetuba,35,SP,E,G,D,D,4,B,I,A,D,D,C,A,C,A,B,B,B,D,A,B,C,E,D
210063324689,2024,3,F,1,1,1,1,1,,0,3523107,Itaquaquecetuba,35,SP,C,E,D,D,3,A,D,A,C,C,C,A,B,A,B,B,B,B,A,B,B,D,D
210063326908,2024,3,F,1,1,1,2,0,1,0,3523107,Itaquaquecetuba,35,SP,E,E,B,A,3,A,B,A,B,C,A,A,B,A,A,B,A,B,A,B,A,B,A
210063327869,2024,4,F,1,3,1,1,2,,0,3523107,Itaquaquecetuba,35,SP,C,D,F,B,3,B,C,A,B,C,A,A,B,A,B,B,B,B,A,B,A,D,A
210063328725,2024,4,M,1,3,1,1,2,,0,3523107,Itaquaquecetuba,35,SP,E,E,B,B,3,B,E,A,B,C,B,A,B,A,B,B,A,C,A,B,B,D,A
210063330324,2024,4,M,1,3,2,1,1,,0,3523107,Itaquaquecetuba,35,SP,E,E,C,B,4,B,E,A,C,C,C,A,B,B,B,B,A,B,A,B,B,E,A
210063330599,2024,2,F,1,2,1,2,0,1,0,3523107,Itaquaquecetuba,35,SP,D,E,C,B,3,A,B,A,B,B,A,A,B,A,B,A,A,B,A,B,B,D,A
210063331470,2024,2,F,1,1,1,2,0,1,0,3523107,Itaquaquecetuba,35,SP,C,E,B,B,4,A,B,A,B,C,A,A,B,A,B,B,A,B,A,A,A,B,A
210063332827,2024,2,F,1,1,1,2,0,1,0,3523107,Itaquaquecetuba,35,SP,F,H,D,D,4,A,G,A,C,D,B,A,B,A,B,B,B,D,B,B,E,E,D
210063334652,2024,3,F,1,3,1,1,1,,0,3523107,Itaquaquecetuba,35,SP,F,E,C,B,3,A,D,A,B,C,B,B,B,A,B,B,A,B,A,B,A,D,A
210063337035,2024,8,F,1,3,1,1,7,,0,3523107,Itaquaquecetuba,35,SP,E,C,B,B,4,A,A,A,B,B,A,A,B,A,A,A,A,B,A,A,A,B,A
210063340384,2024,3,M,1,1,1,2,0,1,0,3523107,Itaquaquecetuba,35,SP,E,E,F,B,3,A,C,A,B,C,B,B,B,A,B,B,A,B,A,B,B,C,A
210063344339,2024,3,M,1,3,1,1,1,,0,3523107,Itaquaquecetuba,35,SP,E,E,D,D,5,B,H,A,B,C,B,A,B,A,B,B,B,C,B,B,A,D,A
210063344341,2024,3,M,1,1,1,2,0,1,0,3523107,Itaquaquecetuba,35,SP,G,E,F,B,4,A,C,A,B,C,A,A,B,A,B,B,B,B,A,B,C,D,A
210063348184,2024,3,M,1,4,1,2,0,1,0,3523107,Itaquaquecetuba,35,SP,E,G,C,E,4,A,I,A,D,D,B,B,C,A,B,B,B,C,A,B,C,E,A
210063348863,2024,11,F,0,3,1,2,0,,0,3523107,Itaquaquecetuba,35,SP,A,A,A,A,3,A,C,A,B,A,A,A,B,A,B,B,A,B,A,B,A,C,A
210063348992,2024,3,M,1,2,1,2,0,1,0,3523107,Itaquaquecetuba,35,SP,D,D,C,B,6,A,C,A,B,C,A,A,B,A,B,B,A,C,A,B,A,D,A
210063349090,2024,2,M,1,2,2,2,0,1,0,3523107,Itaquaquecetuba,35,SP,E,F,D,B,3,A,E,A,B,C,A,B,B,A,B,B,A,C,A,B,B,D,A
210063349827,2024,4,F,1,1,1,1,2,,0,3523107,Itaquaquecetuba,35,SP,C,C,B,B,4,A,A,A,B,C,A,A,B,A,A,B,A,B,A,B,B,C,A
210063351397,2024,5,F,1,3,1,1,3,,0,3523107,Itaquaquecetuba,35,SP,D,D,B,B,3,A,B,A,B,B,A,A,B,A,B,B,A,B,A,B,A,C,A
210063352614,2024,2,M,1,1,1,2,0,1,0,3523107,Itaquaquecetuba,35,SP,C,E,C,F,3,B,D,A,B,B,B,A,B,A,A,A,A,B,A,B,A,B,A
210063355719,2024,4,F,1,3,1,1,2,,0,3523107,Itaquaquecetuba,35,SP,H,C,C,B,5,A,C,A,C,C,A,A,B,A,B,A,A,B,A,B,A,E,A
210063361172,2024,4,M,1,1,1,1,1,,0,3523107,Itaquaquecetuba,35,SP,E,E,D,F,4,A,B,A,C,D,B,A,B,A,B,B,B,B,A,B,B,E,A
210063361578,2024,3,M,1,1,1,2,0,1,0,3523107,Itaquaquecetuba,35,SP,F,G,C,D,4,A,D,B,C,D,B,B,B,A,B,B,B,B,A,B,C,D,A
210063361671,2024,2,M,1,1,1,2,0,1,0,3523107,Itaquaquecetuba,35,SP,E,E,C,B,4,A,F,A,B,B,A,A,B,A,B,B,A,B,A,B,A,E,A
210063361930,2024,1,M,1,3,1,3,0,,1,3523107,Itaquaquecetuba,35,SP,E,E,F,D,2,A,B,A,B,B,A,A,B,A,B,B,A,B,A,A,A,B,A
210063364621,2024,2,F,1,3,1,2,0,1,0,3523107,Itaquaquecetuba,35,SP,B,D,B,B,5,A,B,A,B,C,B,A,B,A,B,B,A,B,A,B,B,D,A
210063365052,2024,2,F,1,1,1,2,0,1,0,3523107,Itaquaquecetuba,35,SP,B,D,E,B,4,A,C,A,B,C,C,B,B,A,B,A,A,B,B,B,B,E,A
210063365962,2024,11,M,1,1,1,1,11,,0,3523107,Itaquaquecetuba,35,SP,B,A,F,B,1,A,A,A,B,B,A,A,B,A,B,A,A,B,A,B,A,A,A
210063368747,2024,6,M,1,3,1,1,4,,0,3523107,Itaquaquecetuba,35,SP,E,E,D,B,3,B,M,A,C,D,B,A,B,A,B,B,B,A,A,B,C,D,A
210063373207,2024,12,M,1,3,1,1,15,,0,3523107,Itaquaquecetuba,35,SP,A,A,A,B,3,B,E,A,B,B,B,A,B,A,B,B,A,B,A,B,B,C,A
210063374009,2024,3,F,1,3,1,2,0,1,0,3523107,Itaquaquecetuba,35,SP,E,E,C,B,4,A,F,A,B,C,B,A,B,A,B,B,A,B,A,B,A,C,A
210063374326,2024,4,M,1,2,1,1,1,,0,3523107,Itaquaquecetuba,35,SP,F,E,D,D,4,B,F,A,B,D,B,A,B,A,B,B,A,B,A,B,B,E,A
210063379414,2024,3,M,1,1,1,2,0,1,0,3523107,Itaquaquecetuba,35,SP,H,E,F,B,5,A,B,A,B,B,A,A,B,A,A,B,A,B,A,A,B,D,A
210063381300,2024,3,F,1,1,1,2,0,1,0,3523107,Itaquaquecetuba,35,SP,H,E,D,C,4,A,E,A,C,C,B,A,B,B,B,B,A,B,A,B,B,C,A
210063383351,2024,2,F,1,2,1,2,0,1,0,3523107,Itaquaquecetuba,35,SP,H,E,C,C,2,A,B,A,B,B,A,A,B,A,B,A,A,B,A,B,A,B,A
210063383644,2024,5,M,1,1,1,1,3,,0,3523107,Itaquaquecetuba,35,SP,E,E,C,D,4,A,C,A,B,C,B,A,B,A,A,A,A,B,A,B,A,E,A
210063383888,2024,7,F,1,2,1,1,5,,0,3523107,Itaquaquecetuba,35,SP,H,B,F,B,6,A,C,A,C,C,A,A,B,A,B,B,A,C,A,B,A,E,A
210063383918,2024,2,M,1,3,1,2,0,1,0,3523107,Itaquaquecetuba,35,SP,F,E,D,D,4,A,B,A,A,B,A,A,B,A,A,A,A,B,A,B,B,B,A
210063384730,2024,3,M,1,1,1,2,0,1,0,3523107,Itaquaquecetuba,35,SP,E,D,C,B,5,A,C,A,B,D,B,A,B,A,B,B,A,B,A,B,B,E,A
210063385226,2024,15,M,2,1,1,1,18,,0,3523107,Itaquaquecetuba,35,SP,C,E,B,B,4,B,H,A,C,C,A,A,B,A,B,B,A,B,A,B,B,E,A
210063387037,2024,5,M,1,1,1,1,2,,0,3523107,Itaquaquecetuba,35,SP,E,D,C,B,4,B,D,A,B,C,A,A,B,A,A,B,B,B,A,B,A,D,A
210063387131,2024,3,F,1,3,1,2,0,1,0,3523107,Itaquaquecetuba,35,SP,E,E,C,B,4,A,E,A,B,B,B,A,B,A,A,A,A,C,A,B,A,D,A
210063387960,2024,3,M,1,1,1,2,0,1,0,3523107,Itaquaquecetuba,35,SP,E,G,C,D,3,A,H,A,C,B,B,A,C,A,B,B,B,D,A,B,B,D,B
210063388368,2024,3,M,1,3,1,2,0,1,0,3523107,Itaquaquecetuba,35,SP,D,E,C,B,4,A,G,A,C,D,C,A,B,A,B,B,B,D,B,B,B,B,A
210063390724,2024,2,M,1,1,1,3,0,,1,3523107,Itaquaquecetuba,35,SP,C,E,C,B,4,A,C,A,B,C,A,A,B,A,A,A,A,B,A,B,A,B,A
210063391360,2024,1,F,1,3,1,3,0,,1,3523107,Itaquaquecetuba,35,SP,G,F,D,D,4,A,H,A,C,D,B,A,B,A,B,B,A,B,B,B,B,B,D
210063394833,2024,3,F,1,2,2,2,0,1,0,3523107,Itaquaquecetuba,35,SP,B,B,F,B,3,A,C,A,B,C,B,A,B,A,B,B,B,B,B,B,A,D,A
210063394934,2024,16,F,1,3,1,1,0,,0,3523107,Itaquaquecetuba,35,SP,A,A,A,A,6,B,B,A,B,B,A,A,B,A,A,A,A,B,A,A,A,C,A
210063395018,2024,3,M,1,3,2,1,0,,0,3523107,Itaquaquecetuba,35,SP,A,B,B,B,3,A,B,A,B,C,B,A,B,A,B,B,A,B,A,B,B,D,A
210063400280,2024,3,M,1,1,1,2,0,1,0,3523107,Itaquaquecetuba,35,SP,E,E,C,C,3,B,E,A,B,C,B,A,B,B,B,B,B,B,B,B,B,D,A
210063400800,2024,3,F,1,1,4,2,0,1,0,3523107,Itaquaquecetuba,35,SP,E,E,C,B,3,A,E,A,C,D,C,A,B,B,B,B,B,D,B,B,E,E,A
210063400890,2024,4,F,1,3,1,1,2,,0,3523107,Itaquaquecetuba,35,SP,E,E,C,B,4,B,B,A,B,C,B,A,B,A,B,B,A,B,A,B,A,B,A
210063402537,2024,13,F,2,1,1,1,18,,0,3523107,Itaquaquecetuba,35,SP,A,A,C,B,4,B,D,A,C,C,B,A,B,A,B,B,B,B,A,B,C,D,A
210063403295,2024,7,M,1,3,1,1,5,,0,3523107,Itaquaquecetuba,35,SP,D,E,C,B,6,B,C,A,B,C,A,A,B,A,A,A,A,B,A,B,A,E,A
210063404109,2024,3,F,1,1,1,2,0,1,0,3523107,Itaquaquecetuba,35,SP,E,E,D,F,5,B,B,A,B,C,B,A,B,B,B,B,A,A,A,B,B,D,A
210063405517,2024,1,F,1,1,1,3,0,,1,3523107,Itaquaquecetuba,35,SP,D,D,C,B,5,B,E,A,B,C,B,A,B,A,B,A,A,B,A,B,A,C,A
210063405865,2024,2,M,1,1,1,3,0,,1,3523107,Itaquaquecetuba,35,SP,E,E,B,B,5,B,F,A,B,B,A,A,B,B,B,A,A,B,A,B,B,D,A
210063405956,2024,11,F,1,3,1,1,10,,0,3523107,Itaquaquecetuba,35,SP,B,D,D,B,1,B,C,A,B,B,A,A,B,A,A,B,A,B,A,B,B,B,A
210063406135,2024,8,F,1,1,1,1,6,,0,3523107,Itaquaquecetuba,35,SP,C,E,B,B,1,A,B,A,C,C,A,B,B,A,B,B,B,B,A,B,B,B,A
210063409268,2024,2,M,1,1,1,3,0,,1,3523107,Itaquaquecetuba,35,SP,D,D,C,A,2,A,B,A,B,A,A,A,B,A,A,A,A,B,A,A,A,B,C
210063410422,2024,3,M,1,2,1,1,1,,0,3523107,Itaquaquecetuba,35,SP,F,E,B,B,4,A,D,A,B,C,B,B,B,A,A,A,A,B,A,B,A,E,A
210063410891,2024,5,F,1,3,1,1,2,,0,3523107,Itaquaquecetuba,35,SP,H,E,B,C,3,A,C,A,B,B,A,A,B,A,B,A,A,B,A,B,B,B,A
210063411840,2024,3,M,1,1,1,2,0,1,0,3523107,Itaquaquecetuba,35,SP,C,B,C,F,3,A,C,A,B,C,A,A,B,A,A,B,A,B,A,B,A,D,A
210063412195,2024,1,F,1,1,1,3,0,,1,3523107,Itaquaquecetuba,35,SP,D,F,C,E,4,A,H,A,C,C,B,A,B,A,B,B,B,C,A,B,B,E,A
210063412466,2024,3,F,1,1,1,2,0,1,0,3523107,Itaquaquecetuba,35,SP,D,E,B,B,4,A,E,A,B,C,B,A,B,A,B,B,B,B,A,B,B,D,D
210063414301,2024,2,F,1,3,1,3,0,,1,3523107,Itaquaquecetuba,35,SP,B,E,C,B,8,A,E,A,B,D,A,A,B,B,B,B,A,B,A,B,A,E,A
210063414458,2024,3,M,1,1,1,2,0,1,0,3523107,Itaquaquecetuba,35,SP,H,B,C,C,4,B,C,A,D,C,C,A,B,B,B,B,B,C,B,B,B,E,A
210063415185,2024,2,F,1,1,1,2,0,1,0,3523107,Itaquaquecetuba,35,SP,E,E,C,D,3,A,H,A,B,C,B,A,B,A,B,B,A,B,A,B,B,D,E
210063416197,2024,15,F,1,2,1,1,18,,0,3523107,Itaquaquecetuba,35,SP,H,H,C,B,3,B,C,A,B,C,A,A,B,A,B,B,A,C,A,B,B,B,A
210063417252,2024,4,M,1,3,1,1,2,,0,3523107,Itaquaquecetuba,35,SP,D,D,C,B,3,B,B,A,B,C,B,A,B,A,B,A,A,B,A,B,B,D,A
210063419584,2024,4,F,1,3,1,2,0,1,0,3523107,Itaquaquecetuba,35,SP,H,H,D,F,4,A,C,A,B,D,B,A,B,A,B,B,B,B,B,B,A,E,A
210063420938,2024,13,M,2,0,0,1,18,,0,3523107,Itaquaquecetuba,35,SP,B,B,A,B,5,B,C,A,B,C,B,A,B,A,B,B,B,C,A,B,B,C,A
210063421057,2024,8,F,3,3,1,1,6,,0,3523107,Itaquaquecetuba,35,SP,H,G,C,D,2,B,B,A,B,B,B,A,B,A,B,B,B,B,A,B,B,B,A
210063422835,2024,3,M,1,1,1,2,0,1,0,3523107,Itaquaquecetuba,35,SP,E,E,C,C,3,A,B,A,B,C,A,A,B,A,B,B,A,A,A,B,A,D,A
210063424573,2024,3,F,1,3,1,2,0,1,0,3523107,Itaquaquecetuba,35,SP,E,E,C,B,5,A,B,A,B,B,A,A,B,A,A,A,A,B,A,B,A,B,A
210063427601,2024,2,M,1,1,1,3,0,,1,3523107,Itaquaquecetuba,35,SP,E,D,C,F,4,A,D,A,B,B,B,A,B,A,B,B,A,C,A,B,B,D,A
210063428662,2024,8,F,2,3,1,1,6,,0,3523107,Itaquaquecetuba,35,SP,B,B,B,B,3,A,B,A,B,C,B,A,B,A,B,B,A,B,A,B,A,C,A
210063429353,2024,11,F,1,2,1,1,13,,0,3523107,Itaquaquecetuba,35,SP,A,B,F,B,3,B,B,A,B,C,A,A,B,A,B,A,A,B,A,A,A,A,A
210063431121,2024,2,F,1,1,1,2,0,1,0,3523107,Itaquaquecetuba,35,SP,B,C,B,B,3,A,A,A,B,B,A,A,B,A,A,B,A,A,A,B,A,B,A
210063431652,2024,3,M,1,2,1,2,0,1,0,3523107,Itaquaquecetuba,35,SP,E,C,B,D,5,A,G,A,C,C,B,A,B,B,B,B,A,C,A,B,B,E,A
210063432946,2024,3,M,1,2,1,2,0,1,0,3523107,Itaquaquecetuba,35,SP,E,E,C,B,5,A,D,A,B,B,A,A,B,A,A,A,A,B,A,B,A,E,A
210063434063,2024,4,F,1,1,1,1,1,,0,3523107,Itaquaquecetuba,35,SP,D,D,A,A,5,A,B,A,B,B,B,A,B,A,B,A,A,B,A,B,A,B,A
210063434156,2024,3,F,1,3,1,2,0,1,0,3523107,Itaquaquecetuba,35,SP,B,C,F,C,3,A,E,A,B,C,A,A,B,A,A,B,A,A,A,B,A,D,A
210063435195,2024,2,M,1,2,1,2,0,1,0,3523107,Itaquaquecetuba,35,SP,E,E,F,F,3,B,C,B,B,B,A,A,B,B,B,B,A,B,B,B,B,D,A
210063437011,2024,3,M,1,1,1,2,0,1,0,3523107,Itaquaquecetuba,35,SP,E,C,F,F,3,A,E,A,D,D,B,A,B,A,B,B,B,C,A,B,C,E,A
210063437131,2024,3,F,1,1,1,2,0,1,0,3523107,Itaquaquecetuba,35,SP,E,E,C,A,3,A,B,A,B,C,B,A,B,A,B,B,B,C,B,B,B,D,A
210063437716,2024,3,F,1,1,1,1,1,,0,3523107,Itaquaquecetuba,35,SP,E,E,B,F,4,A,D,A,B,C,A,A,B,A,B,A,A,B,A,B,A,C,A
210063440712,2024,4,F,1,3,1,1,1,,0,3523107,Itaquaquecetuba,35,SP,E,C,C,C,5,B,E,A,B,D,A,A,B,A,B,B,A,D,B,B,C,E,A
210063442246,2024,2,F,1,3,1,2,0,1,0,3523107,Itaquaquecetuba,35,SP,F,E,D,C,2,B,E,A,C,C,B,A,B,A,B,B,A,C,B,B,A,C,D
210063442641,2024,13,M,2,2,1,2,0,,0,3523107,Itaquaquecetuba,35,SP,B,D,C,B,5,B,D,A,B,B,A,A,B,A,B,A,A,C,A,B,B,D,A
210063444672,2024,2,M,3,2,1,2,0,1,0,3523107,Itaquaquecetuba,35,SP,C,C,C,F,5,B,C,A,D,D,B,A,D,B,B,B,B,D,B,B,D,E,A
210063444972,2024,3,F,1,3,1,1,1,,0,3523107,Itaquaquecetuba,35,SP,E,E,C,D,4,B,B,A,B,C,A,A,B,A,A,A,A,B,A,B,A,C,A
210063445320,2024,5,M,1,3,1,1,3,,0,3523107,Itaquaquecetuba,35,SP,D,E,B,D,4,A,C,A,C,D,B,A,C,B,B,B,B,D,B,B,C,D,E
210063445608,2024,2,M,1,1,1,2,0,1,0,3523107,Itaquaquecetuba,35,SP,C,C,C,B,2,A,B,A,B,C,A,A,B,A,B,B,A,B,A,B,A,C,A
210063447612,2024,11,M,2,1,1,1,11,,0,3523107,Itaquaquecetuba,35,SP,E,E,C,B,3,A,A,A,B,B,A,B,B,A,A,B,A,B,A,B,A,C,A
210063450219,2024,16,M,1,3,1,1,18,,0,3523107,Itaquaquecetuba,35,SP,A,H,A,F,6,B,D,A,B,B,A,A,B,A,A,A,A,B,A,A,B,E,A
210063451603,2024,2,F,1,1,1,2,0,1,0,3523107,Itaquaquecetuba,35,SP,G,E,C,B,3,A,B,A,C,C,B,A,B,A,B,B,A,D,A,B,A,D,A
210063452080,2024,1,F,1,1,1,3,0,,1,3523107,Itaquaquecetuba,35,SP,E,E,C,B,4,A,D,A,C,C,B,B,C,A,B,B,B,C,A,B,B,E,A
210063453805,2024,3,F,1,5,1,2,0,1,0,3523107,Itaquaquecetuba,35,SP,H,H,B,B,3,A,C,A,B,C,A,A,B,A,A,A,A,B,A,B,A,D,A
210063457837,2024,3,M,1,1,1,2,0,1,0,3523107,Itaquaquecetuba,35,SP,E,D,C,C,5,A,B,A,A,B,A,A,B,A,A,A,A,B,A,B,A,A,A
210063458123,2024,3,F,1,3,1,2,0,1,0,3523107,Itaquaquecetuba,35,SP,B,E,F,F,3,A,B,A,C,C,B,A,B,A,B,A,A,B,A,A,A,D,A
210063459433,2024,1,F,1,3,1,3,0,,1,3523107,Itaquaquecetuba,35,SP,E,G,C,D,4,A,I,A,C,D,B,B,B,A,B,B,A,C,B,B,C,D,E
210063459439,2024,11,M,1,3,1,1,0,,0,3523107,Itaquaquecetuba,35,SP,H,F,F,D,4,A,A,A,B,B,B,A,B,A,B,B,A,B,B,B,B,B,A
210063459520,2024,11,F,1,3,1,1,8,,0,3523107,Itaquaquecetuba,35,SP,E,E,B,B,2,A,C,A,B,C,A,A,B,A,A,B,A,C,A,B,B,C,A
210063460034,2024,2,F,1,3,1,3,0,,1,3523107,Itaquaquecetuba,35,SP,E,G,C,D,5,A,G,A,C,D,C,A,B,A,B,B,B,B,A,B,B,E,A
210063462853,2024,2,F,1,1,1,2,0,1,0,3523107,Itaquaquecetuba,35,SP,C,E,D,E,2,A,F,B,C,C,B,A,B,A,B,B,B,C,A,B,C,C,D
210063463492,2024,3,M,1,3,1,2,0,1,0,3523107,Itaquaquecetuba,35,SP,E,E,C,D,3,A,G,A,B,D,B,A,B,A,B,B,A,B,A,B,A,D,A
210063465417,2024,3,M,0,3,1,1,1,,0,3523107,Itaquaquecetuba,35,SP,D,E,F,D,6,B,C,A,B,C,A,A,B,A,A,B,A,B,A,B,B,D,A
210063467337,2024,9,M,1,1,1,1,8,,0,3523107,Itaquaquecetuba,35,SP,D,F,B,D,4,A,K,A,D,D,C,B,B,A,B,B,B,C,A,B,B,E,D
210063468280,2024,14,F,2,3,1,1,18,,0,3523107,Itaquaquecetuba,35,SP,D,C,B,B,2,A,B,A,B,B,A,A,B,A,A,B,A,C,A,B,B,C,A
210063470217,2024,4,M,1,1,1,1,0,,0,3523107,Itaquaquecetuba,35,SP,D,E,F,B,3,A,C,A,B,B,B,A,B,A,B,B,A,B,A,B,A,D,A
210063471937,2024,3,M,1,1,1,3,0,,1,3523107,Itaquaquecetuba,35,SP,E,B,F,B,3,A,B,A,B,B,A,A,B,A,B,B,A,B,A,B,A,B,A
210063473343,2024,6,F,1,1,1,1,3,,0,3523107,Itaquaquecetuba,35,SP,D,B,F,B,5,B,B,A,B,B,A,B,B,B,B,A,A,A,A,B,B,E,A
210063473611,2024,8,F,1,3,1,1,3,,0,3523107,Itaquaquecetuba,35,SP,H,C,F,B,4,A,A,A,B,C,A,A,B,A,B,B,A,B,A,B,A,C,A
210063474230,2024,4,F,1,1,1,1,2,,0,3523107,Itaquaquecetuba,35,SP,E,F,C,D,4,A,F,A,B,C,C,B,B,A,B,B,B,C,A,B,B,D,A
210063476739,2024,2,F,1,1,1,2,0,1,0,3523107,Itaquaquecetuba,35,SP,E,F,B,B,5,A,E,A,B,B,A,A,B,A,B,A,A,B,A,B,A,E,A
210063477684,2024,4,F,1,2,1,1,2,,0,3523107,Itaquaquecetuba,35,SP,D,D,B,B,3,B,C,A,B,C,A,A,B,A,B,B,A,B,A,B,B,C,A
210063478073,2024,3,F,1,1,1,2,0,1,0,3523107,Itaquaquecetuba,35,SP,F,E,D,B,3,A,F,A,B,C,A,A,B,A,B,B,A,B,A,B,B,D,A
210063480139,2024,3,F,1,3,1,2,0,1,0,3523107,Itaquaquecetuba,35,SP,F,E,D,D,3,A,B,A,B,C,A,A,B,A,B,B,A,B,A,B,A,D,A
210063480268,2024,2,M,1,2,1,2,0,1,0,3523107,Itaquaquecetuba,35,SP,E,E,B,B,3,A,E,A,B,C,B,B,B,A,B,B,A,C,A,B,B,D,A
210063483023,2024,3,F,1,2,1,1,1,,0,3523107,Itaquaquecetuba,35,SP,F,G,C,D,4,B,E,A,B,C,B,A,B,A,B,B,A,D,B,B,B,E,A
210063486583,2024,2,M,1,1,1,2,0,1,0,3523107,Itaquaquecetuba,35,SP,D,E,C,F,4,A,C,A,C,C,C,A,B,B,B,B,A,C,A,B,B,E,A
210063488566,2024,1,F,1,3,1,3,0,,1,3523107,Itaquaquecetuba,35,SP,E,E,D,B,4,A,E,A,B,C,B,A,B,A,B,B,A,B,A,B,B,D,B
210063492384,2024,13,F,0,2,1,1,18,,0,3523107,Itaquaquecetuba,35,SP,B,E,B,B,3,A,B,A,B,B,B,A,B,A,B,B,B,B,A,B,B,C,A
210063493783,2024,8,F,1,1,1,1,6,,0,3523107,Itaquaquecetuba,35,SP,A,E,C,B,5,B,C,A,C,C,A,A,B,A,B,B,B,C,A,B,B,E,A
210063494009,2024,3,F,1,1,1,1,1,,0,3523107,Itaquaquecetuba,35,SP,E,G,C,D,3,B,D,A,B,C,C,A,B,A,B,B,B,B,A,B,B,D,D
210063494299,2024,3,M,1,3,1,2,0,1,0,3523107,Itaquaquecetuba,35,SP,E,B,C,F,4,A,G,A,B,C,B,A,B,A,B,B,A,C,A,B,A,D,A
210063494636,2024,3,M,1,1,1,2,0,1,0,3523107,Itaquaquecetuba,35,SP,E,E,E,D,3,A,C,A,B,D,A,A,B,A,B,B,B,C,A,B,B,D,D
210063495261,2024,3,M,1,3,1,2,0,1,0,3523107,Itaquaquecetuba,35,SP,E,E,A,A,3,A,B,A,B,C,B,B,B,A,B,B,A,B,A,B,B,B,A
210063495892,2024,3,F,1,2,1,2,0,1,0,3523107,Itaquaquecetuba,35,SP,E,E,F,B,6,A,C,A,B,C,A,A,B,A,A,A,A,B,A,B,A,C,A
210063496918,2024,3,F,1,1,1,1,1,,0,3523107,Itaquaquecetuba,35,SP,C,C,C,B,4,A,E,A,C,C,B,A,B,A,B,B,A,D,A,B,C,E,A
210063497343,2024,17,F,1,3,1,1,0,,0,3523107,Itaquaquecetuba,35,SP,E,E,A,A,2,A,A,A,B,B,A,A,B,A,A,A,A,B,A,B,A,B,A
210063497864,2024,1,F,1,1,1,3,0,,1,3523107,Itaquaquecetuba,35,SP,B,B,C,F,3,B,A,A,B,C,A,A,B,A,A,B,A,B,A,B,B,D,A
210063497919,2024,6,F,1,2,1,1,3,,0,3523107,Itaquaquecetuba,35,SP,A,A,F,B,2,A,B,A,B,C,A,A,B,A,A,A,A,A,A,A,A,C,A
210063499360,2024,2,F,1,1,1,2,0,1,0,3523107,Itaquaquecetuba,35,SP,D,D,F,F,6,B,C,A,B,B,B,B,B,A,A,A,A,B,A,B,A,E,A
210063499752,2024,3,F,1,1,1,2,0,1,0,3523107,Itaquaquecetuba,35,SP,D,E,B,F,7,A,B,A,B,C,A,A,B,B,B,B,A,B,A,B,B,E,A
210063499797,2024,2,M,1,1,1,2,0,1,0,3523107,Itaquaquecetuba,35,SP,H,E,C,B,3,A,C,A,B,C,A,B,B,A,A,A,A,B,A,B,A,C,A
210063502580,2024,8,F,1,3,1,1,6,,0,3523107,Itaquaquecetuba,35,SP,C,D,D,B,7,B,C,A,B,D,B,A,B,A,A,A,A,B,A,B,A,E,A
210063502602,2024,5,F,1,1,1,1,2,,0,3523107,Itaquaquecetuba,35,SP,E,E,C,B,3,A,B,A,B,C,A,A,B,A,B,B,A,B,A,B,B,C,A
210063503271,2024,3,F,1,1,1,2,0,1,0,3523107,Itaquaquecetuba,35,SP,E,E,F,B,2,B,E,A,B,C,A,A,B,A,B,B,B,C,B,B,B,B,A
210063504036,2024,2,F,1,3,1,3,0,,1,3523107,Itaquaquecetuba,35,SP,F,E,B,B,3,A,E,A,B,C,B,A,B,A,B,A,A,C,A,B,B,C,A
210063506009,2024,3,M,1,3,1,2,0,1,0,3523107,Itaquaquecetuba,35,SP,E,E,B,B,3,A,E,A,C,C,B,A,C,A,B,B,B,D,B,B,B,D,A
210063506544,2024,13,M,2,3,1,1,18,,0,3523107,Itaquaquecetuba,35,SP,H,C,F,B,5,B,E,A,B,C,A,A,B,A,B,B,B,B,A,B,B,B,A
210063507792,2024,7,F,1,3,1,1,5,,0,3523107,Itaquaquecetuba,35,SP,E,E,F,B,3,A,B,A,B,C,A,A,B,A,B,B,A,B,A,B,A,B,A
210063508787,2024,3,M,1,1,1,2,0,1,0,3523107,Itaquaquecetuba,35,SP,C,E,B,A,4,A,C,A,B,C,A,A,B,A,B,B,A,C,A,B,B,B,A
210063509005,2024,13,F,1,3,1,1,18,,0,3523107,Itaquaquecetuba,35,SP,D,E,C,B,4,B,B,B,B,B,A,A,B,A,B,B,A,B,A,B,A,C,A
210063510598,2024,3,F,1,1,1,2,0,1,0,3523107,Itaquaquecetuba,35,SP,E,E,F,B,3,A,B,A,B,D,A,A,B,A,B,B,B,B,A,B,B,D,A
210063511412,2024,2,M,1,2,1,2,0,1,0,3523107,Itaquaquecetuba,35,SP,F,D,C,C,4,A,C,A,B,C,B,A,B,A,B,B,B,D,A,B,C,E,B
210063512719,2024,3,M,1,2,1,2,0,1,0,3523107,Itaquaquecetuba,35,SP,E,E,B,B,2,B,E,A,B,C,B,A,B,A,B,B,B,C,A,B,B,C,A
210063513530,2024,13,F,2,1,1,1,9,,0,3523107,Itaquaquecetuba,35,SP,B,B,B,B,5,A,E,A,B,C,B,A,B,A,B,B,B,B,A,B,A,E,A
210063514306,2024,11,M,1,1,1,1,0,,0,3523107,Itaquaquecetuba,35,SP,C,B,C,B,2,B,F,A,B,C,A,A,B,A,B,B,A,C,A,B,B,C,A
210063514525,2024,14,F,3,3,1,1,0,,0,3523107,Itaquaquecetuba,35,SP,B,B,B,B,2,B,D,A,B,C,A,A,B,A,B,A,A,B,A,B,A,B,A
210063515183,2024,2,F,1,3,1,2,0,1,0,3523107,Itaquaquecetuba,35,SP,E,E,B,D,4,A,F,A,C,B,B,B,B,A,A,B,B,B,B,B,B,D,D
210063515212,2024,4,F,1,3,1,1,2,,0,3523107,Itaquaquecetuba,35,SP,D,B,B,B,3,B,B,A,B,C,A,A,B,A,B,B,A,C,A,B,B,C,A
210063515740,2024,3,M,1,1,1,2,0,1,0,3523107,Itaquaquecetuba,35,SP,E,F,F,F,4,A,C,A,B,C,A,A,B,A,B,B,A,B,A,B,B,D,A
210063516362,2024,2,F,1,3,1,2,0,1,0,3523107,Itaquaquecetuba,35,SP,H,E,F,B,5,A,B,A,B,C,A,A,B,A,A,A,A,B,A,B,A,E,A
210063516951,2024,3,F,1,3,1,2,0,1,0,3523107,Itaquaquecetuba,35,SP,E,D,C,C,5,B,C,A,B,C,B,A,B,A,B,B,A,B,A,B,A,D,A
210063517204,2024,3,F,1,3,1,2,0,1,0,3523107,Itaquaquecetuba,35,SP,H,E,F,F,5,A,F,A,B,C,B,A,B,A,B,B,A,D,A,B,A,E,A
210063518210,2024,3,M,1,3,1,1,1,,0,3523107,Itaquaquecetuba,35,SP,B,D,C,F,6,A,D,A,B,C,A,A,B,A,B,A,A,A,A,B,B,D,A
210063519866,2024,2,M,1,2,1,2,0,1,0,3523107,Itaquaquecetuba,35,SP,E,E,C,F,4,A,E,A,B,C,B,A,B,A,B,B,A,B,A,B,B,B,A
210063523235,2024,6,F,1,3,1,1,4,,0,3523107,Itaquaquecetuba,35,SP,E,D,C,B,4,A,G,A,B,C,C,A,B,A,B,B,A,B,B,B,A,E,D
210063523559,2024,11,M,1,1,1,1,12,,0,3523107,Itaquaquecetuba,35,SP,D,H,B,B,2,B,D,A,B,C,A,B,B,A,B,B,A,B,A,B,A,D,A
210063527390,2024,2,M,1,2,1,3,0,,1,3523107,Itaquaquecetuba,35,SP,C,E,F,F,3,B,B,D,B,C,A,A,B,A,B,B,B,B,A,B,B,D,A
210063528949,2024,3,F,1,1,1,2,0,1,0,3523107,Itaquaquecetuba,35,SP,F,F,D,D,5,A,E,A,C,C,B,A,B,A,B,A,A,B,A,B,A,C,A
210063529667,2024,3,F,1,3,1,2,0,1,0,3523107,Itaquaquecetuba,35,SP,C,E,C,C,4,A,E,A,C,C,B,A,B,A,B,B,A,C,A,B,B,D,A
210063531471,2024,4,M,1,1,1,1,2,,0,3523107,Itaquaquecetuba,35,SP,E,F,B,B,3,A,D,A,C,C,A,A,B,A,B,B,B,C,A,B,B,D,B
210063533006,2024,11,M,1,1,1,1,13,,0,3523107,Itaquaquecetuba,35,SP,E,E,B,D,2,B,C,A,B,B,A,A,B,A,B,B,B,B,A,B,B,C,A
210063534460,2024,3,M,1,1,1,2,0,1,0,3523107,Itaquaquecetuba,35,SP,D,E,C,B,4,A,D,A,B,B,C,C,B,A,B,B,B,C,A,B,A,E,A
210063535481,2024,2,F,1,5,1,2,0,1,0,3523107,Itaquaquecetuba,35,SP,E,B,C,C,4,A,B,A,B,C,B,A,B,A,A,A,A,B,A,B,A,D,A
210063535731,2024,1,F,1,1,1,3,0,,1,3523107,Itaquaquecetuba,35,SP,F,E,E,D,4,A,H,A,C,C,B,A,B,A,B,B,B,B,A,B,B,D,D
210063535930,2024,3,M,1,3,1,2,0,1,0,3523107,Itaquaquecetuba,35,SP,E,E,C,B,2,A,C,A,B,C,A,A,B,A,A,A,A,B,A,B,A,B,A
210063536953,2024,1,F,1,3,1,3,0,,1,3523107,Itaquaquecetuba,35,SP,C,F,D,F,3,A,C,A,C,C,B,A,B,A,B,B,A,B,A,B,C,D,B
210063537511,2024,2,M,1,2,1,2,0,1,0,3523107,Itaquaquecetuba,35,SP,D,E,C,C,6,A,F,A,B,C,B,A,B,A,B,A,A,B,A,B,B,B,A
210063538509,2024,12,F,1,3,1,1,17,,0,3523107,Itaquaquecetuba,35,SP,E,E,B,B,3,B,B,A,B,B,A,A,B,A,B,B,A,B,A,B,A,B,A
210063539294,2024,2,M,1,3,1,2,0,1,0,3523107,Itaquaquecetuba,35,SP,H,D,C,F,3,B,C,A,D,D,B,B,C,A,B,B,B,C,A,B,B,D,A
210063539413,2024,2,F,1,1,1,2,0,1,0,3523107,Itaquaquecetuba,35,SP,E,E,F,D,4,A,C,A,B,C,B,B,B,A,B,B,A,C,A,B,B,E,D
210063539790,2024,9,M,1,2,1,3,0,,1,3523107,Itaquaquecetuba,35,SP,C,D,C,B,4,A,B,A,B,B,A,A,B,A,B,B,A,B,B,B,A,B,A
210063539886,2024,4,F,1,1,1,1,0,,0,3523107,Itaquaquecetuba,35,SP,B,D,B,B,5,B,C,A,B,C,A,A,B,A,B,B,B,B,A,B,A,E,A
210063539940,2024,3,F,1,1,1,2,0,1,0,3523107,Itaquaquecetuba,35,SP,E,E,C,B,2,A,B,A,B,B,A,A,B,A,B,B,A,A,A,B,A,B,A
210063540152,2024,3,M,1,3,1,2,0,1,0,3523107,Itaquaquecetuba,35,SP,C,D,A,B,4,A,C,A,B,C,B,B,B,A,B,B,B,D,B,B,A,E,A
210063540341,2024,3,F,1,3,1,2,0,1,0,3523107,Itaquaquecetuba,35,SP,D,D,D,F,3,A,B,A,B,C,A,A,B,A,A,A,A,B,A,B,A,C,A
210063540357,2024,12,F,1,1,1,2,0,,0,3523107,Itaquaquecetuba,35,SP,B,D,C,B,3,B,B,A,B,C,A,A,B,A,B,A,A,B,A,B,B,C,A
210063540538,2024,3,F,1,1,1,2,0,1,0,3523107,Itaquaquecetuba,35,SP,H,D,B,F,3,A,B,A,B,C,B,A,B,A,A,A,A,B,A,B,A,C,A
210063540888,2024,14,F,1,3,1,2,0,,0,3523107,Itaquaquecetuba,35,SP,B,B,A,A,5,B,C,A,B,B,A,A,B,A,B,B,A,C,A,B,A,B,A
210063540946,2024,3,M,1,3,1,2,0,1,0,3523107,Itaquaquecetuba,35,SP,E,E,C,B,5,B,C,A,C,C,B,A,B,A,B,B,A,C,B,B,B,E,A
210063541133,2024,3,F,1,2,1,2,0,1,0,3523107,Itaquaquecetuba,35,SP,D,C,B,C,3,A,C,A,B,C,B,A,B,A,B,B,A,B,A,B,B,B,A
210063541711,2024,6,F,1,2,1,1,4,,0,3523107,Itaquaquecetuba,35,SP,E,E,B,B,3,A,C,A,B,B,A,A,B,A,B,B,A,A,A,B,B,D,A
210063541838,2024,3,F,1,3,1,2,0,1,0,3523107,Itaquaquecetuba,35,SP,E,F,C,B,6,A,B,A,C,D,A,A,B,A,B,A,B,B,A,B,B,E,A
210063541971,2024,3,F,1,3,1,2,0,1,0,3523107,Itaquaquecetuba,35,SP,H,E,F,C,2,A,F,A,B,C,A,A,B,A,B,B,B,B,B,B,A,C,A
210063542106,2024,3,M,1,1,1,2,0,1,0,3523107,Itaquaquecetuba,35,SP,E,C,C,E,4,A,D,A,B,C,B,A,B,A,B,A,A,B,A,B,B,C,A
210063542552,2024,1,F,1,1,1,3,0,,1,3523107,Itaquaquecetuba,35,SP,D,E,D,B,4,A,F,A,B,C,B,A,B,A,B,B,B,B,B,B,A,D,E
210063543087,2024,2,F,1,1,1,3,0,,1,3523107,Itaquaquecetuba,35,SP,C,C,B,B,2,B,D,A,B,D,B,A,B,A,B,B,B,D,B,B,C,D,D
210063544604,2024,3,M,1,1,1,2,0,1,0,3523107,Itaquaquecetuba,35,SP,H,H,A,B,3,B,C,A,B,C,B,B,B,A,B,B,A,D,A,B,A,E,A
210063544724,2024,2,F,1,3,1,2,0,1,0,3523107,Itaquaquecetuba,35,SP,D,D,F,F,7,A,A,A,B,C,C,A,B,A,B,A,A,B,A,A,A,E,A
210063545596,2024,5,M,0,3,1,1,2,,0,3523107,Itaquaquecetuba,35,SP,B,E,C,B,4,A,B,A,B,B,B,A,B,A,B,A,A,A,A,B,B,D,A
210063547244,2024,6,F,1,1,1,1,3,,0,3523107,Itaquaquecetuba,35,SP,B,B,A,A,4,A,E,A,B,C,B,A,B,A,B,B,A,A,A,B,B,E,A
210063547256,2024,5,M,1,3,1,1,3,,0,3523107,Itaquaquecetuba,35,SP,B,A,A,B,6,A,B,A,B,B,A,A,B,A,A,A,A,B,A,A,A,C,A
210063547388,2024,15,F,2,1,1,1,0,,0,3523107,Itaquaquecetuba,35,SP,A,B,F,A,3,A,B,A,B,B,A,B,B,A,B,A,A,B,A,B,A,C,A
210063547597,2024,4,M,1,1,1,1,2,,0,3523107,Itaquaquecetuba,35,SP,E,E,C,C,4,A,C,A,B,C,B,A,B,A,A,A,A,B,A,B,A,D,A
210063548398,2024,3,M,1,2,1,2,0,1,0,3523107,Itaquaquecetuba,35,SP,E,E,C,C,3,B,C,A,B,B,B,A,B,A,B,A,A,B,A,B,A,C,A
210063548571,2024,2,F,1,1,1,2,0,1,0,3523107,Itaquaquecetuba,35,SP,B,B,B,B,3,A,C,A,B,C,B,A,B,A,B,B,A,B,A,B,A,C,A
210063549491,2024,3,M,1,1,1,2,0,1,0,3523107,Itaquaquecetuba,35,SP,C,E,C,F,2,A,B,A,B,B,A,A,B,A,A,A,A,B,A,A,A,B,A
210063552137,2024,2,M,1,3,1,2,0,1,0,3523107,Itaquaquecetuba,35,SP,E,E,D,D,4,B,J,A,B,D,D,A,B,A,A,B,A,B,B,B,C,E,A
210063555195,2024,5,F,1,2,1,1,2,,0,3523107,Itaquaquecetuba,35,SP,C,E,C,D,5,A,B,A,B,C,B,A,B,A,A,B,A,B,A,B,A,D,A
210063555913,2024,3,F,1,1,1,2,0,1,0,3523107,Itaquaquecetuba,35,SP,H,F,F,D,3,A,C,A,B,B,A,A,B,A,A,A,A,B,A,B,A,B,A
210063556735,2024,13,M,3,1,1,1,18,,0,3523107,Itaquaquecetuba,35,SP,H,E,C,D,1,B,B,A,B,B,A,A,A,A,A,A,A,B,A,A,A,B,A
210063557994,2024,5,M,1,2,1,1,2,,0,3523107,Itaquaquecetuba,35,SP,B,A,C,B,3,A,E,A,C,D,B,A,B,B,B,A,B,A,A,B,C,D,A
210063558270,2024,8,M,1,3,3,1,6,,0,3523107,Itaquaquecetuba,35,SP,D,E,C,C,5,A,B,A,B,B,A,A,B,A,B,A,A,B,A,B,C,E,A
210063561667,2024,3,M,1,1,1,2,0,1,0,3523107,Itaquaquecetuba,35,SP,D,E,D,D,4,A,C,A,B,A,A,A,B,A,B,A,A,B,A,B,A,C,A
210063562487,2024,6,F,1,1,1,1,3,,0,3523107,Itaquaquecetuba,35,SP,E,C,F,F,3,B,C,A,B,C,A,A,B,A,A,B,A,B,A,B,A,C,A
210063564853,2024,13,F,1,3,1,1,18,,0,3523107,Itaquaquecetuba,35,SP,B,B,D,F,3,A,B,A,B,C,B,A,B,A,B,A,A,B,A,B,A,D,A
210063565408,2024,4,F,1,1,1,1,2,,0,3523107,Itaquaquecetuba,35,SP,H,C,B,A,4,A,C,A,B,C,A,A,B,A,B,B,A,A,A,B,A,E,A
210063565642,2024,3,F,1,3,1,2,0,1,0,3523107,Itaquaquecetuba,35,SP,D,E,D,D,3,A,B,A,B,B,A,A,B,A,B,B,A,B,B,B,A,C,A
210063567937,2024,3,M,1,1,1,2,0,1,0,3523107,Itaquaquecetuba,35,SP,C,E,B,B,3,B,B,A,B,C,B,A,B,A,A,B,A,B,A,B,A,D,A
210063570483,2024,13,F,1,3,1,1,18,,0,3523107,Itaquaquecetuba,35,SP,B,B,D,F,3,A,B,A,B,C,B,A,B,A,A,A,A,B,A,B,A,D,A
210063572656,2024,2,F,1,1,1,2,0,1,0,3523107,Itaquaquecetuba,35,SP,H,E,B,B,7,B,D,A,C,D,A,A,B,A,B,B,A,D,A,B,C,E,A
210063574596,2024,3,M,1,1,1,2,0,1,0,3523107,Itaquaquecetuba,35,SP,H,C,C,B,4,A,G,A,C,D,B,A,B,B,B,B,A,D,A,B,B,E,A
210063575824,2024,10,F,1,2,1,1,5,,0,3523107,Itaquaquecetuba,35,SP,B,E,A,A,3,B,C,A,B,C,A,B,B,A,A,A,A,B,A,B,A,B,A
210063575868,2024,16,F,3,2,1,1,18,,0,3523107,Itaquaquecetuba,35,SP,B,B,B,B,3,A,B,A,B,C,A,A,B,A,B,B,A,B,B,B,B,D,A
210063577219,2024,2,F,1,3,1,2,0,1,0,3523107,Itaquaquecetuba,35,SP,E,E,C,B,2,B,C,A,B,C,B,A,B,A,B,A,A,B,A,B,A,B,D
210063577584,2024,4,F,1,1,1,1,2,,0,3523107,Itaquaquecetuba,35,SP,E,G,D,D,3,A,D,A,B,C,B,A,B,A,B,B,A,B,A,B,B,D,A
210063577651,2024,3,F,1,3,1,2,0,1,0,3523107,Itaquaquecetuba,35,SP,E,G,B,D,4,B,F,A,B,D,B,A,A,A,B,B,A,B,B,B,A,C,A
210063577663,2024,6,F,1,1,1,1,3,,0,3523107,Itaquaquecetuba,35,SP,D,E,B,D,3,A,F,A,B,C,B,A,B,A,B,B,A,B,A,B,B,B,A
210063579745,2024,3,M,1,1,1,2,0,1,0,3523107,Itaquaquecetuba,35,SP,G,G,E,E,2,B,B,A,C,C,B,A,B,A,B,B,B,B,A,B,C,C,A
210063579918,2024,4,F,1,3,1,1,2,,0,3523107,Itaquaquecetuba,35,SP,C,C,C,C,11,A,C,A,B,A,B,A,B,A,B,A,B,B,A,B,A,D,A
210063581006,2024,3,M,1,3,1,2,0,1,0,3523107,Itaquaquecetuba,35,SP,E,E,C,B,4,A,E,A,B,D,B,A,B,B,B,B,B,C,A,B,B,E,A
210063582093,2024,14,F,1,3,1,1,18,,0,3523107,Itaquaquecetuba,35,SP,B,B,B,B,4,B,B,A,B,C,A,A,B,A,B,A,A,B,A,B,A,C,A
210063582843,2024,3,F,1,3,1,2,0,1,0,3523107,Itaquaquecetuba,35,SP,B,E,D,D,5,A,C,A,B,A,A,A,B,A,A,B,A,A,A,B,A,C,A
210063583845,2024,4,F,1,1,1,1,2,,0,3523107,Itaquaquecetuba,35,SP,C,E,B,B,4,B,E,A,C,D,B,A,B,A,B,B,A,C,A,B,B,D,A
210063584334,2024,2,F,1,1,1,3,0,,1,3523107,Itaquaquecetuba,35,SP,F,G,B,D,4,A,G,A,B,D,B,A,B,A,B,B,B,B,A,B,B,E,A
210063584386,2024,2,F,1,3,1,2,0,1,0,3523107,Itaquaquecetuba,35,SP,D,F,B,F,3,A,E,A,B,C,A,A,B,A,B,B,A,C,A,B,B,C,A
210063584575,2024,14,F,1,3,1,1,18,,0,3523107,Itaquaquecetuba,35,SP,B,B,A,A,2,B,E,A,B,B,A,A,B,A,A,A,A,B,A,A,B,C,A
210063587076,2024,3,M,3,1,1,2,0,1,0,3523107,Itaquaquecetuba,35,SP,E,F,D,D,4,A,M,A,D,D,C,A,C,A,A,B,B,D,A,B,C,E,D
210063589738,2024,2,F,1,3,1,2,0,1,0,3523107,Itaquaquecetuba,35,SP,C,C,C,C,11,A,C,A,B,A,B,A,C,A,B,A,B,B,A,B,A,D,A
210063591086,2024,3,M,1,1,1,1,1,,0,3523107,Itaquaquecetuba,35,SP,H,E,F,B,2,B,B,A,C,C,B,A,B,A,B,B,A,B,A,B,B,C,A
210063592281,2024,5,F,1,2,1,1,3,,0,3523107,Itaquaquecetuba,35,SP,B,E,B,B,3,A,B,A,B,B,A,A,B,A,A,A,A,B,A,B,B,B,A
210063593589,2024,2,M,1,2,1,2,0,1,0,3523107,Itaquaquecetuba,35,SP,B,B,B,B,20,A,B,A,B,B,B,A,B,A,B,B,A,B,A,B,B,B,C
210063593916,2024,1,F,1,3,1,3,0,,1,3523107,Itaquaquecetuba,35,SP,F,F,D,D,3,A,C,A,B,C,A,A,B,A,B,B,A,C,A,B,B,D,A
210063595720,2024,3,M,1,1,1,2,0,1,0,3523107,Itaquaquecetuba,35,SP,B,E,B,C,3,A,C,A,B,C,B,A,B,A,B,B,B,C,A,B,B,D,A
210063596355,2024,3,M,1,1,1,2,0,1,0,3523107,Itaquaquecetuba,35,SP,E,E,F,F,5,A,E,A,B,B,A,A,B,A,B,A,A,B,B,B,B,E,A
210063596545,2024,3,M,0,1,1,2,0,1,0,3523107,Itaquaquecetuba,35,SP,D,E,C,B,3,A,B,A,B,B,A,A,B,A,A,A,A,B,A,B,B,C,A
210063598541,2024,5,F,1,3,1,1,2,,0,3523107,Itaquaquecetuba,35,SP,B,D,C,D,4,A,E,A,B,C,B,A,B,A,B,A,A,B,A,B,B,D,A
210063598923,2024,4,F,1,2,1,2,0,1,0,3523107,Itaquaquecetuba,35,SP,C,E,B,C,4,A,E,A,B,B,A,A,B,A,B,B,A,B,B,B,B,D,A
210063601709,2024,3,F,1,1,1,1,1,,0,3523107,Itaquaquecetuba,35,SP,E,E,B,B,9,A,D,A,B,C,A,A,B,A,A,A,A,B,A,B,A,C,A
210063603465,2024,11,F,1,1,1,1,12,,0,3523107,Itaquaquecetuba,35,SP,B,E,C,C,3,B,B,A,C,D,C,A,B,A,B,B,B,A,A,B,C,D,A
210063603698,2024,9,M,1,3,1,1,7,,0,3523107,Itaquaquecetuba,35,SP,D,F,C,D,2,A,C,A,C,D,C,A,B,B,B,B,B,D,B,B,C,E,A
210063604076,2024,3,M,1,3,1,2,0,1,0,3523107,Itaquaquecetuba,35,SP,B,E,F,B,3,B,B,A,B,C,A,A,B,B,B,B,A,C,A,B,A,D,A
210063604239,2024,2,F,1,3,1,2,0,1,0,3523107,Itaquaquecetuba,35,SP,E,E,B,A,4,A,B,A,B,B,B,A,B,A,A,A,A,B,A,B,B,D,A
210063606589,2024,2,F,1,3,1,2,0,1,0,3523107,Itaquaquecetuba,35,SP,E,E,C,B,8,B,D,A,B,C,B,B,B,A,A,B,A,B,B,B,A,C,A
210063607352,2024,6,F,1,5,1,1,3,,0,3523107,Itaquaquecetuba,35,SP,H,D,B,B,3,A,A,A,B,B,A,A,B,A,A,A,A,B,A,A,A,C,A
210063609007,2024,11,M,1,3,1,1,11,,0,3523107,Itaquaquecetuba,35,SP,E,E,C,C,5,B,E,A,B,C,B,A,B,A,B,B,A,C,A,B,B,E,A
210063610765,2024,3,M,1,1,1,2,0,1,0,3523107,Itaquaquecetuba,35,SP,E,E,C,B,4,A,C,A,B,C,B,A,B,A,B,B,A,B,A,B,B,C,A
210063611303,2024,2,F,0,1,1,2,0,1,0,3523107,Itaquaquecetuba,35,SP,E,E,C,B,4,A,C,A,B,C,A,B,B,A,A,A,A,B,A,B,A,B,A
210063611316,2024,3,M,1,3,1,2,0,1,0,3523107,Itaquaquecetuba,35,SP,E,F,F,D,5,A,C,A,B,C,B,A,B,A,B,B,A,B,A,B,B,D,A
210063611820,2024,2,F,1,3,1,3,0,,1,3523107,Itaquaquecetuba,35,SP,C,E,C,C,3,A,B,A,B,B,A,A,B,A,A,A,A,B,A,B,A,B,A
210063612594,2024,10,M,1,1,1,1,8,,0,3523107,Itaquaquecetuba,35,SP,C,B,A,A,2,B,C,A,B,C,A,A,B,A,A,B,A,C,A,B,B,C,A
210063612959,2024,13,F,2,3,1,1,0,,0,3523107,Itaquaquecetuba,35,SP,H,B,F,B,3,B,C,A,B,B,B,A,B,A,B,B,A,B,A,B,B,B,A
210063615693,2024,3,F,1,2,1,2,0,1,0,3523107,Itaquaquecetuba,35,SP,E,D,B,D,5,B,F,A,B,C,B,A,B,A,B,A,A,B,A,B,A,E,A
210063617648,2024,3,F,1,1,1,2,0,1,0,3523107,Itaquaquecetuba,35,SP,D,D,C,D,4,B,H,A,C,D,B,A,B,A,B,A,B,B,B,B,A,E,A
210063617942,2024,2,F,1,1,1,2,0,1,0,3523107,Itaquaquecetuba,35,SP,E,G,D,D,4,A,H,A,C,C,B,A,B,A,B,B,B,D,A,B,B,D,A
210063620832,2024,2,M,1,1,1,3,0,,1,3523107,Itaquaquecetuba,35,SP,C,E,B,D,2,A,B,A,B,C,A,A,B,B,B,B,A,B,A,B,B,C,A
210063620921,2024,3,F,1,3,1,2,0,1,0,3523107,Itaquaquecetuba,35,SP,E,E,C,B,4,A,B,A,B,C,A,A,B,A,B,A,A,B,A,B,A,C,A
210063622666,2024,4,F,1,1,1,1,2,,0,3523107,Itaquaquecetuba,35,SP,E,E,D,D,4,A,C,A,B,B,A,A,B,A,B,A,A,B,A,B,B,C,A
210063622863,2024,3,F,1,3,1,2,0,1,0,3523107,Itaquaquecetuba,35,SP,E,F,D,D,5,B,G,A,C,C,C,A,B,A,B,A,A,B,B,B,B,D,A
210063624142,2024,3,F,1,1,1,2,0,1,0,3523107,Itaquaquecetuba,35,SP,H,D,C,C,2,A,C,A,B,C,B,A,B,A,B,B,A,A,A,B,A,D,A
210063626207,2024,3,M,1,3,1,2,0,1,0,3523107,Itaquaquecetuba,35,SP,E,E,D,D,3,B,G,A,B,C,C,A,B,B,B,B,B,B,A,B,C,D,A
210063626887,2024,2,F,0,1,1,2,0,1,0,3523107,Itaquaquecetuba,35,SP,E,E,F,B,6,A,B,A,B,C,B,A,B,A,B,A,A,A,A,B,A,C,A
210063629259,2024,3,F,1,2,1,2,0,1,0,3523107,Itaquaquecetuba,35,SP,E,F,F,D,3,A,C,A,C,C,A,A,B,A,B,B,A,B,A,A,A,A,A
210063629467,2024,5,M,1,3,1,1,2,,0,3523107,Itaquaquecetuba,35,SP,E,C,C,B,3,A,E,A,C,C,B,B,B,A,B,B,B,D,A,B,B,D,A
210063629953,2024,3,M,1,1,1,2,0,1,0,3523107,Itaquaquecetuba,35,SP,E,E,C,F,3,A,E,A,B,C,B,A,B,A,B,A,A,C,A,B,A,D,A
210063630276,2024,3,M,1,1,1,2,0,1,0,3523107,Itaquaquecetuba,35,SP,H,H,F,F,2,A,A,A,B,C,A,A,B,A,B,B,A,B,A,B,A,B,A
210063634023,2024,2,M,1,1,1,2,0,1,0,3523107,Itaquaquecetuba,35,SP,E,E,A,A,4,A,C,A,C,C,A,A,B,A,B,B,A,B,A,B,A,C,A
210063635480,2024,6,F,1,3,1,1,4,,0,3523107,Itaquaquecetuba,35,SP,D,D,C,B,5,B,F,A,C,D,C,A,B,B,B,B,B,C,A,B,B,E,A
210063635799,2024,3,M,1,3,1,2,0,1,0,3523107,Itaquaquecetuba,35,SP,D,D,E,C,3,A,I,A,C,C,A,A,B,A,B,B,B,C,B,B,B,D,A
210063638057,2024,3,F,1,1,1,2,0,1,0,3523107,Itaquaquecetuba,35,SP,H,G,C,F,8,A,A,A,C,D,A,A,B,A,B,B,A,C,A,B,C,E,A
210063640340,2024,3,F,1,2,1,2,0,1,0,3523107,Itaquaquecetuba,35,SP,C,H,B,F,4,A,C,A,B,C,A,A,B,A,A,B,A,B,A,B,A,E,A
210063641061,2024,3,F,1,1,2,2,0,1,0,3523107,Itaquaquecetuba,35,SP,C,C,C,B,3,A,B,A,B,C,A,A,B,A,B,A,A,B,A,B,A,C,A
210063642996,2024,3,F,1,1,1,2,0,1,0,3523107,Itaquaquecetuba,35,SP,E,F,C,D,6,A,D,A,B,C,B,A,B,A,B,B,B,B,B,B,B,E,A
210063645333,2024,3,M,1,1,2,2,0,1,0,3523107,Itaquaquecetuba,35,SP,H,C,B,B,2,A,B,A,B,B,A,A,B,B,A,B,A,B,A,B,A,C,A
210063647810,2024,3,M,0,3,1,2,0,1,0,3523107,Itaquaquecetuba,35,SP,A,B,F,F,3,A,C,A,B,C,A,A,B,A,B,B,A,B,A,B,A,C,A
210063647976,2024,3,F,1,4,3,1,0,,0,3523107,Itaquaquecetuba,35,SP,D,D,C,F,6,A,B,A,B,B,A,A,A,A,A,A,A,B,A,B,A,C,A
210063653235,2024,3,M,1,2,1,2,0,1,0,3523107,Itaquaquecetuba,35,SP,E,C,A,B,2,A,B,A,B,B,A,A,B,A,B,B,A,B,A,B,A,B,A
210063653691,2024,12,F,1,3,1,1,14,,0,3523107,Itaquaquecetuba,35,SP,B,B,D,B,2,B,E,A,C,C,A,A,B,A,B,B,A,C,A,B,B,C,A
210063658432,2024,9,M,1,1,1,1,6,,0,3523107,Itaquaquecetuba,35,SP,C,B,A,A,1,B,C,A,B,B,A,A,B,A,B,A,A,B,A,B,B,B,A
210063663944,2024,12,F,2,3,1,1,18,,0,3523107,Itaquaquecetuba,35,SP,B,B,C,C,2,B,D,A,B,B,B,A,B,A,B,A,A,B,A,B,B,C,A
210063665897,2024,2,M,1,1,1,2,0,1,0,3523107,Itaquaquecetuba,35,SP,D,D,B,B,4,A,C,A,B,D,B,A,B,A,B,A,A,B,A,B,A,D,A
210063666693,2024,2,F,1,1,1,3,0,,1,3523107,Itaquaquecetuba,35,SP,C,E,B,B,5,B,C,A,B,B,A,A,B,A,B,A,A,B,A,B,B,C,A
210063667298,2024,3,F,1,1,1,1,1,,0,3523107,Itaquaquecetuba,35,SP,E,C,C,C,3,B,G,A,B,C,B,A,B,A,B,B,B,D,A,B,C,D,A
210063668569,2024,5,M,1,1,1,1,3,,0,3523107,Itaquaquecetuba,35,SP,B,D,F,B,4,A,B,A,B,C,A,A,B,A,B,A,A,B,A,B,B,C,A
210063669166,2024,2,F,1,2,1,2,0,1,0,3523107,Itaquaquecetuba,35,SP,E,C,C,B,3,A,B,A,B,C,A,A,B,A,B,B,A,B,A,B,B,C,A
210063671250,2024,3,F,1,3,1,2,0,1,0,3523107,Itaquaquecetuba,35,SP,E,E,C,F,3,A,E,A,B,C,B,A,B,A,B,B,A,B,A,B,A,D,A
210063671452,2024,2,F,1,1,1,2,0,1,0,3523107,Itaquaquecetuba,35,SP,B,E,C,D,2,A,F,A,B,C,B,A,B,A,B,B,A,B,B,B,B,C,A
210063673327,2024,2,F,1,2,1,2,0,1,0,3523107,Itaquaquecetuba,35,SP,C,C,B,C,3,A,C,A,B,D,B,A,B,A,B,B,A,B,A,B,B,D,A
210063673571,2024,2,F,1,4,1,2,0,1,0,3523107,Itaquaquecetuba,35,SP,C,D,B,B,7,A,C,A,B,C,A,A,B,A,B,A,A,C,A,B,A,D,A
210063674486,2024,2,M,0,1,1,2,0,1,0,3523107,Itaquaquecetuba,35,SP,D,B,B,F,4,A,B,A,B,C,B,A,B,A,B,B,A,B,A,B,A,A,A
210063674765,2024,3,F,1,2,1,2,0,1,0,3523107,Itaquaquecetuba,35,SP,D,D,B,B,4,A,B,A,B,C,B,A,B,A,A,A,B,B,A,B,B,C,A
210063675321,2024,2,F,1,3,1,3,0,,1,3523107,Itaquaquecetuba,35,SP,E,E,D,B,5,A,E,A,B,B,A,A,B,A,B,B,A,C,B,B,A,E,A
210063679934,2024,3,F,1,1,1,1,1,,0,3523107,Itaquaquecetuba,35,SP,G,E,D,C,3,A,G,A,B,C,B,B,B,A,B,A,B,B,A,B,B,D,A
210063683487,2024,2,M,1,3,1,2,0,1,0,3523107,Itaquaquecetuba,35,SP,F,E,D,B,6,A,C,A,B,C,B,A,B,A,B,A,A,C,A,B,A,E,A
210063683500,2024,3,M,1,2,1,2,0,1,0,3523107,Itaquaquecetuba,35,SP,D,E,C,F,5,B,C,A,B,B,A,A,B,B,A,B,A,C,A,B,A,E,A
210063683982,2024,2,M,1,1,1,2,0,1,0,3523107,Itaquaquecetuba,35,SP,C,D,C,B,4,A,A,A,B,D,B,A,B,A,B,B,A,C,A,B,B,C,A
210063685009,2024,3,F,1,1,1,2,0,1,0,3523107,Itaquaquecetuba,35,SP,B,B,A,B,10,A,B,A,B,D,A,A,B,A,B,A,A,B,B,B,B,E,A
210063685638,2024,4,F,1,2,1,1,1,,0,3523107,Itaquaquecetuba,35,SP,H,H,C,B,7,B,B,A,B,B,A,A,B,A,A,A,A,A,A,A,A,B,A
210063687120,2024,4,M,1,3,1,2,0,1,0,3523107,Itaquaquecetuba,35,SP,E,E,C,B,4,A,E,A,B,C,A,A,B,A,B,A,B,B,B,B,B,C,A
210063687735,2024,4,M,1,1,1,1,2,,0,3523107,Itaquaquecetuba,35,SP,B,G,A,D,6,A,F,A,B,D,B,A,B,A,B,A,A,B,A,B,B,E,A
210063687872,2024,2,M,1,1,1,2,0,1,0,3523107,Itaquaquecetuba,35,SP,C,C,B,B,4,A,B,A,B,C,B,A,B,A,B,B,A,B,A,B,A,E,A
210063688444,2024,3,F,1,1,1,2,0,1,0,3523107,Itaquaquecetuba,35,SP,E,E,F,D,5,A,B,A,B,C,A,A,B,A,A,B,A,B,A,B,A,B,A
210063689543,2024,4,F,1,2,1,2,0,1,0,3523107,Itaquaquecetuba,35,SP,D,E,C,B,5,B,D,A,C,C,B,A,B,A,B,B,A,B,A,B,B,D,A
210063689886,2024,2,M,1,1,1,2,0,1,0,3523107,Itaquaquecetuba,35,SP,E,F,C,D,3,A,E,A,B,B,B,A,B,A,B,B,A,B,A,B,B,C,A
210063692252,2024,9,F,1,3,1,1,7,,0,3523107,Itaquaquecetuba,35,SP,B,B,B,B,5,B,C,A,B,B,A,B,B,A,B,B,A,B,A,B,A,C,A
210063693109,2024,3,F,1,3,1,2,0,1,0,3523107,Itaquaquecetuba,35,SP,G,G,E,D,4,A,G,A,B,D,B,A,B,A,B,B,B,D,B,B,C,E,A
210063694018,2024,2,F,1,3,1,2,0,1,0,3523107,Itaquaquecetuba,35,SP,B,B,C,B,4,B,C,A,C,D,C,A,B,A,B,B,A,C,A,B,B,E,A
210063698305,2024,2,F,0,3,1,2,0,1,0,3523107,Itaquaquecetuba,35,SP,E,A,C,F,4,A,D,A,B,C,A,B,B,B,B,B,A,B,A,B,B,E,A
210063698713,2024,2,F,1,1,1,2,0,1,0,3523107,Itaquaquecetuba,35,SP,D,E,C,D,3,B,F,A,C,C,C,A,B,A,B,B,B,D,B,A,B,D,A
210063701749,2024,15,F,3,2,1,1,0,,0,3523107,Itaquaquecetuba,35,SP,B,D,A,B,2,B,B,A,B,B,A,A,B,A,B,A,A,B,A,A,B,B,A
210063702662,2024,3,F,1,3,1,2,0,1,0,3523107,Itaquaquecetuba,35,SP,B,B,B,B,5,A,B,A,B,C,A,A,B,A,B,A,A,B,A,B,A,B,A
210063703059,2024,6,F,1,3,1,1,4,,0,3523107,Itaquaquecetuba,35,SP,H,B,F,B,3,A,C,A,B,C,A,A,B,A,B,B,A,B,A,B,A,C,A
210063703229,2024,3,F,1,3,1,2,0,1,0,3523107,Itaquaquecetuba,35,SP,H,E,C,B,5,A,B,A,B,C,B,B,B,A,B,B,A,B,A,B,A,E,A
210063704746,2024,1,F,1,1,1,3,0,,1,3523107,Itaquaquecetuba,35,SP,G,E,D,C,5,A,D,A,B,C,B,A,B,A,A,A,A,B,A,B,A,C,A
210063706513,2024,3,F,1,3,1,1,1,,0,3523107,Itaquaquecetuba,35,SP,E,E,F,B,3,A,B,A,B,B,A,A,B,A,B,B,A,B,A,B,A,B,A
210063706856,2024,2,F,1,3,1,2,0,1,0,3523107,Itaquaquecetuba,35,SP,G,F,B,C,4,A,D,A,B,C,B,A,B,A,B,B,A,B,A,B,B,B,A
210063707517,2024,3,M,1,1,1,2,0,1,0,3523107,Itaquaquecetuba,35,SP,C,E,C,C,2,A,C,A,B,C,B,A,B,A,A,B,B,B,A,B,A,C,A
210063708269,2024,3,F,2,1,1,2,0,1,0,3523107,Itaquaquecetuba,35,SP,E,E,C,B,2,A,C,A,B,C,B,A,B,A,B,B,A,B,B,B,A,C,A
210063709890,2024,4,F,1,3,1,1,1,,0,3523107,Itaquaquecetuba,35,SP,D,G,C,E,4,A,F,A,B,C,B,A,B,A,B,B,A,C,A,B,C,B,A
210063710017,2024,2,F,1,1,1,2,0,1,0,3523107,Itaquaquecetuba,35,SP,D,E,B,B,8,A,C,A,B,C,A,A,B,A,B,B,A,B,A,B,A,E,A
210063711210,2024,2,F,1,1,1,2,0,1,0,3523107,Itaquaquecetuba,35,SP,D,H,C,D,5,A,D,A,B,B,B,A,B,A,B,B,B,B,A,B,B,E,A
210063711708,2024,8,F,1,2,1,1,5,,0,3523107,Itaquaquecetuba,35,SP,B,D,A,A,2,B,B,A,B,C,A,A,B,A,B,A,A,A,A,B,A,C,A
210063712311,2024,3,F,1,3,1,2,0,1,0,3523107,Itaquaquecetuba,35,SP,G,G,D,D,4,A,G,A,C,C,C,A,C,A,B,B,A,C,B,B,C,E,B
210063714402,2024,2,F,1,1,1,2,0,1,0,3523107,Itaquaquecetuba,35,SP,C,G,C,D,2,A,E,A,B,C,B,A,B,A,B,A,A,B,A,B,B,C,A
210063715641,2024,2,F,1,3,1,2,0,1,0,3523107,Itaquaquecetuba,35,SP,D,D,C,B,6,A,D,A,B,C,A,A,B,A,B,B,A,B,A,B,B,E,A
210063717130,2024,11,F,3,3,1,1,0,,0,3523107,Itaquaquecetuba,35,SP,D,B,F,F,2,B,B,A,B,B,A,A,B,A,A,A,A,B,A,A,A,B,A
210063718589,2024,10,F,1,2,1,1,0,,0,3523107,Itaquaquecetuba,35,SP,B,F,B,D,1,A,A,A,B,A,A,A,B,B,A,A,A,A,A,B,A,B,A
210063719465,2024,4,F,1,1,1,1,1,,0,3523107,Itaquaquecetuba,35,SP,H,E,F,B,4,A,D,A,C,D,B,B,C,A,B,B,B,D,B,B,B,E,B
210063719579,2024,4,F,1,3,3,1,1,,0,3523107,Itaquaquecetuba,35,SP,E,E,B,B,7,A,B,C,B,D,B,A,B,B,A,A,A,B,A,B,A,D,A
210063720111,2024,3,F,1,3,1,2,0,1,0,3523107,Itaquaquecetuba,35,SP,E,F,C,B,4,B,F,A,C,D,C,A,B,A,B,B,B,B,A,B,C,E,A
210063720713,2024,4,M,1,1,1,2,0,1,0,3523107,Itaquaquecetuba,35,SP,D,E,B,F,5,A,B,A,B,C,A,A,B,B,B,A,A,B,A,B,C,E,A
210063721341,2024,5,F,1,1,1,1,3,,0,3523107,Itaquaquecetuba,35,SP,E,E,B,B,2,B,C,A,C,D,B,A,B,A,B,B,A,B,A,B,B,C,A
210063722490,2024,2,F,1,3,1,2,0,1,0,3523107,Itaquaquecetuba,35,SP,E,E,C,B,4,A,F,A,C,C,B,B,B,A,B,B,A,B,A,B,B,E,A
210063723106,2024,3,M,1,1,1,2,0,1,0,3523107,Itaquaquecetuba,35,SP,H,H,F,B,3,A,E,A,B,C,B,A,B,A,B,B,A,C,A,B,B,D,A
210063723178,2024,3,F,1,3,1,2,0,1,0,3523107,Itaquaquecetuba,35,SP,H,E,F,C,5,A,B,A,B,C,A,A,B,A,A,A,A,B,A,B,A,E,A
210063724066,2024,11,F,1,3,1,1,12,,0,3523107,Itaquaquecetuba,35,SP,B,E,B,B,4,A,A,A,B,C,B,A,B,A,B,B,A,B,A,B,A,B,A
210063724575,2024,2,F,1,2,1,2,0,1,0,3523107,Itaquaquecetuba,35,SP,B,E,F,B,4,B,B,A,B,C,A,A,B,A,B,A,A,B,A,B,A,D,A
210063727778,2024,13,F,2,1,1,1,7,,0,3523107,Itaquaquecetuba,35,SP,B,B,B,B,4,A,I,A,B,B,B,B,B,B,A,A,B,B,A,B,C,E,A
210063730607,2024,2,F,1,1,1,2,0,1,0,3523107,Itaquaquecetuba,35,SP,C,E,A,A,5,A,B,A,B,B,A,A,B,A,A,A,A,B,A,B,B,D,A
210063731033,2024,3,F,1,3,1,3,0,,1,3523107,Itaquaquecetuba,35,SP,D,C,C,C,4,A,G,A,B,C,A,A,B,A,A,B,A,B,A,B,A,E,A
210063732388,2024,2,F,1,3,1,2,0,1,0,3523107,Itaquaquecetuba,35,SP,D,C,B,B,5,A,C,A,B,B,A,A,B,A,B,A,A,A,A,A,A,C,A
210063733501,2024,2,F,1,2,1,2,0,1,0,3523107,Itaquaquecetuba,35,SP,E,E,C,A,6,A,B,A,B,C,A,A,C,A,B,A,A,C,B,B,B,E,A
210063735980,2024,3,F,1,3,1,2,0,1,0,3523107,Itaquaquecetuba,35,SP,E,E,C,B,5,A,D,A,B,D,B,A,B,A,B,B,A,D,B,B,B,E,A
210063736413,2024,2,F,1,2,1,2,0,1,0,3523107,Itaquaquecetuba,35,SP,G,E,D,B,5,A,A,A,C,C,B,A,B,A,B,A,A,B,A,B,B,E,A
210063737071,2024,16,M,0,3,1,1,18,,0,3523107,Itaquaquecetuba,35,SP,A,A,A,B,4,B,F,A,B,C,B,A,C,A,B,B,B,D,B,B,C,E,A
210063737250,2024,3,F,1,1,1,2,0,1,0,3523107,Itaquaquecetuba,35,SP,H,E,C,B,6,B,E,A,B,C,B,B,B,A,B,B,B,B,B,B,A,E,A
210063737971,2024,2,M,1,3,1,3,0,,1,3523107,Itaquaquecetuba,35,SP,D,H,B,F,2,A,B,A,B,B,A,B,B,A,A,A,A,A,A,B,A,C,A
210063738749,2024,6,M,1,1,2,1,4,,0,3523107,Itaquaquecetuba,35,SP,D,D,C,B,5,A,D,A,B,C,B,A,B,B,B,B,A,B,A,B,B,E,A
210063738891,2024,6,F,1,1,1,1,4,,0,3523107,Itaquaquecetuba,35,SP,E,F,C,C,3,B,H,A,B,D,A,A,B,A,A,A,A,C,A,B,B,D,A
210063739477,2024,3,F,1,1,1,2,0,1,0,3523107,Itaquaquecetuba,35,SP,E,C,C,B,3,A,C,A,B,C,A,B,B,A,B,A,A,B,A,B,A,C,A
210063739492,2024,3,M,0,1,1,2,0,1,0,3523107,Itaquaquecetuba,35,SP,B,C,F,B,3,A,B,A,B,C,B,A,B,B,B,B,A,B,A,B,A,D,A
210063739505,2024,13,F,2,3,1,1,18,,0,3523107,Itaquaquecetuba,35,SP,B,H,B,B,3,B,E,A,B,B,A,A,B,A,B,A,A,B,A,B,A,D,A
210063740121,2024,2,M,1,3,1,2,0,1,0,3523107,Itaquaquecetuba,35,SP,G,F,D,D,3,A,I,A,B,C,B,A,B,A,B,B,B,D,A,B,C,D,B
210063740399,2024,5,M,1,2,1,2,0,1,0,3523107,Itaquaquecetuba,35,SP,E,E,C,B,5,B,E,A,B,C,B,A,B,A,B,A,B,D,A,B,C,E,A
210063740996,2024,5,F,1,2,1,1,2,,0,3523107,Itaquaquecetuba,35,SP,H,D,F,B,4,B,B,A,B,B,A,A,B,A,A,A,A,A,A,B,A,C,A
210063742092,2024,10,F,1,1,1,1,8,,0,3523107,Itaquaquecetuba,35,SP,G,E,D,F,5,A,G,A,B,C,A,A,B,A,B,B,A,B,A,B,B,D,A
210063742569,2024,4,M,1,1,1,1,2,,0,3523107,Itaquaquecetuba,35,SP,E,D,C,B,4,B,D,A,B,C,B,A,B,A,A,A,A,B,A,B,A,E,A
210063745323,2024,10,F,2,3,1,1,6,,0,3523107,Itaquaquecetuba,35,SP,B,B,A,A,3,A,B,A,B,B,A,A,B,A,A,A,A,B,A,B,A,B,A
210063747159,2024,1,F,1,1,1,3,0,,1,3523107,Itaquaquecetuba,35,SP,F,F,D,D,3,A,E,A,B,C,B,A,B,A,B,B,B,B,A,B,B,C,D
210063747586,2024,4,F,1,1,1,2,0,1,0,3523107,Itaquaquecetuba,35,SP,E,D,C,B,3,A,C,A,B,C,A,A,B,A,B,B,A,B,A,B,A,D,A
210063747605,2024,2,M,1,2,1,2,0,1,0,3523107,Itaquaquecetuba,35,SP,C,C,C,B,4,A,B,A,B,A,A,A,B,A,A,A,A,B,A,B,A,B,A
210063749562,2024,6,M,1,1,1,1,3,,0,3523107,Itaquaquecetuba,35,SP,C,E,F,C,4,B,G,A,B,C,A,A,B,A,B,B,B,D,A,B,B,D,A
210063751588,2024,3,M,1,2,1,2,0,1,0,3523107,Itaquaquecetuba,35,SP,D,E,C,B,5,B,B,A,B,B,B,A,B,A,B,A,A,B,A,B,B,D,A
210063751843,2024,8,F,1,2,1,1,6,,0,3523107,Itaquaquecetuba,35,SP,H,F,F,B,2,A,A,A,B,B,A,A,B,A,A,A,A,A,A,A,A,B,A
210063756751,2024,3,F,1,3,1,2,0,1,0,3523107,Itaquaquecetuba,35,SP,D,E,C,B,3,A,B,A,B,B,A,A,B,A,B,A,A,A,A,B,B,C,A
210063756872,2024,3,F,1,1,1,2,0,1,0,3523107,Itaquaquecetuba,35,SP,H,E,F,F,4,B,B,A,B,B,A,A,B,A,A,A,A,A,A,B,A,C,A
210063760476,2024,12,F,2,3,1,1,13,,0,3523107,Itaquaquecetuba,35,SP,A,A,A,A,6,A,A,A,B,C,A,A,B,A,A,A,A,B,A,B,A,C,A
210063761722,2024,13,M,3,2,1,1,18,,0,3523107,Itaquaquecetuba,35,SP,A,B,A,B,1,B,C,A,B,B,A,A,B,A,A,A,A,A,A,A,B,B,A
210063762449,2024,13,F,1,3,1,1,18,,0,3523107,Itaquaquecetuba,35,SP,C,B,B,B,2,A,A,A,B,B,A,A,B,A,A,B,A,B,A,B,A,B,A
210063763360,2024,2,F,1,1,1,2,0,1,0,3523107,Itaquaquecetuba,35,SP,E,E,B,F,5,A,C,A,B,C,B,A,B,A,B,B,A,C,A,B,A,D,A
210063766107,2024,3,F,1,3,1,2,0,1,0,3523107,Itaquaquecetuba,35,SP,B,B,B,B,4,B,D,A,B,D,A,A,B,A,B,B,A,C,B,B,A,D,A
210063767907,2024,2,F,1,1,1,2,0,1,0,3523107,Itaquaquecetuba,35,SP,H,C,F,C,3,A,C,A,B,C,A,A,B,A,A,A,A,C,A,B,A,C,A
210063768546,2024,2,M,1,2,1,2,0,1,0,3523107,Itaquaquecetuba,35,SP,C,D,F,F,8,A,C,A,D,D,C,A,B,B,A,A,A,D,A,B,A,D,A
210063769331,2024,2,M,1,3,1,2,0,1,0,3523107,Itaquaquecetuba,35,SP,F,E,D,D,4,A,A,A,B,C,B,A,B,A,A,B,B,D,A,B,C,E,A
210063769780,2024,3,F,1,3,1,2,0,1,0,3523107,Itaquaquecetuba,35,SP,B,E,C,A,5,A,C,A,B,C,B,A,B,A,B,B,B,C,B,B,B,D,A
210063770183,2024,2,F,1,3,1,2,0,1,0,3523107,Itaquaquecetuba,35,SP,H,H,C,B,4,A,B,A,B,C,A,A,B,A,B,B,A,B,A,B,A,D,A
210063770276,2024,3,M,1,3,1,2,0,1,0,3523107,Itaquaquecetuba,35,SP,H,H,F,F,4,A,H,A,B,C,B,A,B,A,B,B,A,C,A,B,B,E,A
210063770315,2024,3,M,1,3,1,1,1,,0,3523107,Itaquaquecetuba,35,SP,D,C,F,B,5,A,C,A,B,C,B,A,B,A,B,B,A,B,A,B,A,E,A
210063770558,2024,1,F,1,1,1,3,0,,1,3523107,Itaquaquecetuba,35,SP,C,H,B,B,5,A,B,A,A,B,A,A,A,A,A,A,A,A,A,A,A,A,A
210063770696,2024,3,M,1,3,1,2,0,1,0,3523107,Itaquaquecetuba,35,SP,B,D,C,F,4,A,D,A,C,D,C,B,B,A,B,B,A,C,A,B,A,E,A
210063771505,2024,3,M,1,2,1,2,0,1,0,3523107,Itaquaquecetuba,35,SP,E,D,C,B,3,A,B,A,B,C,B,A,B,A,B,A,A,B,A,B,B,D,A
210063771576,2024,2,F,1,3,1,3,0,,1,3523107,Itaquaquecetuba,35,SP,H,D,F,F,3,A,B,A,B,C,A,A,B,A,A,B,A,B,A,B,A,B,A
210063772164,2024,2,F,1,1,1,2,0,1,0,3523107,Itaquaquecetuba,35,SP,E,E,D,B,4,B,G,A,D,D,C,A,C,B,B,B,B,D,A,B,D,E,D
210063773108,2024,11,F,2,3,2,1,11,,0,3523107,Itaquaquecetuba,35,SP,B,D,C,C,5,B,E,A,B,C,B,B,B,A,B,A,A,B,A,B,A,C,A
210063774178,2024,11,M,2,3,1,1,11,,0,3523107,Itaquaquecetuba,35,SP,D,E,C,B,2,B,C,A,B,B,A,A,B,A,B,A,A,B,A,B,B,B,A
210063774837,2024,5,F,1,3,1,1,1,,0,3523107,Itaquaquecetuba,35,SP,E,D,B,B,5,B,E,A,C,C,B,A,B,A,B,B,A,C,A,B,B,D,A
210063775388,2024,2,F,1,1,1,2,0,1,0,3523107,Itaquaquecetuba,35,SP,B,E,A,C,2,A,B,A,B,B,A,A,B,A,A,A,A,A,A,B,B,B,A
210063775655,2024,2,F,1,1,1,2,0,1,0,3523107,Itaquaquecetuba,35,SP,E,E,B,B,3,A,D,A,B,C,A,A,B,A,B,B,A,B,B,B,B,B,A
210063776012,2024,3,F,1,3,1,2,0,1,0,3523107,Itaquaquecetuba,35,SP,C,E,C,C,3,A,B,A,B,B,A,A,B,A,B,A,A,B,A,B,A,B,A
210063776399,2024,2,F,1,3,1,2,0,1,0,3523107,Itaquaquecetuba,35,SP,C,C,F,B,7,A,C,A,B,C,A,A,B,B,B,B,A,B,A,B,B,B,A
210063776402,2024,6,F,1,3,1,1,4,,0,3523107,Itaquaquecetuba,35,SP,E,G,C,D,5,A,H,A,B,D,B,A,B,A,B,B,B,C,A,B,B,E,A
210063776697,2024,5,F,1,3,1,1,1,,0,3523107,Itaquaquecetuba,35,SP,E,E,C,F,3,A,E,A,C,D,C,C,B,A,B,B,B,A,A,B,B,D,A
210063777605,2024,7,F,0,3,1,1,0,,0,3523107,Itaquaquecetuba,35,SP,E,E,C,D,4,A,C,A,B,B,A,A,B,A,B,A,A,B,A,B,C,E,A
210063777693,2024,4,F,1,3,1,1,2,,0,3523107,Itaquaquecetuba,35,SP,H,D,F,B,5,A,B,A,B,C,B,A,B,A,B,A,A,B,A,B,A,D,A
210063778667,2024,6,F,1,4,1,1,3,,0,3523107,Itaquaquecetuba,35,SP,A,C,A,B,5,B,B,A,B,C,A,A,B,A,A,A,A,B,A,B,A,B,A
210063778996,2024,3,M,1,3,1,2,0,1,0,3523107,Itaquaquecetuba,35,SP,C,D,D,D,5,A,B,A,B,C,B,A,B,A,B,B,B,B,A,B,B,D,A
210063779695,2024,5,M,1,2,1,1,2,,0,3523107,Itaquaquecetuba,35,SP,D,E,F,F,5,B,G,A,B,D,A,B,B,A,B,A,A,A,A,B,D,E,A
210063779776,2024,5,F,1,3,1,1,3,,0,3523107,Itaquaquecetuba,35,SP,D,D,C,B,3,B,B,A,B,C,A,A,B,A,B,A,A,B,A,B,B,D,A
210063779908,2024,3,F,1,2,1,2,0,1,0,3523107,Itaquaquecetuba,35,SP,D,F,B,B,7,A,B,A,B,C,B,A,B,A,A,A,A,B,A,B,A,C,A
210063780239,2024,13,M,2,1,1,1,0,,0,3523107,Itaquaquecetuba,35,SP,B,C,F,F,4,B,F,A,B,B,B,B,B,A,B,B,A,B,A,B,B,D,A
210063782040,2024,3,M,1,3,1,2,0,1,0,3523107,Itaquaquecetuba,35,SP,E,G,C,D,4,B,F,A,B,C,B,A,B,A,B,B,B,B,A,B,B,E,A
210063785686,2024,4,F,1,1,1,2,0,1,0,3523107,Itaquaquecetuba,35,SP,D,E,C,F,5,A,E,A,B,C,B,A,B,A,B,B,A,B,A,B,B,D,A
210063787783,2024,11,F,1,1,1,1,0,,0,3523107,Itaquaquecetuba,35,SP,E,E,B,C,6,B,D,A,B,D,A,B,B,A,B,B,B,B,A,B,B,E,A
210063790301,2024,7,F,1,2,1,1,5,,0,3523107,Itaquaquecetuba,35,SP,B,E,C,B,3,B,F,A,B,C,A,A,B,B,B,B,A,B,A,B,B,C,A
210063790644,2024,14,F,1,3,1,1,0,,0,3523107,Itaquaquecetuba,35,SP,B,B,B,B,5,B,C,A,B,A,A,A,A,A,A,A,A,B,A,A,A,B,A
210063791031,2024,2,F,1,3,1,2,0,1,0,3523107,Itaquaquecetuba,35,SP,E,E,C,F,4,A,B,A,B,C,A,A,B,A,A,B,B,B,A,A,A,D,A
210063791125,2024,2,F,1,3,1,2,0,1,0,3523107,Itaquaquecetuba,35,SP,E,E,D,B,3,A,D,A,C,C,A,A,B,A,B,B,B,B,A,B,B,D,A
210063793023,2024,3,F,1,1,1,2,0,1,0,3523107,Itaquaquecetuba,35,SP,H,E,C,B,4,B,B,A,B,C,A,A,B,A,B,B,A,C,A,B,A,C,A
210063793290,2024,7,M,1,1,1,1,5,,0,3523107,Itaquaquecetuba,35,SP,H,H,C,B,2,B,C,A,B,B,A,B,B,A,A,B,A,B,A,B,A,C,A
210063793981,2024,14,F,1,3,1,1,18,,0,3523107,Itaquaquecetuba,35,SP,A,A,F,B,3,B,D,A,B,B,B,B,B,A,B,A,A,B,A,B,A,C,A
210063794340,2024,3,F,1,1,1,2,0,1,0,3523107,Itaquaquecetuba,35,SP,F,E,C,B,4,A,C,A,B,C,B,A,B,A,A,B,B,B,A,B,B,D,A
210063795871,2024,2,F,1,2,1,2,0,1,0,3523107,Itaquaquecetuba,35,SP,E,E,F,B,5,A,A,A,B,C,A,A,B,B,B,B,A,B,A,B,A,C,A
210063796538,2024,3,F,1,1,1,2,0,1,0,3523107,Itaquaquecetuba,35,SP,E,E,F,F,8,A,F,A,C,D,B,A,B,A,B,B,A,D,A,B,B,E,A
210063797249,2024,3,F,1,1,1,1,1,,0,3523107,Itaquaquecetuba,35,SP,B,E,C,B,3,A,B,A,B,B,A,A,B,A,A,A,A,B,A,B,A,B,A
210063801732,2024,3,M,1,1,1,2,0,1,0,3523107,Itaquaquecetuba,35,SP,B,E,C,B,3,A,C,A,B,C,A,A,B,A,B,A,A,B,A,B,A,B,A
210063804388,2024,2,M,1,2,1,2,0,1,0,3523107,Itaquaquecetuba,35,SP,B,D,B,F,3,B,B,A,B,B,B,B,B,A,B,A,A,B,A,B,A,B,A
210063804743,2024,2,F,1,1,1,2,0,1,0,3523107,Itaquaquecetuba,35,SP,D,D,B,C,4,A,C,A,B,C,B,A,B,A,B,B,A,B,A,B,B,B,A
210063804903,2024,2,F,1,1,1,2,0,1,0,3523107,Itaquaquecetuba,35,SP,E,E,F,B,3,A,C,A,B,C,A,A,B,A,B,B,A,A,A,B,A,D,A
210063806022,2024,1,M,0,3,1,3,0,,1,3523107,Itaquaquecetuba,35,SP,E,D,C,A,4,A,D,A,C,C,A,A,C,A,B,B,A,A,A,B,B,D,A
210063806117,2024,3,F,1,1,1,2,0,1,0,3523107,Itaquaquecetuba,35,SP,F,E,E,B,3,B,G,A,B,C,A,A,B,A,B,A,B,C,A,B,A,D,A
210063808838,2024,11,F,1,1,1,1,12,,0,3523107,Itaquaquecetuba,35,SP,D,E,B,B,3,A,B,A,B,B,A,A,B,A,A,A,A,B,A,B,A,B,A
210063809514,2024,2,F,1,2,1,2,0,1,0,3523107,Itaquaquecetuba,35,SP,E,E,C,C,3,B,E,A,C,D,C,A,B,A,B,B,B,B,A,B,B,D,A
210063809682,2024,3,F,1,1,1,2,0,1,0,3523107,Itaquaquecetuba,35,SP,H,B,F,B,4,A,C,A,B,C,B,A,B,A,B,A,A,C,A,B,A,E,A
210063810106,2024,7,M,1,2,1,1,5,,0,3523107,Itaquaquecetuba,35,SP,E,E,F,B,1,B,D,A,B,B,A,A,B,A,B,A,A,B,A,B,A,B,A
210063811724,2024,3,F,1,1,1,2,0,1,0,3523107,Itaquaquecetuba,35,SP,G,E,D,B,3,A,C,A,B,B,A,A,B,A,B,A,A,B,A,B,A,C,A
210063811818,2024,1,F,0,1,1,3,0,,1,3523107,Itaquaquecetuba,35,SP,B,E,B,F,4,A,C,A,B,D,B,A,B,A,B,A,A,B,A,B,A,D,A
210063814939,2024,6,F,1,1,1,1,4,,0,3523107,Itaquaquecetuba,35,SP,E,D,F,B,5,B,C,A,B,D,B,A,B,A,B,B,A,B,A,B,B,E,A
210063817487,2024,2,F,1,1,1,3,0,,1,3523107,Itaquaquecetuba,35,SP,C,G,B,D,3,A,L,A,D,D,B,A,B,A,B,B,B,B,A,B,D,D,D
210063817901,2024,3,M,1,2,1,2,0,1,0,3523107,Itaquaquecetuba,35,SP,F,F,C,D,4,A,E,A,C,C,B,C,B,A,B,B,B,D,B,B,B,E,B
210063818076,2024,3,F,1,3,1,2,0,2,0,3523107,Itaquaquecetuba,35,SP,E,F,C,B,3,B,H,A,B,C,B,A,B,A,B,B,A,B,A,B,B,B,A
210063818897,2024,2,F,1,1,1,3,0,,1,3523107,Itaquaquecetuba,35,SP,E,D,D,D,3,B,C,A,B,B,B,A,B,A,B,B,A,B,A,B,A,D,A
210063819209,2024,3,F,1,2,1,2,0,1,0,3523107,Itaquaquecetuba,35,SP,E,E,F,E,5,A,G,A,B,C,A,A,B,A,B,A,A,B,A,B,B,E,A
210063823354,2024,7,F,1,0,1,1,5,,0,3523107,Itaquaquecetuba,35,SP,E,E,C,B,6,A,C,A,B,C,A,A,B,A,B,A,A,B,A,B,A,D,A
210063824458,2024,2,F,1,1,1,2,0,1,0,3523107,Itaquaquecetuba,35,SP,E,E,B,A,5,A,C,A,B,B,A,B,B,A,A,B,A,A,A,B,A,B,A
210063824519,2024,11,M,0,0,1,1,11,,0,3523107,Itaquaquecetuba,35,SP,H,H,F,F,1,B,F,A,B,B,A,A,B,B,B,B,A,B,A,B,B,B,A
210063824966,2024,3,F,1,1,1,2,0,1,0,3523107,Itaquaquecetuba,35,SP,B,E,C,B,4,A,B,A,B,B,A,A,B,A,A,A,A,B,A,B,A,C,C
210063825234,2024,3,F,1,1,2,1,1,,0,3523107,Itaquaquecetuba,35,SP,E,E,C,B,5,A,D,A,B,C,A,A,B,A,A,A,A,B,A,B,A,D,A
210063826274,2024,12,F,1,3,1,1,0,,0,3523107,Itaquaquecetuba,35,SP,B,E,C,B,5,A,B,A,B,A,A,A,B,A,B,A,A,B,A,A,A,B,A
210063826457,2024,4,F,1,3,1,1,1,,0,3523107,Itaquaquecetuba,35,SP,E,E,D,B,3,A,B,A,B,C,A,A,B,B,B,B,A,B,A,B,A,B,A
210063827809,2024,2,M,1,1,1,2,0,1,0,3523107,Itaquaquecetuba,35,SP,H,E,F,F,4,A,G,A,C,C,B,A,B,A,B,B,A,B,B,B,A,E,A
210063828101,2024,8,F,1,1,1,1,6,,0,3523107,Itaquaquecetuba,35,SP,B,C,C,F,3,A,B,A,B,C,A,A,B,A,B,B,A,B,A,B,A,B,A
210063828378,2024,2,F,1,1,1,2,0,1,0,3523107,Itaquaquecetuba,35,SP,E,D,C,F,4,A,A,A,B,C,A,A,B,A,A,A,A,B,A,B,A,E,A
210063828639,2024,11,F,3,3,1,1,10,,0,3523107,Itaquaquecetuba,35,SP,E,G,C,D,3,B,E,A,B,C,B,B,B,A,B,B,A,B,A,B,B,D,A
210063828867,2024,3,M,1,1,1,1,1,,0,3523107,Itaquaquecetuba,35,SP,E,F,C,E,4,A,D,A,D,D,B,A,B,B,B,B,A,C,A,B,B,E,E
210063829674,2024,18,M,1,3,1,1,0,,0,3523107,Itaquaquecetuba,35,SP,A,A,A,B,1,B,B,A,B,B,A,A,B,A,A,A,A,B,A,B,B,B,A
210063830859,2024,2,F,1,3,1,2,0,1,0,3523107,Itaquaquecetuba,35,SP,H,E,C,D,3,B,C,A,B,B,A,A,B,A,B,A,A,B,A,B,A,C,A
210063833020,2024,2,M,1,1,1,2,0,1,0,3523107,Itaquaquecetuba,35,SP,E,E,C,F,4,A,D,A,C,C,B,A,C,A,B,B,B,B,A,B,B,D,D
210063834173,2024,2,F,1,1,1,2,0,1,0,3523107,Itaquaquecetuba,35,SP,H,E,C,F,6,A,B,A,C,D,A,A,B,B,B,B,A,B,B,B,A,D,A
210063834356,2024,3,M,1,3,1,2,0,1,0,3523107,Itaquaquecetuba,35,SP,A,B,C,A,4,A,B,B,B,B,B,A,B,A,A,A,A,B,A,B,A,C,A
210063835144,2024,7,F,1,2,1,1,5,,0,3523107,Itaquaquecetuba,35,SP,H,B,F,B,2,B,E,A,B,B,A,A,B,A,B,A,A,B,A,B,B,C,A
210063836706,2024,3,M,1,2,1,2,0,1,0,3523107,Itaquaquecetuba,35,SP,D,D,B,B,4,A,C,A,B,B,A,A,B,A,A,A,A,A,A,B,A,B,A
210063839291,2024,2,F,1,3,1,2,0,1,0,3523107,Itaquaquecetuba,35,SP,H,D,C,B,5,A,B,A,B,C,A,A,A,A,B,A,A,B,B,B,A,E,A
210063839605,2024,12,M,0,2,1,1,0,,0,3523107,Itaquaquecetuba,35,SP,B,B,A,A,4,A,B,A,B,B,A,A,B,A,B,A,A,B,A,A,A,B,A
210063840064,2024,2,M,1,3,1,2,0,1,0,3523107,Itaquaquecetuba,35,SP,D,G,C,D,5,A,E,A,B,C,B,A,B,A,B,B,B,B,A,B,B,E,A
210063841123,2024,2,M,1,3,1,2,0,1,0,3523107,Itaquaquecetuba,35,SP,H,H,C,C,3,A,C,A,C,C,B,A,B,A,B,B,B,D,A,B,B,D,A
210063841236,2024,3,M,1,2,1,2,0,1,0,3523107,Itaquaquecetuba,35,SP,B,D,C,F,5,A,C,A,B,C,A,A,B,A,B,B,A,B,A,B,B,D,A
210063841765,2024,3,M,1,3,1,2,0,1,0,3523107,Itaquaquecetuba,35,SP,H,H,C,B,3,A,B,A,C,C,B,A,B,A,B,B,A,B,A,B,A,D,A
210063841860,2024,3,M,1,1,1,2,0,1,0,3523107,Itaquaquecetuba,35,SP,E,E,B,F,4,B,E,A,C,D,C,A,B,A,A,B,A,C,A,B,B,E,A
210063842900,2024,2,F,1,3,1,2,0,1,0,3523107,Itaquaquecetuba,35,SP,E,F,B,D,5,A,E,A,B,C,B,B,B,A,B,A,B,B,A,B,B,C,A
210063843371,2024,7,M,1,1,1,1,0,,0,3523107,Itaquaquecetuba,35,SP,E,E,D,B,4,B,F,A,B,C,A,A,B,A,B,B,B,B,A,B,B,E,A
210063844421,2024,3,F,1,3,1,3,0,,1,3523107,Itaquaquecetuba,35,SP,C,D,F,F,5,A,A,A,B,B,A,A,B,A,A,A,A,B,A,B,B,A,A
210063845667,2024,2,M,1,1,1,2,0,1,0,3523107,Itaquaquecetuba,35,SP,E,E,F,F,5,A,A,A,B,C,B,A,B,A,B,B,B,D,A,B,B,E,A
210063845906,2024,2,F,1,3,1,3,0,,1,3523107,Itaquaquecetuba,35,SP,C,D,F,B,3,A,E,A,B,C,A,A,B,A,B,B,B,D,B,B,B,D,A
210063847042,2024,2,M,1,1,1,3,0,,1,3523107,Itaquaquecetuba,35,SP,F,G,E,E,3,A,D,A,B,D,A,A,B,B,B,B,A,C,B,B,D,D,D
210063847993,2024,2,M,1,3,1,2,0,1,0,3523107,Itaquaquecetuba,35,SP,E,E,F,B,4,A,C,A,B,C,A,A,B,A,B,B,A,B,A,B,B,D,A
210063849587,2024,14,F,1,3,1,1,0,,0,3523107,Itaquaquecetuba,35,SP,H,E,F,B,5,B,D,A,B,B,A,A,B,A,B,B,A,B,B,B,B,B,A
210063851818,2024,1,F,1,1,1,3,0,,1,3523107,Itaquaquecetuba,35,SP,E,G,C,D,5,A,G,B,D,D,B,A,C,A,B,B,B,D,A,B,B,E,D
210063853379,2024,3,M,1,3,2,2,0,1,0,3523107,Itaquaquecetuba,35,SP,E,E,C,F,4,B,F,A,B,D,B,A,B,A,B,A,A,D,A,B,B,E,A
210063854033,2024,3,F,1,2,1,2,0,1,0,3523107,Itaquaquecetuba,35,SP,H,E,F,F,5,A,C,A,C,B,A,A,C,A,A,B,A,B,B,B,B,E,A
210063854204,2024,3,F,1,1,1,1,1,,0,3523107,Itaquaquecetuba,35,SP,E,E,B,B,4,A,C,A,A,A,A,A,B,A,A,A,A,A,A,B,A,B,A
210063856334,2024,3,M,0,1,1,2,0,1,0,3523107,Itaquaquecetuba,35,SP,D,G,F,D,3,A,G,A,C,C,B,A,B,A,B,B,B,C,B,B,D,D,A
210063857988,2024,7,M,1,3,1,1,5,,0,3523107,Itaquaquecetuba,35,SP,C,E,C,D,4,B,I,A,B,C,A,A,B,A,B,B,A,C,A,B,D,E,A
210063858896,2024,2,F,1,1,1,2,0,1,0,3523107,Itaquaquecetuba,35,SP,E,F,B,B,3,B,E,A,B,C,B,A,B,A,B,B,A,C,A,B,A,D,A
210063860744,2024,3,M,1,3,1,2,0,1,0,3523107,Itaquaquecetuba,35,SP,E,E,F,C,2,B,C,A,B,B,A,A,B,A,B,B,A,B,A,B,A,B,A
210063861067,2024,1,F,1,1,1,3,0,,1,3523107,Itaquaquecetuba,35,SP,E,G,C,D,5,A,K,A,C,D,B,B,D,A,B,B,A,D,A,B,D,E,B
210063861210,2024,4,F,1,3,1,1,1,,0,3523107,Itaquaquecetuba,35,SP,E,E,B,B,4,A,D,A,B,C,B,A,B,A,B,B,B,C,B,B,B,E,A
210063863024,2024,3,F,1,1,1,2,0,1,0,3523107,Itaquaquecetuba,35,SP,C,D,C,B,5,A,C,A,B,B,B,A,B,A,B,B,B,B,A,B,A,E,A
210063863343,2024,3,F,0,3,2,2,0,1,0,3523107,Itaquaquecetuba,35,SP,D,E,C,B,4,B,E,A,C,D,B,A,C,A,A,A,B,D,B,B,A,E,A
210063865368,2024,5,F,1,1,1,1,1,,0,3523107,Itaquaquecetuba,35,SP,D,F,B,D,5,A,E,A,C,C,B,A,B,A,B,B,B,C,B,B,B,E,A
210063865450,2024,3,F,1,1,1,2,0,1,0,3523107,Itaquaquecetuba,35,SP,E,C,C,B,3,A,B,A,B,B,A,A,B,A,B,B,A,C,B,B,A,D,A
210063866327,2024,7,F,1,2,1,1,5,,0,3523107,Itaquaquecetuba,35,SP,D,B,C,B,2,A,C,A,C,C,A,A,B,A,B,B,A,C,A,B,A,C,A
210063868952,2024,13,F,1,2,1,1,12,,0,3523107,Itaquaquecetuba,35,SP,C,B,F,B,3,B,B,A,B,B,A,A,B,A,A,A,A,B,A,B,A,D,A
210063868967,2024,3,F,1,3,3,2,0,1,0,3523107,Itaquaquecetuba,35,SP,F,B,C,B,6,A,A,A,B,B,A,A,B,A,B,B,A,B,A,B,A,B,A
210063869913,2024,2,F,1,1,1,3,0,,1,3523107,Itaquaquecetuba,35,SP,E,C,C,B,3,A,D,A,B,C,B,A,B,A,B,B,B,B,A,B,B,D,A
210063873987,2024,2,F,1,1,1,2,0,1,0,3523107,Itaquaquecetuba,35,SP,D,F,B,D,4,A,K,A,D,D,C,B,B,A,B,B,B,C,A,B,B,E,D
210063874202,2024,10,F,1,1,1,1,7,,0,3523107,Itaquaquecetuba,35,SP,B,B,B,B,5,A,B,A,B,C,A,A,B,B,A,A,A,B,A,A,A,D,A
210063875350,2024,3,F,0,3,1,2,0,1,0,3523107,Itaquaquecetuba,35,SP,E,E,C,D,11,A,E,A,C,D,B,A,B,B,B,B,B,B,B,B,A,E,D
210063876262,2024,2,M,1,1,1,2,0,1,0,3523107,Itaquaquecetuba,35,SP,H,B,C,F,4,B,B,A,B,D,A,A,B,A,A,B,A,C,A,B,B,E,A
210063877009,2024,11,F,1,3,1,1,10,,0,3523107,Itaquaquecetuba,35,SP,E,E,C,B,1,A,A,A,B,B,A,A,B,A,B,B,A,B,A,A,A,B,A
210063877127,2024,3,M,1,3,1,2,0,1,0,3523107,Itaquaquecetuba,35,SP,H,H,C,C,3,A,E,A,C,C,C,A,B,A,B,B,A,B,A,B,B,D,A
210063878691,2024,10,F,1,2,1,1,7,,0,3523107,Itaquaquecetuba,35,SP,E,C,C,B,7,A,B,A,B,B,A,A,B,A,A,A,A,B,A,B,A,C,A
210063880417,2024,3,F,1,3,1,2,0,1,0,3523107,Itaquaquecetuba,35,SP,E,B,C,B,2,B,B,A,B,B,A,A,B,A,A,B,A,B,A,B,B,C,A
210063880587,2024,1,F,1,1,1,3,0,,1,3523107,Itaquaquecetuba,35,SP,E,D,D,B,4,A,E,A,C,C,B,A,B,A,B,B,A,B,A,B,A,C,A
210063880913,2024,2,F,1,1,1,3,0,,1,3523107,Itaquaquecetuba,35,SP,F,E,D,F,2,A,D,A,B,C,B,A,B,A,B,B,B,C,A,B,C,C,A
210063883293,2024,3,F,1,3,1,1,1,,0,3523107,Itaquaquecetuba,35,SP,H,B,F,D,3,A,B,A,B,C,A,A,B,A,B,A,A,B,A,B,B,C,A
210063885378,2024,3,M,1,1,1,1,1,,0,3523107,Itaquaquecetuba,35,SP,H,E,C,C,4,A,B,A,B,C,B,A,B,A,A,B,A,B,A,B,A,C,A
210063886436,2024,5,F,1,3,1,1,3,,0,3523107,Itaquaquecetuba,35,SP,E,B,F,B,2,A,B,A,B,D,A,A,B,A,B,B,B,B,A,B,B,C,A
210063886709,2024,3,M,1,3,1,1,1,,0,3523107,Itaquaquecetuba,35,SP,D,D,F,F,6,A,B,A,B,C,B,A,B,A,B,B,A,B,A,B,B,D,A
210063887159,2024,2,F,1,3,1,2,0,1,0,3523107,Itaquaquecetuba,35,SP,H,E,C,B,2,A,B,A,B,C,A,A,B,A,B,B,A,B,A,B,B,B,A
210063887497,2024,1,F,1,1,1,3,0,,1,3523107,Itaquaquecetuba,35,SP,G,E,F,C,3,A,B,A,B,B,A,A,B,A,A,B,A,B,A,B,A,B,A
210063887897,2024,3,F,1,3,1,2,0,1,0,3523107,Itaquaquecetuba,35,SP,E,E,F,F,5,A,B,A,B,C,B,A,B,A,B,B,A,C,A,B,A,D,A
210063888086,2024,4,F,1,3,1,2,0,1,0,3523107,Itaquaquecetuba,35,SP,D,E,B,E,2,B,A,D,B,B,A,A,B,B,B,B,A,C,B,B,A,C,A
210063888205,2024,8,F,1,3,1,1,6,,0,3523107,Itaquaquecetuba,35,SP,B,E,F,B,5,B,K,A,B,C,B,A,B,A,B,B,B,C,A,B,C,E,A
210063889189,2024,9,F,1,1,1,1,7,,0,3523107,Itaquaquecetuba,35,SP,E,E,D,D,2,A,B,A,B,C,A,A,B,A,A,B,A,B,A,B,B,B,A
210063889503,2024,2,F,1,2,1,2,0,1,0,3523107,Itaquaquecetuba,35,SP,E,E,C,B,4,A,E,A,C,C,B,A,B,A,B,B,A,C,B,B,A,D,A
210063889625,2024,2,F,1,1,1,2,0,1,0,3523107,Itaquaquecetuba,35,SP,H,F,C,E,4,B,D,A,C,D,B,A,B,A,B,B,B,D,A,B,C,E,A
210063889820,2024,3,F,0,3,1,2,0,1,0,3523107,Itaquaquecetuba,35,SP,H,E,F,C,2,A,C,A,B,B,A,A,B,A,A,A,A,B,A,B,A,C,A
210063891553,2024,3,M,1,2,1,2,0,1,0,3523107,Itaquaquecetuba,35,SP,H,B,F,F,2,A,C,A,B,B,B,A,B,A,A,A,A,A,A,A,A,B,A
210063892333,2024,3,F,0,1,1,2,0,1,0,3523107,Itaquaquecetuba,35,SP,H,G,F,E,5,A,C,A,B,C,B,A,C,A,B,B,B,D,B,B,B,E,D
210063893871,2024,5,F,1,3,1,1,3,,0,3523107,Itaquaquecetuba,35,SP,B,A,B,B,2,A,A,A,B,B,A,A,B,A,A,B,A,B,A,A,A,B,A
210063894683,2024,13,F,1,3,1,1,18,,0,3523107,Itaquaquecetuba,35,SP,H,E,F,C,2,B,B,A,B,B,A,A,B,A,A,A,A,B,A,B,A,B,A
210063895366,2024,5,F,0,3,1,1,3,,0,3523107,Itaquaquecetuba,35,SP,B,C,C,B,3,A,B,A,C,C,A,A,B,A,A,A,A,D,A,B,B,D,A
210063896037,2024,2,F,1,3,1,2,0,1,0,3523107,Itaquaquecetuba,35,SP,C,E,C,C,5,A,F,A,B,C,B,A,B,A,A,A,A,C,A,B,A,D,A
210063901780,2024,4,M,1,3,1,2,0,1,0,3523107,Itaquaquecetuba,35,SP,G,G,F,F,6,A,A,A,D,D,B,A,B,A,B,B,B,C,B,B,C,E,A
210063902205,2024,3,F,1,3,1,2,0,1,0,3523107,Itaquaquecetuba,35,SP,F,D,F,B,6,A,B,A,B,C,B,A,B,A,B,B,A,B,A,B,A,B,A
210063903285,2024,2,F,1,3,1,2,0,1,0,3523107,Itaquaquecetuba,35,SP,E,C,C,B,4,A,C,A,B,C,B,B,B,A,B,B,A,B,A,B,B,C,A
210063903312,2024,3,F,1,3,1,1,1,,0,3523107,Itaquaquecetuba,35,SP,D,D,F,F,6,A,B,A,B,C,A,A,B,A,B,A,A,B,B,B,A,D,A
210063903624,2024,3,F,1,1,1,2,0,1,0,3523107,Itaquaquecetuba,35,SP,D,E,C,F,3,A,D,A,C,C,B,A,B,A,B,B,A,C,A,B,B,D,A
210063904018,2024,3,F,1,3,2,2,0,1,0,3523107,Itaquaquecetuba,35,SP,B,E,A,E,5,A,B,B,B,C,B,A,B,B,A,B,A,B,A,B,A,B,A
210063905117,2024,3,M,1,5,1,2,0,1,0,3523107,Itaquaquecetuba,35,SP,E,D,C,B,4,B,B,A,D,B,C,B,B,B,B,B,B,D,A,B,A,B,A
210063907522,2024,3,F,1,1,1,1,1,,0,3523107,Itaquaquecetuba,35,SP,D,C,B,B,5,A,C,A,B,C,B,A,B,A,B,B,A,B,A,B,A,B,A
210063910111,2024,4,F,1,3,1,1,2,,0,3523107,Itaquaquecetuba,35,SP,F,E,D,B,5,B,H,A,B,C,A,A,B,A,B,B,A,B,A,B,B,E,A
210063910730,2024,12,F,1,3,1,1,0,,0,3523107,Itaquaquecetuba,35,SP,B,C,B,B,5,A,A,A,B,B,A,A,B,A,B,B,A,B,A,B,A,C,A
210063911473,2024,5,F,1,1,2,1,2,,0,3523107,Itaquaquecetuba,35,SP,E,E,B,B,5,B,C,A,B,C,A,A,B,A,A,A,B,B,A,B,B,D,A
210063912513,2024,3,M,1,3,1,1,1,,0,3523107,Itaquaquecetuba,35,SP,C,D,C,B,4,B,I,A,C,C,B,C,B,A,B,B,A,C,A,B,A,E,A
210063913932,2024,9,M,1,1,1,1,7,,0,3523107,Itaquaquecetuba,35,SP,E,F,B,D,2,B,E,A,B,B,A,A,B,A,A,B,A,B,A,B,B,C,A
210063914472,2024,7,M,1,2,1,1,5,,0,3523107,Itaquaquecetuba,35,SP,H,E,F,B,3,B,B,A,B,C,A,A,B,A,B,B,A,B,A,B,A,C,A
210063915187,2024,5,M,1,1,1,1,2,,0,3523107,Itaquaquecetuba,35,SP,E,H,C,B,4,B,E,A,B,D,B,C,B,A,B,B,A,A,A,B,B,E,A
210063916755,2024,2,M,1,1,1,2,0,1,0,3523107,Itaquaquecetuba,35,SP,E,E,D,B,4,A,D,A,C,C,B,A,B,A,B,B,B,B,A,B,B,D,A
210063916986,2024,7,M,1,3,1,1,5,,0,3523107,Itaquaquecetuba,35,SP,H,H,B,D,3,B,D,A,C,C,A,A,B,A,B,B,B,B,A,B,A,C,A
210063918177,2024,2,F,1,3,1,1,0,,0,3523107,Itaquaquecetuba,35,SP,E,E,F,F,2,A,A,A,B,B,A,A,B,A,A,B,A,B,A,B,A,B,A
210063919500,2024,3,F,1,2,1,2,0,1,0,3523107,Itaquaquecetuba,35,SP,H,E,F,B,3,A,B,A,B,B,A,A,B,A,B,B,A,B,A,B,A,D,A
210063922898,2024,13,F,1,3,1,1,18,,0,3523107,Itaquaquecetuba,35,SP,A,B,F,C,2,B,E,A,B,B,A,A,B,A,A,B,B,C,A,B,A,C,A
210063923084,2024,3,M,1,1,1,1,1,,0,3523107,Itaquaquecetuba,35,SP,E,E,B,B,7,B,E,A,B,C,B,A,B,A,B,B,A,B,B,B,B,D,A
210063924183,2024,3,M,1,2,1,2,0,1,0,3523107,Itaquaquecetuba,35,SP,B,D,B,B,5,A,B,A,B,B,B,A,B,A,B,B,A,B,A,B,A,E,A
210063925134,2024,2,M,1,2,1,2,0,1,0,3523107,Itaquaquecetuba,35,SP,C,E,F,B,6,B,C,A,B,B,A,A,B,A,B,A,A,B,B,B,B,D,A
210063925266,2024,6,M,1,3,1,1,4,,0,3523107,Itaquaquecetuba,35,SP,C,E,B,B,3,A,E,A,C,C,B,A,B,A,B,B,A,B,A,B,B,D,A
210063926070,2024,3,F,1,1,1,2,0,1,0,3523107,Itaquaquecetuba,35,SP,E,E,F,F,6,A,D,A,B,C,A,A,B,A,B,B,A,C,B,B,A,E,A
210063926159,2024,1,M,1,2,1,3,0,,1,3523107,Itaquaquecetuba,35,SP,H,G,D,D,5,B,C,A,C,D,C,A,C,A,B,B,A,B,B,B,B,E,A
210063926194,2024,3,F,1,3,1,2,0,1,0,3523107,Itaquaquecetuba,35,SP,E,E,C,D,4,B,B,D,B,B,D,A,B,A,B,B,A,B,A,B,C,E,A
210063926525,2024,12,M,0,2,1,1,0,,0,3523107,Itaquaquecetuba,35,SP,C,G,C,D,3,B,C,A,B,C,B,A,B,A,B,A,A,B,A,B,A,C,A
210063926968,2024,4,M,1,3,1,2,0,1,0,3523107,Itaquaquecetuba,35,SP,H,E,B,B,5,A,C,A,B,C,A,A,B,A,A,A,A,B,A,B,A,C,A
210063927338,2024,3,F,1,3,1,1,1,,0,3523107,Itaquaquecetuba,35,SP,E,E,B,B,4,B,C,A,B,B,A,A,B,A,B,B,A,B,A,B,A,B,A
210063928413,2024,3,M,1,2,1,2,0,1,0,3523107,Itaquaquecetuba,35,SP,E,G,F,F,2,A,C,A,B,C,B,A,B,A,B,B,A,C,A,B,B,C,A
210063931444,2024,3,M,1,3,1,2,0,,0,3523107,Itaquaquecetuba,35,SP,D,D,E,B,4,A,B,A,B,C,D,A,B,A,B,B,A,B,A,B,A,E,A
210063933920,2024,3,M,1,1,1,2,0,1,0,3523107,Itaquaquecetuba,35,SP,H,H,F,F,8,A,B,A,B,B,A,A,B,A,B,B,A,C,B,B,A,C,A
210063934348,2024,2,F,1,3,1,2,0,1,0,3523107,Itaquaquecetuba,35,SP,E,D,B,B,3,A,B,A,B,B,A,A,B,A,A,A,A,B,A,B,A,B,A
210063934866,2024,6,M,1,3,1,1,0,,0,3523107,Itaquaquecetuba,35,SP,C,B,B,A,3,A,B,A,C,C,A,A,B,B,B,B,A,C,A,B,B,D,A
210063935573,2024,4,M,1,3,1,1,1,,0,3523107,Itaquaquecetuba,35,SP,B,E,B,B,4,B,K,A,C,C,B,A,B,A,B,B,B,B,A,B,B,D,A
210063936644,2024,11,M,1,3,1,1,13,,0,3523107,Itaquaquecetuba,35,SP,B,B,B,B,2,B,E,A,B,B,B,A,B,A,A,A,A,B,A,B,A,B,A
210063937134,2024,13,M,1,1,1,1,18,,0,3523107,Itaquaquecetuba,35,SP,B,B,B,B,3,A,B,A,C,C,A,A,B,A,B,B,A,C,A,B,B,D,A
210063937839,2024,2,M,1,3,1,2,0,1,0,3523107,Itaquaquecetuba,35,SP,E,G,B,B,4,A,C,A,C,C,B,A,B,A,B,B,B,C,A,B,D,D,A
210063938610,2024,8,M,1,3,1,1,4,,0,3523107,Itaquaquecetuba,35,SP,D,D,B,B,5,A,B,A,B,B,A,A,B,A,A,A,A,B,A,A,A,B,A
210063938893,2024,7,F,1,3,1,1,5,,0,3523107,Itaquaquecetuba,35,SP,B,E,C,D,4,B,C,A,B,B,B,A,B,A,A,A,A,A,A,B,A,D,A
210063942000,2024,8,F,1,1,1,1,0,,0,3523107,Itaquaquecetuba,35,SP,B,D,A,B,3,B,C,A,B,B,A,A,B,A,A,A,A,B,A,B,A,C,A
210063942153,2024,6,F,1,1,1,1,3,,0,3523107,Itaquaquecetuba,35,SP,B,D,A,A,1,B,B,A,B,B,A,A,B,A,A,A,A,B,A,B,A,B,A
210063942885,2024,3,F,0,3,1,2,0,1,0,3523107,Itaquaquecetuba,35,SP,E,D,C,B,2,A,B,A,B,B,A,A,B,A,A,A,A,A,A,A,A,B,A
210063943151,2024,12,F,1,3,1,1,13,,0,3523107,Itaquaquecetuba,35,SP,H,E,F,B,1,B,C,A,B,B,A,A,B,A,B,A,A,B,A,B,A,B,A
210063946085,2024,5,F,1,1,1,1,3,,0,3523107,Itaquaquecetuba,35,SP,E,E,F,B,2,B,D,A,B,C,A,A,B,A,A,B,A,B,A,B,A,C,A
210063946361,2024,2,F,1,1,1,2,0,1,0,3523107,Itaquaquecetuba,35,SP,C,H,D,D,2,A,G,A,C,C,B,A,B,A,B,B,B,C,A,B,B,C,D
210063949198,2024,1,F,1,1,1,3,0,,1,3523107,Itaquaquecetuba,35,SP,E,E,C,B,5,A,E,A,C,D,B,A,B,B,B,B,B,B,A,B,B,C,B
210063950606,2024,3,M,1,3,1,2,0,1,0,3523107,Itaquaquecetuba,35,SP,H,E,F,B,2,A,A,A,B,B,A,A,B,A,A,A,A,B,A,B,A,B,A
210063951632,2024,7,F,1,3,1,1,4,,0,3523107,Itaquaquecetuba,35,SP,E,E,C,B,2,B,B,A,B,B,A,A,B,A,A,A,A,B,A,B,A,B,A
210063956282,2024,6,F,1,3,1,1,3,,0,3523107,Itaquaquecetuba,35,SP,E,E,C,B,4,A,B,A,B,C,B,A,B,A,B,B,A,B,A,B,A,C,A
210063957751,2024,7,F,1,1,1,1,5,,0,3523107,Itaquaquecetuba,35,SP,B,B,B,B,2,A,B,A,B,B,A,A,B,A,B,A,A,B,A,B,A,C,A
210063958498,2024,3,M,1,1,1,2,0,1,0,3523107,Itaquaquecetuba,35,SP,E,B,B,B,4,A,F,A,B,C,A,A,B,A,B,B,A,C,A,B,C,E,A
210063959513,2024,6,F,1,1,1,1,3,,0,3523107,Itaquaquecetuba,35,SP,E,E,C,B,4,A,A,A,B,C,B,A,B,A,B,B,A,B,A,B,B,E,A
210063961378,2024,11,F,1,1,1,1,11,,0,3523107,Itaquaquecetuba,35,SP,B,C,B,B,2,A,C,A,B,B,A,A,B,A,B,B,B,B,A,B,B,C,A
210063961749,2024,3,F,1,1,1,2,0,1,0,3523107,Itaquaquecetuba,35,SP,B,E,B,B,3,A,C,A,B,C,B,A,B,A,B,B,A,C,B,B,A,D,A
210063966920,2024,2,F,1,1,1,2,0,1,0,3523107,Itaquaquecetuba,35,SP,G,E,D,D,5,A,I,A,B,C,B,A,B,A,B,B,A,B,A,B,A,E,A
210063969649,2024,3,F,0,1,1,2,0,1,0,3523107,Itaquaquecetuba,35,SP,H,H,B,B,3,A,D,A,D,D,B,A,B,B,B,B,A,C,A,B,A,D,D
210063969914,2024,1,F,1,1,1,3,0,,1,3523107,Itaquaquecetuba,35,SP,F,E,C,F,6,A,D,A,C,C,B,A,B,B,B,B,B,C,A,B,C,E,A
210063970514,2024,11,M,2,3,1,1,12,,0,3523107,Itaquaquecetuba,35,SP,C,B,C,B,4,B,B,A,B,B,A,A,B,A,A,A,A,B,A,B,A,B,A
210063970850,2024,3,F,1,2,1,2,0,1,0,3523107,Itaquaquecetuba,35,SP,E,B,C,B,3,B,C,A,B,C,A,A,B,A,B,B,A,A,A,B,B,D,A
210063972424,2024,3,F,1,3,1,2,0,1,0,3523107,Itaquaquecetuba,35,SP,B,B,C,B,6,A,B,A,B,C,B,A,B,A,B,B,A,B,A,B,A,D,A
210063973460,2024,12,M,1,2,1,1,0,,0,3523107,Itaquaquecetuba,35,SP,A,A,A,A,7,B,C,A,B,C,A,A,B,B,B,B,A,B,A,B,A,B,A
210063973932,2024,3,F,1,3,1,2,0,1,0,3523107,Itaquaquecetuba,35,SP,E,E,D,D,4,A,F,A,C,C,C,A,B,A,B,A,A,C,A,B,B,E,A
210063974526,2024,7,M,1,3,1,1,7,,0,3523107,Itaquaquecetuba,35,SP,E,C,B,B,4,B,C,A,D,D,B,A,C,B,B,B,A,D,A,B,C,E,A
210063974810,2024,8,F,1,1,1,1,6,,0,3523107,Itaquaquecetuba,35,SP,H,E,F,D,2,A,C,A,B,C,A,A,B,A,A,A,A,B,A,B,B,C,D
210063974972,2024,1,F,1,3,1,3,0,,1,3523107,Itaquaquecetuba,35,SP,B,F,B,D,4,A,E,A,B,C,B,A,B,A,B,B,A,B,B,B,A,E,A
210063975736,2024,3,M,1,3,1,2,0,1,0,3523107,Itaquaquecetuba,35,SP,H,E,B,B,5,A,B,A,B,B,A,A,B,A,A,A,A,B,A,B,B,D,A
210063979139,2024,6,F,1,1,1,1,4,,0,3523107,Itaquaquecetuba,35,SP,E,D,C,F,4,B,C,A,B,C,A,A,B,A,B,B,B,D,B,B,C,B,A
210063980317,2024,5,F,1,3,1,1,2,,0,3523107,Itaquaquecetuba,35,SP,E,E,A,A,5,A,B,A,B,B,A,A,B,A,A,A,A,B,A,B,A,B,A
210063981716,2024,3,M,0,2,1,2,0,1,0,3523107,Itaquaquecetuba,35,SP,C,E,F,C,7,A,B,A,B,C,A,A,B,A,B,B,A,B,A,B,A,E,A
210063982541,2024,2,M,1,1,1,2,0,1,0,3523107,Itaquaquecetuba,35,SP,D,F,C,B,4,A,B,A,B,B,A,A,B,B,B,B,A,B,A,B,A,C,A
210063982775,2024,3,F,1,2,1,2,0,1,0,3523107,Itaquaquecetuba,35,SP,H,D,F,F,3,A,B,A,B,C,B,A,B,A,B,A,A,B,A,B,A,D,A
210063983176,2024,6,F,1,3,3,1,3,,0,3523107,Itaquaquecetuba,35,SP,B,D,C,C,6,A,C,A,B,D,B,A,B,A,A,A,A,B,A,B,B,C,A
210063986196,2024,3,F,1,1,1,2,0,1,0,3523107,Itaquaquecetuba,35,SP,E,G,D,D,5,A,N,A,C,D,B,A,B,B,B,B,B,C,B,B,C,E,A
210063986819,2024,2,F,1,1,1,2,0,1,0,3523107,Itaquaquecetuba,35,SP,C,D,B,B,4,A,E,A,B,C,A,A,B,A,B,B,A,C,A,B,B,E,E
210063987277,2024,18,M,1,1,2,1,0,,0,3523107,Itaquaquecetuba,35,SP,B,B,B,B,1,B,D,A,B,B,A,A,B,A,A,A,A,B,A,B,A,B,D
210063987566,2024,3,F,1,3,1,2,0,1,0,3523107,Itaquaquecetuba,35,SP,H,H,D,D,5,A,N,A,D,D,B,A,C,A,B,B,A,C,B,B,C,E,A
210063990318,2024,3,M,1,1,1,2,0,1,0,3523107,Itaquaquecetuba,35,SP,H,D,D,B,3,A,B,A,B,B,A,A,B,A,B,B,A,C,A,B,A,D,A
210063990977,2024,12,F,2,3,1,1,0,,0,3523107,Itaquaquecetuba,35,SP,B,B,A,A,4,A,C,A,B,B,A,A,B,A,B,B,A,B,A,B,A,B,A
210063993552,2024,2,F,1,3,1,2,0,1,0,3523107,Itaquaquecetuba,35,SP,C,H,C,B,6,A,B,A,B,C,A,A,B,A,A,A,A,A,A,A,A,C,A
210063993562,2024,3,M,1,3,1,2,0,1,0,3523107,Itaquaquecetuba,35,SP,E,E,C,B,3,A,C,A,C,C,A,A,B,A,B,B,A,B,A,B,A,D,A
210063993938,2024,2,F,1,1,1,3,0,,1,3523107,Itaquaquecetuba,35,SP,E,D,B,C,4,A,E,A,C,D,B,B,B,A,B,B,A,B,A,B,B,E,A
210063994587,2024,10,M,2,3,1,1,7,,0,3523107,Itaquaquecetuba,35,SP,B,A,B,B,1,B,D,A,B,B,A,A,B,A,A,B,A,B,A,B,A,B,A
210063997312,2024,3,M,1,3,1,2,0,1,0,3523107,Itaquaquecetuba,35,SP,C,C,C,B,5,A,C,A,C,C,B,B,B,A,B,B,A,B,A,B,A,E,A
210063997320,2024,2,F,1,1,1,3,0,,1,3523107,Itaquaquecetuba,35,SP,A,E,A,F,6,A,B,A,B,C,B,A,B,A,B,A,A,B,A,B,A,C,A
210063997643,2024,2,M,1,3,1,2,0,1,0,3523107,Itaquaquecetuba,35,SP,E,E,C,B,6,A,D,A,D,D,B,B,B,B,B,B,B,D,B,B,B,E,A
210063998100,2024,5,F,1,3,1,2,0,1,0,3523107,Itaquaquecetuba,35,SP,A,E,A,A,3,B,B,A,B,B,A,A,B,A,B,B,A,A,B,A,A,B,A
210063999319,2024,6,F,2,1,1,1,3,,0,3523107,Itaquaquecetuba,35,SP,E,E,B,B,2,B,E,A,B,B,A,A,B,A,A,B,A,B,A,B,A,C,A
210063999549,2024,2,M,1,0,1,2,0,1,0,3523107,Itaquaquecetuba,35,SP,E,D,B,B,4,A,C,A,B,B,A,A,B,A,A,B,A,B,A,B,A,D,A
210063999647,2024,4,M,1,1,1,1,2,,0,3523107,Itaquaquecetuba,35,SP,E,E,B,F,4,A,F,A,B,C,C,B,B,A,B,B,B,C,B,B,C,E,A
210064001060,2024,3,F,1,3,1,3,0,,1,3523107,Itaquaquecetuba,35,SP,F,F,E,E,2,A,C,A,B,C,B,A,B,A,A,B,B,C,A,B,B,B,D
210064001464,2024,4,M,1,3,1,1,1,,0,3523107,Itaquaquecetuba,35,SP,D,D,C,F,3,B,E,A,B,C,B,A,B,A,B,B,B,B,A,B,A,D,A
210064002918,2024,2,F,1,1,1,2,0,1,0,3523107,Itaquaquecetuba,35,SP,E,E,A,A,8,A,A,A,B,B,A,A,B,A,A,A,A,A,A,A,A,B,A
210064003416,2024,3,F,1,3,1,2,0,1,0,3523107,Itaquaquecetuba,35,SP,H,F,F,B,4,B,E,A,B,B,A,A,B,A,B,B,A,B,B,B,B,D,A
210064004228,2024,2,M,1,3,1,2,0,1,0,3523107,Itaquaquecetuba,35,SP,H,E,F,C,3,A,C,A,C,C,A,A,B,A,B,B,A,D,A,B,A,D,A
210064004339,2024,3,F,1,1,1,2,0,1,0,3523107,Itaquaquecetuba,35,SP,F,H,D,B,4,A,G,A,B,B,B,A,B,A,A,B,A,B,A,B,B,C,A
210064006557,2024,2,F,1,3,1,2,0,1,0,3523107,Itaquaquecetuba,35,SP,E,E,D,B,2,A,B,A,B,C,A,A,B,A,B,B,A,B,B,B,A,C,A
210064008905,2024,2,M,1,1,1,2,0,1,0,3523107,Itaquaquecetuba,35,SP,E,E,B,F,3,A,B,A,C,C,A,A,C,A,B,B,A,D,A,B,B,C,A
210064009367,2024,2,F,1,2,1,3,0,,1,3523107,Itaquaquecetuba,35,SP,E,F,B,B,5,A,E,A,C,C,B,A,B,A,A,A,A,C,A,B,A,E,A
210064009539,2024,1,M,1,1,1,3,0,,1,3523107,Itaquaquecetuba,35,SP,D,E,B,B,3,B,B,A,B,C,A,A,B,A,B,B,A,B,A,B,A,B,A
210064010161,2024,5,M,1,1,1,1,3,,0,3523107,Itaquaquecetuba,35,SP,F,E,E,B,4,A,G,A,C,C,B,B,B,A,B,B,B,C,B,B,B,E,A
210064011481,2024,1,F,1,1,1,3,0,,1,3523107,Itaquaquecetuba,35,SP,E,E,D,D,4,A,K,A,B,C,B,A,B,A,B,B,B,B,A,B,A,E,A
210064012532,2024,2,F,1,2,1,2,0,,0,3523107,Itaquaquecetuba,35,SP,C,E,F,D,4,A,B,A,B,C,A,A,B,A,B,B,A,B,A,B,A,C,A
210064013979,2024,13,F,1,2,1,1,5,,0,3523107,Itaquaquecetuba,35,SP,B,B,B,C,6,A,B,A,B,B,A,A,B,A,B,A,A,B,B,B,B,C,A
210064014178,2024,6,M,1,1,1,1,4,,0,3523107,Itaquaquecetuba,35,SP,B,C,D,D,3,A,E,A,C,C,A,A,B,B,B,B,A,C,A,B,A,B,A
210064016344,2024,8,M,1,3,1,1,6,,0,3523107,Itaquaquecetuba,35,SP,H,E,F,B,3,B,D,A,B,B,B,A,B,B,B,B,A,B,A,B,B,B,A
210064016853,2024,4,F,1,3,1,2,0,,0,3523107,Itaquaquecetuba,35,SP,E,E,A,B,4,B,B,A,B,B,A,A,B,A,B,A,A,B,A,B,A,D,A
210064017529,2024,2,F,1,1,1,2,0,1,0,3523107,Itaquaquecetuba,35,SP,C,D,F,F,5,A,A,A,B,B,A,A,B,A,B,B,A,C,A,B,B,D,A
210064017817,2024,11,F,1,2,1,1,10,,0,3523107,Itaquaquecetuba,35,SP,B,D,C,B,2,A,B,A,B,B,A,A,B,A,A,A,A,B,A,B,A,B,A
210064019053,2024,1,F,1,3,1,3,0,,1,3523107,Itaquaquecetuba,35,SP,C,C,D,B,4,A,C,A,B,B,A,A,B,A,B,B,A,B,A,B,A,D,A
210064019715,2024,2,M,1,1,1,3,0,,1,3523107,Itaquaquecetuba,35,SP,H,E,F,D,3,A,B,A,B,B,A,A,B,A,B,B,A,A,A,B,B,B,A
210064019737,2024,3,M,1,2,1,2,0,1,0,3523107,Itaquaquecetuba,35,SP,E,E,C,F,4,A,C,A,B,C,B,A,B,A,B,A,A,A,A,B,B,D,A
210064020340,2024,1,F,1,3,1,3,0,,1,3523107,Itaquaquecetuba,35,SP,E,E,C,F,4,A,B,A,B,B,A,A,B,A,A,A,A,A,A,A,A,A,A
210064020853,2024,5,F,1,1,1,1,2,,0,3523107,Itaquaquecetuba,35,SP,H,D,F,B,2,A,B,A,C,C,B,A,B,A,B,B,B,B,A,B,B,C,A
210064021712,2024,2,F,0,1,1,2,0,1,0,3523107,Itaquaquecetuba,35,SP,E,E,B,B,3,B,B,A,B,C,B,A,B,A,B,B,A,B,A,B,B,B,A
210064021868,2024,2,F,1,1,1,2,0,1,0,3523107,Itaquaquecetuba,35,SP,D,E,D,B,2,A,C,A,B,C,B,A,B,A,B,A,A,B,A,B,A,B,A
210064025040,2024,5,F,1,1,1,1,2,,0,3523107,Itaquaquecetuba,35,SP,H,B,C,B,5,A,C,A,B,C,A,A,B,A,B,B,A,B,A,B,A,D,A
210064025870,2024,2,F,1,3,1,2,0,1,0,3523107,Itaquaquecetuba,35,SP,E,G,D,E,5,A,G,A,B,C,B,A,B,A,B,A,A,B,A,B,B,E,A
210064026314,2024,2,F,1,3,1,2,0,1,0,3523107,Itaquaquecetuba,35,SP,B,C,C,B,3,A,C,A,B,B,B,A,B,A,B,B,A,B,A,B,A,D,A
210064026819,2024,10,F,1,3,1,1,8,,0,3523107,Itaquaquecetuba,35,SP,H,E,F,F,1,B,B,A,B,B,A,A,B,A,A,A,A,A,A,A,A,B,A
210064027419,2024,3,M,1,2,1,1,1,,0,3523107,Itaquaquecetuba,35,SP,E,G,D,F,4,A,C,A,D,D,C,A,C,B,B,B,B,A,B,B,C,E,A
210064028515,2024,15,F,2,3,1,1,18,,0,3523107,Itaquaquecetuba,35,SP,F,F,C,C,3,B,B,A,C,C,B,A,B,A,B,B,B,B,A,B,B,D,A
210064033961,2024,2,F,1,1,1,3,0,,1,3523107,Itaquaquecetuba,35,SP,E,E,D,D,4,A,D,A,B,C,B,B,B,B,B,B,B,C,A,B,B,E,A
210064034127,2024,3,M,1,1,1,2,0,1,0,3523107,Itaquaquecetuba,35,SP,H,H,F,F,4,A,F,A,B,D,B,B,B,A,B,B,B,D,A,B,B,E,A
210064034644,2024,6,F,1,1,1,1,3,,0,3523107,Itaquaquecetuba,35,SP,E,F,C,D,4,B,C,A,C,C,A,A,B,A,B,A,A,B,A,B,B,B,A
210064034650,2024,2,F,1,3,1,2,0,1,0,3523107,Itaquaquecetuba,35,SP,D,E,B,B,5,B,C,A,B,C,C,A,B,A,B,B,A,B,A,B,B,E,A
210064035008,2024,1,F,1,3,1,3,0,,1,3523107,Itaquaquecetuba,35,SP,E,F,E,F,4,B,B,A,B,B,A,A,B,A,A,B,A,B,A,B,A,B,A
210064035219,2024,3,M,1,1,1,2,0,1,0,3523107,Itaquaquecetuba,35,SP,B,E,C,F,4,A,C,A,B,C,B,A,B,A,B,B,A,B,A,B,B,D,A
210064035437,2024,3,M,1,3,1,2,0,1,0,3523107,Itaquaquecetuba,35,SP,E,H,F,F,6,A,C,A,B,C,C,B,B,A,B,B,B,C,B,B,B,B,A
210064035914,2024,3,M,1,1,1,2,0,1,0,3523107,Itaquaquecetuba,35,SP,E,E,F,F,4,A,B,A,B,B,A,A,A,A,A,A,A,A,A,A,A,A,A
210064036878,2024,2,F,1,1,1,2,0,1,0,3523107,Itaquaquecetuba,35,SP,E,E,D,C,5,A,C,A,C,D,A,A,B,A,B,B,B,C,A,B,B,E,A
210064037622,2024,3,M,1,3,1,2,0,1,0,3523107,Itaquaquecetuba,35,SP,F,E,E,B,4,B,C,A,B,C,B,A,B,B,B,B,A,C,B,B,B,E,A
210064039744,2024,3,M,1,2,1,2,0,1,0,3523107,Itaquaquecetuba,35,SP,H,E,D,F,5,B,C,A,B,D,B,A,B,A,B,B,A,B,A,B,B,E,A
210064040722,2024,4,F,1,3,1,1,2,,0,3523107,Itaquaquecetuba,35,SP,C,B,B,B,3,A,B,A,B,B,A,A,B,A,A,B,A,B,A,B,A,C,A
210064040878,2024,3,M,1,3,1,2,0,1,0,3523107,Itaquaquecetuba,35,SP,D,E,F,B,3,A,C,A,C,C,B,A,B,A,B,B,A,B,A,B,B,D,A
210064041378,2024,3,F,1,2,1,2,0,1,0,3523107,Itaquaquecetuba,35,SP,B,G,C,B,3,B,F,A,C,D,B,A,B,A,B,B,B,C,A,B,B,D,A
210064042404,2024,2,F,1,3,1,2,0,1,0,3523107,Itaquaquecetuba,35,SP,C,B,C,C,4,A,G,A,B,C,A,A,B,A,B,B,B,C,A,B,B,E,A
210064042656,2024,2,F,1,1,1,2,0,1,0,3523107,Itaquaquecetuba,35,SP,D,E,C,C,7,A,C,A,C,D,B,C,B,A,B,B,A,B,A,B,C,E,A
210064042826,2024,3,M,1,2,1,2,0,1,0,3523107,Itaquaquecetuba,35,SP,B,E,B,B,3,A,C,A,B,C,B,A,B,A,B,B,A,B,B,B,A,D,A
210064043137,2024,3,F,1,3,1,2,0,1,0,3523107,Itaquaquecetuba,35,SP,H,B,F,F,3,A,A,A,B,C,A,A,B,A,B,A,A,B,A,B,A,D,A
210064043319,2024,3,F,1,1,1,2,0,1,0,3523107,Itaquaquecetuba,35,SP,B,E,B,C,4,A,B,A,B,C,C,A,B,A,B,B,A,B,A,B,A,E,A
210064043396,2024,3,F,1,3,1,2,0,1,0,3523107,Itaquaquecetuba,35,SP,E,E,C,B,3,A,E,A,D,C,B,A,B,A,B,B,A,B,A,B,A,C,A
210064043609,2024,3,F,1,3,1,2,0,1,0,3523107,Itaquaquecetuba,35,SP,F,E,B,B,5,A,E,A,B,C,B,A,B,A,B,B,A,B,A,B,A,E,A
210064043764,2024,2,M,1,3,1,2,0,1,0,3523107,Itaquaquecetuba,35,SP,B,D,C,B,2,A,C,A,B,C,A,A,B,A,B,B,A,B,A,B,B,B,A
210064043890,2024,6,M,1,2,1,1,2,,0,3523107,Itaquaquecetuba,35,SP,B,D,C,B,10,B,D,A,B,C,A,A,B,A,B,A,A,B,A,B,A,E,A
210064044040,2024,2,F,1,1,1,2,0,1,0,3523107,Itaquaquecetuba,35,SP,H,H,D,D,4,A,C,A,B,C,B,A,B,A,B,B,A,B,A,B,A,B,A
210064044463,2024,16,M,2,3,1,1,18,,0,3523107,Itaquaquecetuba,35,SP,H,H,B,F,4,B,G,A,C,C,A,A,B,A,B,A,A,B,A,B,B,E,A
210064044770,2024,8,F,0,1,1,1,6,,0,3523107,Itaquaquecetuba,35,SP,D,A,B,A,2,B,B,A,B,B,A,A,B,A,A,A,A,B,A,B,B,B,A
210064044971,2024,2,F,1,2,1,2,0,1,0,3523107,Itaquaquecetuba,35,SP,E,D,C,B,6,B,B,A,B,C,A,A,B,A,A,B,A,B,A,B,A,D,A
210064047056,2024,12,F,2,3,1,1,13,,0,3523107,Itaquaquecetuba,35,SP,H,D,C,B,4,A,A,A,C,C,A,A,B,A,B,B,A,B,A,B,A,C,A
210064049180,2024,3,M,1,3,3,2,0,1,0,3523107,Itaquaquecetuba,35,SP,D,E,C,B,4,A,E,A,B,D,B,A,B,A,A,A,A,B,A,B,B,E,A
210064049646,2024,3,M,1,2,1,2,0,1,0,3523107,Itaquaquecetuba,35,SP,E,E,C,B,5,A,C,A,C,D,B,A,B,A,B,B,A,B,A,B,B,D,A
210064050445,2024,11,M,1,3,1,1,8,,0,3523107,Itaquaquecetuba,35,SP,C,D,C,B,5,A,C,A,B,A,A,A,B,A,B,A,A,B,A,B,A,D,A
210064051482,2024,3,M,1,1,1,2,0,1,0,3523107,Itaquaquecetuba,35,SP,D,E,B,D,5,A,C,A,B,C,A,B,B,A,B,B,A,B,A,B,A,E,A
210064052478,2024,2,F,1,2,1,2,0,1,0,3523107,Itaquaquecetuba,35,SP,E,E,C,B,4,A,D,A,B,C,B,A,B,A,A,B,A,B,A,B,A,D,A
210064052701,2024,2,M,1,1,1,2,0,1,0,3523107,Itaquaquecetuba,35,SP,B,E,E,D,4,A,C,A,B,C,A,A,B,A,A,B,A,D,B,B,B,E,A
210064052894,2024,3,F,1,1,1,2,0,1,0,3523107,Itaquaquecetuba,35,SP,D,B,B,B,2,A,A,A,B,B,A,A,B,B,B,B,A,B,A,B,A,B,A
210064054673,2024,2,F,1,2,1,2,0,1,0,3523107,Itaquaquecetuba,35,SP,E,F,B,D,4,A,F,A,B,C,B,A,B,A,B,A,A,B,A,B,A,D,A
210064054744,2024,4,F,1,2,1,1,2,,0,3523107,Itaquaquecetuba,35,SP,H,B,C,B,1,B,B,A,B,B,A,A,B,A,A,B,A,B,A,B,A,C,A
210064055152,2024,2,F,1,1,1,2,0,1,0,3523107,Itaquaquecetuba,35,SP,D,D,B,C,4,A,B,A,B,B,A,A,B,A,B,B,A,B,A,B,A,B,A
210064055760,2024,2,F,1,3,1,3,0,,1,3523107,Itaquaquecetuba,35,SP,E,E,F,F,5,A,B,A,B,C,C,A,B,B,A,A,A,B,A,B,B,C,A
210064058582,2024,12,F,2,3,1,1,18,,0,3523107,Itaquaquecetuba,35,SP,H,E,F,F,4,B,I,A,B,B,B,A,B,A,A,B,A,B,A,B,A,C,A
210064058965,2024,1,M,1,3,1,2,0,1,0,3523107,Itaquaquecetuba,35,SP,B,E,A,A,2,A,C,A,B,B,A,A,B,A,B,A,A,B,A,B,A,C,A
210064060313,2024,10,F,1,3,1,1,5,,0,3523107,Itaquaquecetuba,35,SP,A,B,A,A,9,A,A,A,B,D,A,A,B,A,A,A,A,B,A,B,A,C,A
210064060576,2024,3,M,1,3,1,2,0,1,0,3523107,Itaquaquecetuba,35,SP,E,E,F,C,3,A,B,A,B,B,A,A,B,A,B,B,A,A,A,B,A,B,A
210064062035,2024,5,F,1,2,1,1,2,,0,3523107,Itaquaquecetuba,35,SP,E,E,B,B,2,A,C,A,B,C,A,A,B,A,B,A,A,A,A,B,B,C,A
210064062623,2024,4,M,1,1,1,1,2,,0,3523107,Itaquaquecetuba,35,SP,D,C,B,B,5,A,B,A,A,C,A,A,B,B,A,A,A,A,A,B,A,B,A
210064062746,2024,5,F,1,1,1,1,3,,0,3523107,Itaquaquecetuba,35,SP,H,E,F,C,2,B,C,A,B,B,A,A,B,A,B,A,A,B,A,B,B,C,A
210064065345,2024,2,M,1,3,1,2,0,1,0,3523107,Itaquaquecetuba,35,SP,D,E,C,B,4,A,D,A,C,C,B,A,B,A,B,B,A,B,A,B,B,D,A
210064067110,2024,5,F,1,3,1,1,2,,0,3523107,Itaquaquecetuba,35,SP,E,C,B,B,8,A,C,A,B,C,B,A,B,A,A,A,A,B,A,B,A,D,A
210064067871,2024,5,F,1,3,1,1,3,,0,3523107,Itaquaquecetuba,35,SP,E,E,C,B,1,A,A,A,B,B,A,A,B,A,A,A,A,B,A,B,A,B,A
210064068229,2024,10,M,1,3,1,1,5,,0,3523107,Itaquaquecetuba,35,SP,E,E,B,D,3,A,E,A,B,C,A,A,B,A,B,B,A,B,A,B,B,B,A
210064069333,2024,3,F,1,1,1,2,0,1,0,3523107,Itaquaquecetuba,35,SP,D,E,C,F,4,B,C,A,B,B,A,A,B,A,B,B,A,B,A,A,B,B,A
210064069740,2024,4,F,1,1,1,1,1,,0,3523107,Itaquaquecetuba,35,SP,F,F,E,F,4,A,J,A,B,C,B,A,B,A,B,B,B,D,A,B,B,E,A
210064074189,2024,2,F,1,2,1,2,0,1,0,3523107,Itaquaquecetuba,35,SP,E,E,B,F,4,A,B,A,B,B,A,A,B,A,A,A,A,A,A,A,A,E,A
210064074508,2024,4,F,1,1,1,1,1,,0,3523107,Itaquaquecetuba,35,SP,E,E,F,B,4,A,B,A,B,C,B,A,B,A,B,B,B,B,A,B,A,D,C
210064074565,2024,2,F,1,3,1,2,0,1,0,3523107,Itaquaquecetuba,35,SP,E,D,B,B,2,B,C,A,B,C,A,A,B,A,B,A,A,B,A,B,A,B,A
210064074567,2024,2,F,1,1,1,2,0,1,0,3523107,Itaquaquecetuba,35,SP,E,G,C,D,3,A,G,A,B,C,B,A,B,A,A,A,A,B,A,B,C,D,A
210064076356,2024,3,F,1,3,3,1,1,,0,3523107,Itaquaquecetuba,35,SP,E,E,F,F,5,A,A,A,B,A,A,A,B,A,A,A,A,A,A,B,A,C,A
210064078156,2024,11,M,1,3,1,1,9,,0,3523107,Itaquaquecetuba,35,SP,C,E,C,C,4,B,D,A,C,D,B,A,B,A,B,B,B,D,A,B,C,E,A
210064081157,2024,11,M,1,2,1,1,11,,0,3523107,Itaquaquecetuba,35,SP,C,C,C,F,1,B,B,A,B,B,A,A,A,A,A,A,A,B,A,B,A,B,A
210064085445,2024,3,F,1,1,1,2,0,1,0,3523107,Itaquaquecetuba,35,SP,B,D,F,B,4,A,B,A,B,C,B,A,B,A,B,B,B,B,A,B,B,B,A
210064090240,2024,7,F,1,1,1,1,5,,0,3523107,Itaquaquecetuba,35,SP,E,D,C,C,3,A,C,A,B,C,B,A,B,A,B,B,B,B,A,B,B,C,D
210064090393,2024,2,M,1,3,1,3,0,,1,3523107,Itaquaquecetuba,35,SP,E,G,C,D,4,A,H,A,C,D,C,A,B,A,B,B,B,C,A,B,C,D,A
210064092490,2024,3,F,0,1,1,2,0,1,0,3523107,Itaquaquecetuba,35,SP,E,E,F,D,6,A,E,A,B,C,A,A,B,A,B,B,B,C,A,B,B,E,A
210064093157,2024,7,M,1,3,1,1,4,,0,3523107,Itaquaquecetuba,35,SP,A,B,A,A,1,B,B,A,B,B,A,A,B,A,B,B,A,B,A,B,B,B,A
210064093344,2024,5,F,1,2,1,1,1,,0,3523107,Itaquaquecetuba,35,SP,C,E,B,B,4,A,B,A,B,C,A,A,B,A,B,A,A,B,A,B,A,D,A
210064093600,2024,4,F,1,1,1,1,1,,0,3523107,Itaquaquecetuba,35,SP,B,E,C,C,3,A,B,A,B,D,B,A,B,A,B,B,A,B,A,B,A,B,A
210064095253,2024,1,M,1,3,1,3,0,,1,3523107,Itaquaquecetuba,35,SP,E,E,C,B,3,A,D,A,B,B,A,A,B,A,B,B,A,B,A,B,B,D,D
210064095714,2024,11,M,1,1,1,1,9,,0,3523107,Itaquaquecetuba,35,SP,C,C,D,D,3,A,D,A,C,C,B,A,B,A,B,B,A,C,A,B,B,D,A
210064095901,2024,2,M,1,3,1,3,0,,1,3523107,Itaquaquecetuba,35,SP,E,E,C,D,4,A,C,A,C,D,B,A,B,A,B,B,A,B,A,B,B,E,A
210064096021,2024,11,F,1,3,1,1,10,,0,3523107,Itaquaquecetuba,35,SP,D,C,C,C,4,A,A,A,B,C,A,A,B,A,B,B,A,C,A,B,B,E,A
210064096078,2024,2,F,1,1,1,2,0,1,0,3523107,Itaquaquecetuba,35,SP,D,E,C,C,4,A,E,A,B,D,A,A,B,A,B,A,A,C,A,B,B,E,A
210064096318,2024,3,M,1,4,1,2,0,1,0,3523107,Itaquaquecetuba,35,SP,D,D,C,F,4,B,B,A,B,C,B,A,B,A,A,B,A,B,A,B,A,C,A
210064096969,2024,3,F,1,1,1,2,0,1,0,3523107,Itaquaquecetuba,35,SP,E,E,C,C,3,A,E,A,C,C,B,A,B,A,B,B,B,C,A,B,B,D,A
210064096983,2024,3,F,1,2,1,2,0,1,0,3523107,Itaquaquecetuba,35,SP,B,B,B,B,1,A,A,A,B,B,A,A,B,A,B,A,A,B,A,B,A,B,A
210064097452,2024,3,M,1,1,1,1,1,,0,3523107,Itaquaquecetuba,35,SP,H,D,C,F,2,B,B,A,B,C,A,A,B,A,B,A,A,B,A,B,A,C,A
210064097834,2024,3,F,1,1,1,2,0,1,0,3523107,Itaquaquecetuba,35,SP,H,G,C,E,7,A,K,A,D,D,C,B,C,A,B,B,B,C,B,B,B,E,A
210064097990,2024,3,F,1,3,1,2,0,1,0,3523107,Itaquaquecetuba,35,SP,E,E,C,B,4,A,E,A,C,C,B,B,B,A,B,B,B,C,A,B,B,E,A
210064098106,2024,13,F,1,1,1,1,18,,0,3523107,Itaquaquecetuba,35,SP,C,E,B,B,1,B,C,A,B,B,A,A,B,A,B,A,A,B,A,A,A,B,A
210064099232,2024,2,F,0,3,1,3,0,,1,3523107,Itaquaquecetuba,35,SP,D,E,B,B,5,A,C,B,D,D,A,A,C,A,A,B,A,D,A,B,B,D,A
210064100957,2024,3,M,1,3,1,2,0,1,0,3523107,Itaquaquecetuba,35,SP,E,E,F,F,2,A,A,A,B,A,A,A,B,A,A,A,A,A,A,A,A,B,A
210064101923,2024,1,F,1,2,1,3,0,,1,3523107,Itaquaquecetuba,35,SP,E,C,C,F,5,A,C,A,B,C,A,B,B,A,A,A,A,B,A,B,B,C,A
210064103561,2024,2,F,1,1,1,3,0,,1,3523107,Itaquaquecetuba,35,SP,C,E,F,F,3,A,A,A,B,B,A,A,B,A,B,A,B,B,A,B,A,C,A
210064103641,2024,6,M,1,1,1,1,3,,0,3523107,Itaquaquecetuba,35,SP,D,E,C,F,3,B,C,A,B,C,A,A,B,A,A,B,A,B,A,B,B,D,A
210064105119,2024,2,F,1,3,1,2,0,1,0,3523107,Itaquaquecetuba,35,SP,E,E,C,C,4,A,E,A,B,C,B,B,B,A,A,B,A,C,B,B,A,E,A
210064105669,2024,2,F,0,1,1,3,0,,1,3523107,Itaquaquecetuba,35,SP,G,E,E,F,5,B,B,A,C,C,B,A,B,B,B,B,A,B,A,B,A,D,A
210064105805,2024,4,F,1,1,1,1,2,,0,3523107,Itaquaquecetuba,35,SP,B,G,B,D,5,A,E,A,C,D,B,A,B,A,B,B,A,B,A,B,B,E,D
210064107343,2024,2,M,1,2,1,3,0,,1,3523107,Itaquaquecetuba,35,SP,G,E,E,C,5,A,E,A,B,C,A,A,B,A,B,B,A,C,B,B,C,E,A
210064108063,2024,6,F,1,3,1,1,3,,0,3523107,Itaquaquecetuba,35,SP,E,E,F,B,2,B,D,A,B,B,A,A,B,A,B,B,A,C,A,B,B,C,A
210064108569,2024,3,M,1,2,1,2,0,1,0,3523107,Itaquaquecetuba,35,SP,H,E,F,B,5,A,B,A,B,B,A,A,B,A,A,A,A,B,A,B,A,C,A
210064109338,2024,7,F,1,3,1,1,3,,0,3523107,Itaquaquecetuba,35,SP,D,E,F,B,2,A,C,A,B,B,A,A,B,A,A,A,A,B,A,B,A,C,A
210064110150,2024,2,M,1,2,1,2,0,1,0,3523107,Itaquaquecetuba,35,SP,C,F,C,D,3,A,H,A,A,C,B,A,B,B,B,B,B,C,B,B,D,D,A
210064110473,2024,2,F,1,1,1,2,0,1,0,3523107,Itaquaquecetuba,35,SP,E,F,C,D,4,A,F,A,B,C,B,A,B,A,B,B,A,B,B,B,B,D,A
210064111048,2024,8,F,1,1,1,1,6,,0,3523107,Itaquaquecetuba,35,SP,A,E,C,F,3,B,C,A,C,C,A,A,B,A,B,B,B,B,A,B,B,C,A
210064111536,2024,1,F,1,1,1,3,0,,1,3523107,Itaquaquecetuba,35,SP,E,D,B,C,5,A,D,A,C,D,B,A,B,A,B,B,A,B,A,B,B,C,A
210064111648,2024,4,F,1,2,1,1,2,,0,3523107,Itaquaquecetuba,35,SP,D,D,C,B,4,A,E,A,B,C,B,A,B,A,B,A,A,B,A,B,A,D,A
210064111650,2024,2,F,1,2,1,3,0,,1,3523107,Itaquaquecetuba,35,SP,E,E,C,C,2,A,C,A,B,B,A,A,B,A,B,B,A,B,A,A,A,C,A
210064111748,2024,15,M,2,1,1,1,0,,0,3523107,Itaquaquecetuba,35,SP,F,B,B,B,5,B,H,A,C,C,B,A,B,B,B,B,A,C,A,B,B,E,A
210064112291,2024,14,F,2,3,1,1,0,,0,3523107,Itaquaquecetuba,35,SP,B,B,B,B,3,A,A,A,B,C,A,A,B,A,B,B,A,B,A,B,A,D,A
210064113060,2024,12,M,2,3,1,1,15,,0,3523107,Itaquaquecetuba,35,SP,B,B,B,B,7,A,B,A,B,C,A,A,B,A,A,B,A,B,A,A,A,B,A
210064113900,2024,2,M,1,1,1,2,0,1,0,3523107,Itaquaquecetuba,35,SP,D,E,C,F,4,B,D,A,B,B,A,B,B,A,B,B,B,B,A,B,B,E,A
210064114026,2024,2,F,1,1,1,2,0,1,0,3523107,Itaquaquecetuba,35,SP,E,F,C,F,4,A,B,A,B,C,A,A,B,A,A,A,A,A,A,B,A,C,A
210064115228,2024,3,F,1,2,1,2,0,1,0,3523107,Itaquaquecetuba,35,SP,D,E,C,F,4,A,C,A,B,B,A,A,B,A,B,B,A,B,A,B,A,D,A
210064120399,2024,1,F,1,3,1,3,0,,1,3523107,Itaquaquecetuba,35,SP,D,E,C,F,4,A,E,A,B,C,B,A,B,A,B,B,A,B,A,B,A,D,A
210064121331,2024,2,F,1,1,1,3,0,,1,3523107,Itaquaquecetuba,35,SP,E,D,C,B,4,A,D,A,B,C,A,A,B,A,B,A,A,B,A,B,A,C,A
210064124561,2024,3,M,1,3,1,2,0,1,0,3523107,Itaquaquecetuba,35,SP,E,E,F,F,4,A,L,A,D,D,B,B,C,A,B,B,B,D,B,B,B,E,A
210064124768,2024,3,M,1,1,1,2,0,1,0,3523107,Itaquaquecetuba,35,SP,D,E,C,C,6,A,A,A,B,C,A,A,B,A,A,A,A,B,A,B,A,E,A
210064125993,2024,2,F,1,5,1,3,0,,1,3523107,Itaquaquecetuba,35,SP,D,G,C,D,2,A,H,A,C,D,B,A,B,A,B,B,A,B,A,B,B,C,A
210064126386,2024,3,F,1,3,1,2,0,1,0,3523107,Itaquaquecetuba,35,SP,H,E,C,B,4,A,C,A,B,C,A,A,B,A,B,B,B,C,A,B,A,D,A
210064126915,2024,3,M,1,1,1,2,0,1,0,3523107,Itaquaquecetuba,35,SP,H,F,F,E,8,A,B,A,B,C,B,A,B,A,B,B,B,D,B,B,A,E,A
210064128536,2024,11,M,2,1,1,1,10,,0,3523107,Itaquaquecetuba,35,SP,H,D,F,C,2,B,D,A,B,B,B,A,B,A,B,B,B,B,A,B,B,B,A
210064128652,2024,2,F,1,1,1,2,0,1,0,3523107,Itaquaquecetuba,35,SP,E,E,D,B,4,B,E,A,B,D,B,A,B,A,B,B,A,A,A,B,A,E,A
210064128850,2024,2,F,1,1,1,2,0,1,0,3523107,Itaquaquecetuba,35,SP,E,F,C,D,5,A,E,A,B,C,B,B,B,A,B,A,A,B,A,B,A,C,E
210064130955,2024,7,M,1,1,1,1,4,,0,3523107,Itaquaquecetuba,35,SP,E,E,F,F,2,A,D,A,B,B,B,A,B,B,B,B,B,B,A,B,B,B,A
210064131620,2024,4,M,1,2,1,1,2,,0,3523107,Itaquaquecetuba,35,SP,H,E,F,B,4,A,C,A,B,C,A,A,B,A,B,B,A,A,A,B,B,E,A
210064133128,2024,3,F,1,2,1,2,0,1,0,3523107,Itaquaquecetuba,35,SP,B,C,B,B,3,A,B,A,B,B,A,A,B,A,A,B,A,B,A,A,A,C,A
210064135374,2024,4,F,1,2,1,1,2,,0,3523107,Itaquaquecetuba,35,SP,F,F,B,B,5,A,F,A,B,D,B,A,B,A,B,A,B,B,A,B,A,E,A
210064135875,2024,1,F,1,1,1,3,0,,1,3523107,Itaquaquecetuba,35,SP,E,F,C,D,4,A,E,A,B,C,B,A,B,A,B,B,B,C,A,B,B,D,E
210064136732,2024,3,M,1,1,1,2,0,1,0,3523107,Itaquaquecetuba,35,SP,H,H,B,D,2,B,F,D,B,C,B,A,B,A,B,B,A,B,B,B,B,D,A
210064136895,2024,3,M,1,1,1,2,0,1,0,3523107,Itaquaquecetuba,35,SP,H,H,F,B,4,A,G,A,B,D,B,A,B,A,B,B,A,C,B,B,E,D,A
210064137303,2024,7,M,1,3,1,1,4,,0,3523107,Itaquaquecetuba,35,SP,F,E,C,F,4,A,G,A,C,C,B,A,B,A,B,B,B,B,A,B,B,D,A
210064137978,2024,8,M,1,1,1,1,6,,0,3523107,Itaquaquecetuba,35,SP,F,E,D,D,1,B,C,A,B,B,A,A,B,A,A,A,A,B,A,B,A,B,A
210064139154,2024,10,M,1,3,1,1,7,,0,3523107,Itaquaquecetuba,35,SP,E,D,C,B,1,B,B,A,B,B,A,A,B,A,B,B,A,B,A,B,B,B,A
210064140288,2024,1,F,1,3,2,3,0,,1,3523107,Itaquaquecetuba,35,SP,E,G,F,D,4,A,H,A,D,D,C,A,B,A,B,B,A,B,B,B,B,E,E
210064140445,2024,2,M,1,3,1,2,0,1,0,3523107,Itaquaquecetuba,35,SP,B,C,A,A,3,B,B,A,B,B,A,A,B,B,A,B,A,B,A,B,A,D,A
210064141267,2024,3,M,1,1,1,2,0,1,0,3523107,Itaquaquecetuba,35,SP,E,F,C,D,4,B,A,A,B,D,C,B,C,A,B,B,B,B,B,B,B,E,A
210064141559,2024,4,F,1,3,1,1,2,,0,3523107,Itaquaquecetuba,35,SP,E,E,C,B,2,A,D,A,B,B,A,A,B,A,B,A,A,B,A,B,B,B,A
210064141596,2024,3,M,1,1,1,2,0,1,0,3523107,Itaquaquecetuba,35,SP,G,G,F,E,5,B,H,A,B,C,C,A,B,A,B,B,B,B,A,B,C,E,D
210064141622,2024,2,M,0,2,1,2,0,1,0,3523107,Itaquaquecetuba,35,SP,D,E,C,C,3,B,D,A,B,C,A,A,B,A,B,B,A,B,A,B,A,B,A
210064141905,2024,12,F,2,3,1,1,16,,0,3523107,Itaquaquecetuba,35,SP,B,E,C,D,4,A,C,A,B,B,A,A,B,A,B,A,A,B,A,B,A,C,A
210064142136,2024,3,F,1,2,1,2,0,1,0,3523107,Itaquaquecetuba,35,SP,C,E,E,D,4,A,F,D,C,C,B,B,B,A,B,B,B,D,B,B,A,E,A
210064144288,2024,9,M,1,4,1,1,5,,0,3523107,Itaquaquecetuba,35,SP,E,E,F,F,3,B,B,A,C,D,B,A,B,A,B,A,A,B,A,B,A,D,A
210064144544,2024,6,M,1,3,1,1,3,,0,3523107,Itaquaquecetuba,35,SP,C,D,B,B,3,B,B,A,B,C,A,A,B,A,A,B,A,B,A,B,A,D,A
210064146246,2024,4,F,1,3,1,1,2,,0,3523107,Itaquaquecetuba,35,SP,D,E,C,C,4,A,C,A,B,C,A,A,B,A,A,A,A,C,A,B,A,D,A
210064147986,2024,2,M,1,3,1,2,0,1,0,3523107,Itaquaquecetuba,35,SP,E,E,F,B,5,A,E,A,B,C,B,A,B,A,B,A,A,C,A,B,B,E,A
210064154008,2024,2,M,1,3,1,3,0,,1,3523107,Itaquaquecetuba,35,SP,E,E,D,D,3,A,B,A,B,C,B,A,B,A,A,A,A,B,A,B,A,B,A
210064154021,2024,4,M,1,1,1,1,1,,0,3523107,Itaquaquecetuba,35,SP,B,D,D,D,3,A,D,A,B,C,B,A,B,A,A,B,A,B,A,B,B,C,B
210064158425,2024,15,F,3,2,1,1,6,,0,3523107,Itaquaquecetuba,35,SP,B,C,C,B,4,B,A,A,B,C,A,A,B,A,B,B,B,B,A,B,A,B,A
210064158798,2024,3,F,1,2,1,2,0,1,0,3523107,Itaquaquecetuba,35,SP,F,E,D,D,5,A,E,A,B,C,B,B,B,A,B,B,A,B,A,B,B,E,A
210064159875,2024,11,F,1,2,1,1,11,,0,3523107,Itaquaquecetuba,35,SP,E,C,B,B,1,B,B,A,B,B,A,A,B,A,B,B,B,B,A,B,B,B,A
210064161240,2024,2,M,1,3,1,2,0,1,0,3523107,Itaquaquecetuba,35,SP,D,E,C,F,4,A,G,A,B,C,B,A,B,A,B,B,B,B,A,B,A,D,A
210064161737,2024,3,F,1,1,1,1,1,,0,3523107,Itaquaquecetuba,35,SP,E,F,D,D,3,A,E,A,C,D,B,A,B,A,B,B,B,B,A,B,C,D,D
210064162829,2024,3,M,0,3,1,2,0,1,0,3523107,Itaquaquecetuba,35,SP,E,E,C,F,4,A,E,A,B,C,B,A,B,A,A,B,A,C,A,B,B,D,A
210064162833,2024,11,F,1,3,1,1,0,,0,3523107,Itaquaquecetuba,35,SP,B,B,A,B,2,B,B,A,B,B,A,A,B,A,B,A,A,B,A,B,A,B,A
210064163564,2024,3,M,1,1,1,2,0,1,0,3523107,Itaquaquecetuba,35,SP,F,G,D,D,4,A,H,A,C,D,B,A,B,A,B,B,B,C,B,B,E,E,A
210064165065,2024,4,M,1,2,1,1,1,,0,3523107,Itaquaquecetuba,35,SP,G,E,D,F,3,B,I,A,C,C,B,A,B,A,B,B,B,D,A,B,B,D,A
210064166343,2024,2,M,1,2,1,2,0,1,0,3523107,Itaquaquecetuba,35,SP,E,F,C,C,4,B,C,A,C,C,B,B,B,A,B,B,B,D,B,B,B,D,A
210064167255,2024,6,M,1,3,1,1,4,,0,3523107,Itaquaquecetuba,35,SP,H,D,F,B,4,B,D,A,B,C,A,A,B,A,B,B,B,B,A,B,A,D,A
210064168469,2024,3,F,1,2,1,2,0,1,0,3523107,Itaquaquecetuba,35,SP,E,F,C,D,4,A,C,A,C,C,B,A,B,A,B,B,A,D,A,B,A,D,E
210064168823,2024,3,M,1,2,1,2,0,1,0,3523107,Itaquaquecetuba,35,SP,E,B,C,B,2,B,C,A,B,C,A,A,B,A,B,A,A,B,A,B,A,C,A
210064170523,2024,10,M,1,3,1,1,8,,0,3523107,Itaquaquecetuba,35,SP,F,C,F,B,6,A,C,A,C,D,B,A,B,A,B,B,A,C,A,B,B,E,A
210064172867,2024,3,M,0,1,1,2,0,1,0,3523107,Itaquaquecetuba,35,SP,H,H,C,F,3,A,C,A,B,C,C,B,B,A,A,B,A,B,A,B,A,D,A
210064173168,2024,15,F,1,1,1,1,18,,0,3523107,Itaquaquecetuba,35,SP,H,C,F,B,3,A,A,A,B,C,A,A,B,A,B,B,A,B,A,A,A,B,A
210064173246,2024,7,F,1,1,1,1,5,,0,3523107,Itaquaquecetuba,35,SP,E,E,C,B,4,A,B,A,B,B,A,A,B,A,B,A,A,B,A,B,A,C,A
210064173916,2024,2,F,1,3,1,2,0,1,0,3523107,Itaquaquecetuba,35,SP,B,C,F,F,4,B,I,A,B,C,C,B,C,A,B,B,A,D,A,B,B,E,A
210064177319,2024,5,M,1,2,1,1,2,,0,3523107,Itaquaquecetuba,35,SP,B,A,F,B,4,B,C,A,C,C,B,A,B,A,B,B,A,C,A,B,B,E,A
210064177766,2024,2,F,1,1,1,3,0,,1,3523107,Itaquaquecetuba,35,SP,E,E,C,A,3,A,B,A,B,B,A,A,B,A,A,B,B,B,A,B,A,D,A
210064181140,2024,2,F,1,1,2,3,0,,1,3523107,Itaquaquecetuba,35,SP,G,G,E,D,3,A,F,A,C,D,C,A,B,A,B,B,A,B,A,B,B,D,D
210064181809,2024,3,M,1,3,2,2,0,1,0,3523107,Itaquaquecetuba,35,SP,D,E,C,C,3,B,C,A,C,C,A,A,B,A,B,A,A,B,A,B,B,D,D
210064182063,2024,2,M,1,2,1,2,0,1,0,3523107,Itaquaquecetuba,35,SP,E,E,B,D,6,A,B,A,B,B,B,A,C,A,B,B,A,C,B,B,B,E,A
210064182227,2024,13,F,1,1,1,1,18,,0,3523107,Itaquaquecetuba,35,SP,A,D,A,A,2,A,A,A,B,A,A,A,B,A,A,A,A,B,A,A,A,B,A
210064182448,2024,2,F,1,3,1,2,0,1,0,3523107,Itaquaquecetuba,35,SP,D,D,B,B,4,B,B,A,B,C,A,A,B,B,B,B,A,B,A,A,B,D,A
210064182658,2024,11,F,1,3,1,1,12,,0,3523107,Itaquaquecetuba,35,SP,C,D,B,B,2,B,B,A,B,B,A,A,B,A,A,A,A,B,A,A,B,B,A
210064184820,2024,3,F,1,3,1,2,0,2,0,3523107,Itaquaquecetuba,35,SP,H,E,F,B,4,B,G,A,C,D,A,A,B,A,B,B,B,C,B,B,B,E,A
210064185255,2024,4,F,1,2,1,2,0,1,0,3523107,Itaquaquecetuba,35,SP,E,E,D,F,5,A,E,A,B,C,B,A,B,A,A,A,A,B,A,B,B,E,A
210064185796,2024,3,F,1,1,1,2,0,1,0,3523107,Itaquaquecetuba,35,SP,D,E,B,F,6,A,C,A,B,C,A,A,B,A,B,B,A,C,A,B,B,E,A
210064186169,2024,3,M,1,1,1,2,0,1,0,3523107,Itaquaquecetuba,35,SP,E,E,B,F,4,B,E,A,B,C,C,A,B,A,B,B,B,B,B,B,B,D,A
210064186814,2024,1,F,1,1,1,3,0,,1,3523107,Itaquaquecetuba,35,SP,E,E,C,B,4,A,C,A,B,B,A,A,B,A,A,A,A,B,A,B,A,B,A
210064189863,2024,16,F,4,3,1,1,18,,0,3523107,Itaquaquecetuba,35,SP,B,B,B,B,4,B,F,A,B,C,A,A,B,A,B,A,A,B,A,B,B,D,A
210064191389,2024,4,F,1,3,1,1,2,,0,3523107,Itaquaquecetuba,35,SP,E,E,C,B,3,A,B,A,B,B,A,B,B,A,A,A,A,B,B,B,B,E,A
210064191519,2024,6,F,1,3,1,1,3,,0,3523107,Itaquaquecetuba,35,SP,E,E,C,B,3,B,F,A,C,C,B,A,B,A,B,A,A,B,B,B,B,D,D
210064192985,2024,2,F,0,1,1,2,0,1,0,3523107,Itaquaquecetuba,35,SP,E,E,C,C,4,A,B,A,A,A,A,A,B,B,B,B,B,B,A,B,B,E,A
210064193992,2024,3,F,1,1,1,2,0,1,0,3523107,Itaquaquecetuba,35,SP,D,D,C,B,1,A,B,A,B,C,B,A,B,A,B,B,B,D,B,B,A,D,A
210064194137,2024,13,F,1,3,1,1,18,,0,3523107,Itaquaquecetuba,35,SP,E,C,B,B,4,B,K,A,D,D,C,A,B,A,B,B,B,C,A,B,C,E,A
210064194938,2024,2,M,1,3,1,2,0,1,0,3523107,Itaquaquecetuba,35,SP,E,E,C,B,2,A,B,A,B,B,A,A,B,A,B,B,A,B,A,A,B,B,A
210064197117,2024,3,F,1,1,1,2,0,1,0,3523107,Itaquaquecetuba,35,SP,C,D,B,B,8,B,E,A,B,C,A,A,B,A,B,B,A,B,A,B,A,E,A
210064197240,2024,4,F,1,3,1,1,1,,0,3523107,Itaquaquecetuba,35,SP,H,H,B,B,7,A,B,A,B,C,C,A,B,A,A,A,A,B,A,B,A,E,A
210064199122,2024,5,M,1,3,1,1,1,,0,3523107,Itaquaquecetuba,35,SP,B,B,B,B,3,A,B,A,C,B,B,A,B,A,A,B,A,B,A,B,A,C,A
210064199439,2024,13,M,2,3,1,1,18,,0,3523107,Itaquaquecetuba,35,SP,C,B,C,B,3,B,I,A,B,C,B,A,B,A,B,B,A,C,A,B,B,D,A
210064199598,2024,2,F,1,3,1,2,0,1,0,3523107,Itaquaquecetuba,35,SP,H,H,D,D,4,A,C,A,B,C,B,A,B,A,B,B,A,B,A,B,A,C,D
210064200254,2024,12,F,0,1,1,1,12,,0,3523107,Itaquaquecetuba,35,SP,H,E,F,B,4,A,B,A,B,C,A,A,B,A,A,A,A,B,A,B,B,C,A
210064202212,2024,3,F,1,2,2,2,0,1,0,3523107,Itaquaquecetuba,35,SP,E,E,B,B,4,A,B,A,B,C,B,A,B,A,B,A,A,A,A,B,A,C,A
210064203016,2024,2,F,1,1,1,2,0,1,0,3523107,Itaquaquecetuba,35,SP,E,B,C,C,3,B,F,A,B,C,B,B,B,A,B,B,A,B,A,B,A,D,A
210064207408,2024,3,M,1,3,1,2,0,1,0,3523107,Itaquaquecetuba,35,SP,H,H,F,B,1,B,B,A,B,B,A,A,B,A,A,A,A,B,A,B,A,B,A
210064207696,2024,5,F,1,1,1,1,2,,0,3523107,Itaquaquecetuba,35,SP,E,E,F,B,4,B,E,A,C,C,B,B,B,A,B,A,B,C,A,B,B,D,A
210064208687,2024,1,F,1,1,1,3,0,,1,3523107,Itaquaquecetuba,35,SP,F,D,F,B,2,A,B,A,B,C,A,A,B,A,B,B,A,B,A,B,A,B,A
210064209174,2024,3,M,1,3,1,2,0,1,0,3523107,Itaquaquecetuba,35,SP,D,D,C,B,5,A,A,A,B,B,A,A,B,A,A,A,A,B,A,B,A,C,A
210064210746,2024,2,F,1,3,1,2,0,1,0,3523107,Itaquaquecetuba,35,SP,E,E,C,D,4,A,E,A,C,C,B,A,B,A,B,B,B,B,A,B,B,C,A
210064211110,2024,7,F,1,1,1,1,5,,0,3523107,Itaquaquecetuba,35,SP,B,E,F,F,3,A,A,A,B,B,A,A,B,A,A,A,A,B,A,A,A,A,A
210064212551,2024,2,F,1,3,1,2,0,1,0,3523107,Itaquaquecetuba,35,SP,D,D,C,B,5,A,C,D,B,C,A,A,B,A,A,A,A,B,A,B,A,D,A
210064212739,2024,2,F,1,1,1,2,0,1,0,3523107,Itaquaquecetuba,35,SP,F,F,D,D,4,A,D,A,B,C,C,A,B,A,B,B,B,C,A,B,C,E,A
210064213602,2024,3,F,1,3,1,2,0,1,0,3523107,Itaquaquecetuba,35,SP,F,F,C,B,3,A,B,A,B,C,A,A,B,A,B,A,B,B,A,B,B,D,A
210064215063,2024,1,M,1,3,1,3,0,,1,3523107,Itaquaquecetuba,35,SP,E,E,C,B,3,A,C,A,B,B,A,A,B,A,B,B,A,B,A,B,A,D,A
210064215076,2024,3,F,1,1,1,2,0,1,0,3523107,Itaquaquecetuba,35,SP,E,E,B,F,4,A,C,A,C,C,B,A,B,B,B,B,B,B,A,B,B,E,A
210064215314,2024,1,F,1,1,2,3,0,,1,3523107,Itaquaquecetuba,35,SP,E,E,C,B,4,B,F,A,B,C,B,A,B,A,B,B,A,B,A,B,B,D,A
210064217930,2024,3,M,1,2,1,2,0,1,0,3523107,Itaquaquecetuba,35,SP,E,E,E,F,4,A,F,A,B,C,A,A,B,B,B,B,A,B,A,B,A,D,A
210064218035,2024,3,M,1,1,1,2,0,1,0,3523107,Itaquaquecetuba,35,SP,H,E,C,B,2,B,D,A,B,B,A,A,B,A,B,B,A,B,A,B,B,B,A
210064219338,2024,3,F,1,3,1,2,0,1,0,3523107,Itaquaquecetuba,35,SP,E,E,C,B,4,A,D,A,C,C,B,A,B,A,B,B,A,B,A,B,B,E,A
210064219664,2024,3,F,1,1,1,2,0,1,0,3523107,Itaquaquecetuba,35,SP,E,D,D,D,3,A,K,A,D,D,B,A,B,A,B,B,A,C,A,B,B,D,D
210064219865,2024,3,F,1,3,1,2,0,1,0,3523107,Itaquaquecetuba,35,SP,B,B,B,B,6,A,A,B,B,A,A,A,B,A,A,A,A,B,A,A,A,A,A
210064220283,2024,5,F,1,3,1,1,2,,0,3523107,Itaquaquecetuba,35,SP,H,E,F,B,2,B,C,A,B,B,A,A,B,A,B,B,A,B,A,B,B,C,A
210064220599,2024,3,F,1,3,1,2,0,1,0,3523107,Itaquaquecetuba,35,SP,H,H,B,F,7,A,B,A,B,C,A,A,B,A,B,B,A,C,B,B,A,E,A
210064221963,2024,2,F,1,3,1,2,0,1,0,3523107,Itaquaquecetuba,35,SP,C,D,F,F,4,A,E,A,D,D,C,A,B,B,B,B,B,C,B,B,B,E,A
210064223340,2024,2,F,1,3,1,3,0,,1,3523107,Itaquaquecetuba,35,SP,H,A,A,B,2,B,B,A,B,B,A,A,B,A,A,A,A,B,A,B,A,B,A
210064223634,2024,3,F,1,3,1,2,0,1,0,3523107,Itaquaquecetuba,35,SP,D,D,A,B,5,A,B,A,B,B,B,A,B,A,A,A,A,B,A,B,A,B,A
210064226207,2024,9,F,1,1,1,1,7,,0,3523107,Itaquaquecetuba,35,SP,E,F,B,B,3,A,C,A,B,B,B,A,B,A,B,B,A,B,A,B,B,D,A
210064226717,2024,3,F,1,1,1,2,0,1,0,3523107,Itaquaquecetuba,35,SP,B,E,B,B,2,A,B,A,C,C,A,A,B,A,A,A,A,B,A,B,A,C,A
210064227813,2024,3,F,1,1,1,1,1,,0,3523107,Itaquaquecetuba,35,SP,H,G,F,D,4,A,E,A,B,B,B,A,B,A,B,B,A,C,A,B,B,D,A
210064234422,2024,3,F,1,2,1,2,0,1,0,3523107,Itaquaquecetuba,35,SP,D,D,C,B,6,A,B,A,B,C,A,A,B,A,B,A,A,B,A,B,A,D,A
210064234763,2024,11,M,1,2,1,1,12,,0,3523107,Itaquaquecetuba,35,SP,D,E,C,B,1,B,D,A,B,C,A,A,B,A,A,B,A,B,A,B,B,A,A
210064237938,2024,3,F,1,3,1,1,1,,0,3523107,Itaquaquecetuba,35,SP,B,E,F,B,6,A,B,A,B,B,A,A,B,A,A,A,A,B,A,B,A,D,A
210064238746,2024,2,F,0,1,1,3,0,,1,3523107,Itaquaquecetuba,35,SP,B,C,C,D,6,A,B,A,B,B,A,A,B,A,A,A,A,A,A,B,A,D,A
210064238788,2024,13,F,2,3,1,1,18,,0,3523107,Itaquaquecetuba,35,SP,C,B,A,A,2,B,D,A,B,C,B,B,B,A,B,B,B,C,A,B,A,B,A
210064238904,2024,4,M,1,1,1,1,2,,0,3523107,Itaquaquecetuba,35,SP,E,E,B,B,5,A,C,A,C,D,B,A,B,A,B,B,A,C,A,B,B,D,A
210064239111,2024,12,M,1,3,1,1,13,,0,3523107,Itaquaquecetuba,35,SP,B,D,F,B,3,A,B,A,B,C,A,A,B,A,B,A,A,B,A,B,B,C,A
210064239373,2024,12,M,1,1,1,1,15,,0,3523107,Itaquaquecetuba,35,SP,E,F,B,D,2,B,F,A,B,C,B,A,B,A,B,B,A,C,A,B,A,C,A
210064239478,2024,14,F,1,3,1,1,18,,0,3523107,Itaquaquecetuba,35,SP,B,B,C,F,1,A,A,A,B,C,A,A,B,A,B,A,A,B,A,A,A,B,A
210064240004,2024,3,M,1,1,1,2,0,1,0,3523107,Itaquaquecetuba,35,SP,G,G,C,A,5,B,B,D,B,C,A,B,B,A,B,B,B,B,B,B,C,D,A
210064241443,2024,3,F,1,1,1,2,0,1,0,3523107,Itaquaquecetuba,35,SP,C,D,D,C,4,A,B,A,B,C,A,A,B,A,B,B,A,B,A,B,A,D,A
210064243744,2024,3,M,1,2,1,2,0,1,0,3523107,Itaquaquecetuba,35,SP,E,C,C,C,4,B,G,A,B,C,B,A,B,A,B,B,A,C,A,B,A,E,A
210064244204,2024,8,F,1,3,1,1,5,,0,3523107,Itaquaquecetuba,35,SP,D,E,F,B,4,A,B,A,B,C,A,A,B,A,B,A,A,B,A,B,A,C,A
210064245142,2024,5,M,1,1,1,1,3,,0,3523107,Itaquaquecetuba,35,SP,E,E,C,B,3,B,E,A,C,C,B,B,B,A,B,B,A,B,A,B,B,D,A
210064247465,2024,11,M,1,3,1,1,9,,0,3523107,Itaquaquecetuba,35,SP,E,E,C,C,3,A,G,A,B,A,B,A,B,A,B,B,B,B,A,B,B,D,D
210064247690,2024,3,F,1,3,1,2,0,1,0,3523107,Itaquaquecetuba,35,SP,H,G,F,B,2,A,B,A,B,B,A,A,B,A,A,B,A,B,A,B,A,C,A
210064248345,2024,16,F,3,3,1,1,0,,0,3523107,Itaquaquecetuba,35,SP,A,A,B,B,2,A,A,A,B,B,A,A,B,A,A,B,A,B,A,A,A,B,A
210064249770,2024,4,M,1,3,1,1,2,,0,3523107,Itaquaquecetuba,35,SP,E,C,C,A,3,A,B,A,B,B,A,A,B,A,A,A,A,B,A,B,A,B,A
210064251294,2024,4,M,1,3,1,1,2,,0,3523107,Itaquaquecetuba,35,SP,B,C,F,F,3,A,B,A,B,C,B,A,B,A,B,B,B,C,B,B,A,D,A
210064251701,2024,3,M,1,3,1,2,0,1,0,3523107,Itaquaquecetuba,35,SP,H,E,F,F,5,B,C,A,B,C,B,C,B,A,B,B,B,B,A,B,A,D,A
210064254525,2024,3,F,1,2,1,2,0,1,0,3523107,Itaquaquecetuba,35,SP,E,D,B,B,2,A,A,A,B,C,A,A,B,A,B,A,A,B,A,B,A,C,A
210064255652,2024,3,F,1,2,2,2,0,1,0,3523107,Itaquaquecetuba,35,SP,E,C,C,B,6,A,C,A,B,C,B,A,B,A,B,A,A,B,A,B,B,E,A
210064257576,2024,16,M,3,3,1,1,0,,0,3523107,Itaquaquecetuba,35,SP,C,E,A,B,3,B,C,A,B,B,A,A,B,A,B,A,A,B,A,A,A,C,A
210064258139,2024,2,M,1,3,1,2,0,1,0,3523107,Itaquaquecetuba,35,SP,B,G,C,D,4,B,E,A,B,C,B,A,B,A,B,B,A,B,A,B,A,D,A
210064258536,2024,12,F,2,3,1,1,14,,0,3523107,Itaquaquecetuba,35,SP,D,E,C,B,3,B,D,A,B,C,B,A,B,A,B,B,B,B,A,B,A,C,A
210064260815,2024,12,F,1,2,1,1,0,,0,3523107,Itaquaquecetuba,35,SP,B,C,B,B,3,B,E,A,B,B,A,A,B,A,A,B,A,B,A,A,A,B,A
210064264412,2024,4,M,1,1,1,2,0,1,0,3523107,Itaquaquecetuba,35,SP,B,D,B,B,5,A,C,A,B,C,B,A,B,A,B,B,A,C,A,B,A,D,A
210064264596,2024,6,F,1,1,1,1,4,,0,3523107,Itaquaquecetuba,35,SP,E,E,D,D,2,A,B,A,B,B,A,A,B,A,A,B,A,B,A,B,B,C,A
210064266373,2024,3,M,1,0,1,2,0,1,0,3523107,Itaquaquecetuba,35,SP,D,E,C,C,4,B,G,A,B,B,C,A,B,A,B,B,B,B,B,B,C,B,A
210064268620,2024,11,F,1,1,1,1,9,,0,3523107,Itaquaquecetuba,35,SP,C,E,F,B,3,B,F,A,B,C,A,A,B,A,B,A,A,B,A,B,C,D,A
210064272051,2024,8,M,1,1,1,1,0,,0,3523107,Itaquaquecetuba,35,SP,E,E,C,B,2,A,B,A,B,B,A,A,B,A,A,B,A,B,A,B,A,A,A
210064272599,2024,3,M,1,3,1,2,0,1,0,3523107,Itaquaquecetuba,35,SP,C,C,C,B,4,A,D,A,C,C,B,A,B,A,B,B,A,C,A,B,B,D,A
210064272682,2024,13,F,2,3,1,1,9,,0,3523107,Itaquaquecetuba,35,SP,E,H,B,F,4,A,A,A,C,C,B,A,B,A,B,B,B,B,A,B,B,D,A
210064273273,2024,2,F,1,3,1,2,0,1,0,3523107,Itaquaquecetuba,35,SP,B,D,C,B,3,A,B,A,B,C,A,B,B,A,B,B,A,C,A,B,B,D,A
210064273605,2024,11,M,1,1,1,1,9,,0,3523107,Itaquaquecetuba,35,SP,B,B,A,A,3,B,B,A,B,C,B,A,B,A,B,A,A,B,A,B,A,C,A
210064274968,2024,2,M,1,3,1,2,0,1,0,3523107,Itaquaquecetuba,35,SP,E,E,B,B,3,A,C,A,B,C,B,A,B,A,B,A,A,B,A,B,C,D,A
210064275093,2024,3,F,1,1,1,2,0,1,0,3523107,Itaquaquecetuba,35,SP,E,E,F,B,4,A,C,A,B,B,A,A,B,A,B,B,A,B,B,B,A,B,A
210064275261,2024,4,F,1,1,1,1,1,,0,3523107,Itaquaquecetuba,35,SP,E,D,B,B,5,B,B,A,B,C,A,A,B,A,A,A,A,B,A,B,A,B,A
210064275744,2024,13,F,2,4,1,1,18,,0,3523107,Itaquaquecetuba,35,SP,B,B,B,B,5,B,C,A,B,C,B,A,B,A,B,B,A,C,A,B,B,D,A
210064276292,2024,2,F,1,3,1,3,0,,1,3523107,Itaquaquecetuba,35,SP,E,E,C,D,3,A,E,A,B,C,B,A,B,A,B,B,A,B,B,B,A,D,A
210064276403,2024,2,F,1,3,1,3,0,,1,3523107,Itaquaquecetuba,35,SP,E,E,C,D,4,A,C,A,B,B,A,A,B,A,A,A,A,B,A,A,A,C,A
210064276792,2024,4,F,1,3,1,1,1,,0,3523107,Itaquaquecetuba,35,SP,C,H,C,B,6,A,A,A,B,C,A,A,B,A,A,A,A,B,A,B,A,D,A
210064277318,2024,3,F,1,3,1,2,0,1,0,3523107,Itaquaquecetuba,35,SP,E,E,C,C,3,A,C,A,B,B,B,A,B,A,B,A,A,A,A,A,A,B,A
210064280778,2024,4,F,1,3,1,1,2,,0,3523107,Itaquaquecetuba,35,SP,E,E,C,C,5,A,D,A,B,B,B,A,B,A,A,B,A,B,A,B,A,D,A
210064282688,2024,3,M,1,3,1,2,0,1,0,3523107,Itaquaquecetuba,35,SP,E,E,D,B,3,A,H,A,D,C,C,C,C,A,B,B,B,D,A,B,B,D,A
210064283143,2024,3,M,1,1,1,2,0,1,0,3523107,Itaquaquecetuba,35,SP,E,E,C,C,3,A,E,A,B,C,B,A,B,A,B,B,B,C,A,B,C,C,A
210064283288,2024,2,F,1,3,1,2,0,1,0,3523107,Itaquaquecetuba,35,SP,H,C,F,B,2,B,A,A,B,B,A,A,B,A,A,A,A,A,A,A,A,B,A
210064284960,2024,8,F,1,1,1,1,6,,0,3523107,Itaquaquecetuba,35,SP,C,C,C,B,4,A,B,A,B,C,B,A,B,A,A,A,A,B,A,B,A,C,A
210064285664,2024,4,F,1,1,1,1,1,,0,3523107,Itaquaquecetuba,35,SP,E,E,C,B,3,A,E,A,B,C,B,A,B,A,B,B,B,B,B,B,B,D,A
210064285973,2024,4,F,1,3,1,1,1,,0,3523107,Itaquaquecetuba,35,SP,D,E,B,C,3,A,E,A,B,C,A,A,B,A,B,B,A,B,A,B,B,C,A
210064286497,2024,3,F,1,1,1,2,0,1,0,3523107,Itaquaquecetuba,35,SP,E,E,D,D,6,A,B,A,C,C,B,A,B,B,B,B,A,C,A,B,B,E,A
210064287622,2024,2,M,1,1,1,2,0,1,0,3523107,Itaquaquecetuba,35,SP,B,B,C,A,3,A,B,A,B,C,A,A,B,A,B,A,A,B,A,B,A,D,A
210064287893,2024,3,F,1,1,1,1,1,,0,3523107,Itaquaquecetuba,35,SP,C,C,C,C,4,B,C,A,B,C,B,A,B,A,B,B,B,C,A,B,C,E,A
210064288394,2024,3,F,1,2,1,2,0,1,0,3523107,Itaquaquecetuba,35,SP,H,H,F,F,3,A,C,A,B,C,A,A,B,A,B,B,A,C,B,B,A,D,A
210064289709,2024,3,F,1,1,1,2,0,1,0,3523107,Itaquaquecetuba,35,SP,H,E,F,C,3,B,C,A,B,C,A,A,B,A,B,B,A,C,A,B,A,D,A
210064289923,2024,4,M,1,1,1,1,1,,0,3523107,Itaquaquecetuba,35,SP,E,E,F,F,5,A,E,A,B,C,B,A,B,A,A,B,A,B,A,B,B,D,A
210064290003,2024,13,F,2,1,1,1,18,,0,3523107,Itaquaquecetuba,35,SP,C,C,C,B,4,A,C,A,B,C,B,A,B,A,B,B,A,C,A,B,B,B,A
210064290320,2024,7,F,1,1,1,1,5,,0,3523107,Itaquaquecetuba,35,SP,D,E,F,D,3,B,B,A,B,C,B,A,B,A,B,A,A,B,A,B,B,B,A
210064290396,2024,3,M,0,1,1,2,0,1,0,3523107,Itaquaquecetuba,35,SP,D,E,C,C,5,A,C,A,B,C,B,A,B,A,B,B,A,B,A,B,B,B,A
210064292278,2024,3,F,1,3,1,2,0,1,0,3523107,Itaquaquecetuba,35,SP,E,E,F,B,4,A,B,A,B,B,A,A,B,A,A,B,A,B,A,B,A,D,A
210064292395,2024,3,F,1,1,1,2,0,1,0,3523107,Itaquaquecetuba,35,SP,H,C,B,B,3,A,B,A,B,B,A,A,B,A,A,B,A,A,A,B,A,C,A
210064292521,2024,11,M,1,1,1,1,10,,0,3523107,Itaquaquecetuba,35,SP,D,E,F,B,3,B,C,A,B,C,A,B,B,A,B,A,A,B,A,B,A,D,A
210064293110,2024,14,F,1,3,1,1,18,,0,3523107,Itaquaquecetuba,35,SP,B,D,B,B,4,B,E,A,B,C,A,A,B,A,B,A,A,B,A,B,B,C,A
210064293567,2024,3,F,1,1,1,2,0,1,0,3523107,Itaquaquecetuba,35,SP,G,D,F,B,4,A,A,A,C,B,A,A,B,A,B,A,A,A,A,B,A,E,A
210064293785,2024,2,F,1,3,1,2,0,1,0,3523107,Itaquaquecetuba,35,SP,B,D,C,B,4,B,C,A,B,D,B,A,B,A,A,A,A,B,A,B,A,D,A
210064294740,2024,10,F,1,2,1,1,0,,0,3523107,Itaquaquecetuba,35,SP,C,E,F,C,2,B,C,A,B,B,A,A,B,A,A,A,A,B,A,B,A,B,A
210064296164,2024,7,F,1,3,1,1,5,,0,3523107,Itaquaquecetuba,35,SP,F,G,B,D,4,A,K,A,D,C,C,B,B,A,B,B,B,D,A,B,C,D,A
210064300039,2024,2,M,1,1,1,2,0,1,0,3523107,Itaquaquecetuba,35,SP,E,E,C,B,3,A,G,A,B,D,B,A,B,A,B,B,A,B,A,B,A,D,A
210064300623,2024,7,F,1,2,1,1,5,,0,3523107,Itaquaquecetuba,35,SP,E,B,C,B,2,A,B,A,B,C,A,A,B,A,B,B,A,C,A,B,A,C,A
210064302876,2024,3,M,1,3,1,2,0,1,0,3523107,Itaquaquecetuba,35,SP,E,E,F,F,5,A,A,A,B,C,A,A,B,B,B,B,A,C,A,B,B,D,A
210064303503,2024,2,M,1,2,1,2,0,1,0,3523107,Itaquaquecetuba,35,SP,E,E,C,B,3,B,C,A,B,C,B,A,B,B,B,B,B,C,B,B,C,D,A
210064304306,2024,11,F,1,2,1,1,12,,0,3523107,Itaquaquecetuba,35,SP,D,E,B,B,2,B,B,A,B,B,A,A,B,A,B,B,A,B,A,B,A,B,A
210064305753,2024,3,M,1,1,1,2,0,1,0,3523107,Itaquaquecetuba,35,SP,C,E,B,B,2,A,B,A,B,C,A,A,B,A,A,A,A,B,A,B,A,C,A
210064307196,2024,3,F,1,3,1,1,1,,0,3523107,Itaquaquecetuba,35,SP,E,E,C,C,7,A,B,A,B,C,A,A,B,A,B,B,A,B,A,B,A,B,A
210064309324,2024,2,F,1,1,1,3,0,,1,3523107,Itaquaquecetuba,35,SP,C,G,C,D,3,A,D,A,B,C,B,A,B,A,A,A,A,A,A,A,A,B,A
210064310329,2024,5,M,1,1,1,1,3,,0,3523107,Itaquaquecetuba,35,SP,C,E,B,B,3,A,G,A,B,B,B,A,B,A,A,B,A,B,A,B,A,D,A
210064312661,2024,3,F,1,1,1,2,0,1,0,3523107,Itaquaquecetuba,35,SP,E,E,F,B,3,A,A,A,B,C,A,A,B,A,A,B,A,B,A,B,B,C,A
210064312782,2024,4,F,1,1,1,1,2,,0,3523107,Itaquaquecetuba,35,SP,E,E,D,D,4,A,E,A,B,C,B,A,B,A,B,B,A,C,A,B,C,D,A
210064313382,2024,3,M,1,2,1,2,0,1,0,3523107,Itaquaquecetuba,35,SP,G,G,D,D,4,A,H,A,B,D,B,A,B,A,B,A,B,B,A,B,B,D,A
210064313469,2024,3,F,1,2,1,2,0,1,0,3523107,Itaquaquecetuba,35,SP,H,H,B,B,3,B,D,A,B,C,A,A,B,A,B,B,A,B,A,B,B,D,A
210064313753,2024,1,F,1,2,1,3,0,,1,3523107,Itaquaquecetuba,35,SP,E,E,B,B,4,B,E,A,C,D,B,A,B,A,B,B,B,B,B,B,B,E,A
210064314066,2024,2,F,1,2,1,3,0,,1,3523107,Itaquaquecetuba,35,SP,E,C,C,B,2,A,A,A,B,C,A,A,B,A,B,B,A,B,A,B,A,C,A
210064314364,2024,17,F,0,4,1,1,0,,0,3523107,Itaquaquecetuba,35,SP,A,B,A,A,2,A,B,A,B,B,A,A,B,A,B,A,A,B,A,A,A,B,F
210064316103,2024,3,M,1,3,1,2,0,1,0,3523107,Itaquaquecetuba,35,SP,E,D,F,F,4,B,A,A,B,B,B,A,B,B,B,A,B,B,A,B,A,D,A
210064318002,2024,5,M,1,1,1,1,2,,0,3523107,Itaquaquecetuba,35,SP,B,C,A,B,3,A,E,A,B,C,A,A,B,A,B,B,A,C,A,B,B,D,A
210064318685,2024,3,F,1,1,1,1,1,,0,3523107,Itaquaquecetuba,35,SP,E,E,C,C,3,A,C,A,C,D,B,B,B,A,B,A,A,B,A,B,A,D,A
210064318965,2024,2,M,1,4,1,2,0,1,0,3523107,Itaquaquecetuba,35,SP,E,E,C,C,4,A,F,A,B,C,B,B,B,A,B,A,B,C,A,B,B,E,A
210064319768,2024,14,M,2,1,1,1,18,,0,3523107,Itaquaquecetuba,35,SP,C,E,C,B,3,B,E,A,B,C,B,B,B,A,B,B,A,B,A,B,B,C,A
210064320121,2024,3,M,1,3,1,2,0,1,0,3523107,Itaquaquecetuba,35,SP,E,E,D,F,4,A,B,A,B,C,A,A,B,A,A,B,A,B,A,B,A,E,A
210064321127,2024,3,M,1,1,1,2,0,1,0,3523107,Itaquaquecetuba,35,SP,B,C,F,F,7,A,A,A,B,D,A,A,B,A,B,A,A,C,A,B,A,E,A
210064321166,2024,2,F,1,3,1,2,0,1,0,3523107,Itaquaquecetuba,35,SP,E,E,F,D,6,A,E,A,C,C,B,A,B,B,B,B,B,D,A,B,B,E,A
210064321696,2024,3,F,1,1,1,2,0,1,0,3523107,Itaquaquecetuba,35,SP,C,C,C,F,4,A,C,A,C,C,B,A,B,A,B,B,A,C,A,B,A,C,A
210064321867,2024,17,F,2,1,1,1,18,,0,3523107,Itaquaquecetuba,35,SP,H,C,F,B,2,A,H,A,B,C,A,A,B,A,B,B,A,B,A,B,B,C,B
210064322683,2024,3,F,1,2,1,2,0,1,0,3523107,Itaquaquecetuba,35,SP,H,E,B,B,5,B,C,A,B,C,A,A,A,A,A,A,A,B,A,B,A,D,A
210064323365,2024,15,F,2,1,1,1,18,,0,3523107,Itaquaquecetuba,35,SP,G,B,C,A,3,B,F,A,B,C,A,A,B,A,B,B,B,C,B,B,B,B,A
210064324311,2024,4,F,1,1,1,2,0,1,0,3523107,Itaquaquecetuba,35,SP,H,H,F,B,4,A,A,A,B,B,A,A,B,A,A,B,B,B,A,B,A,C,A
210064324322,2024,3,M,1,1,1,2,0,1,0,3523107,Itaquaquecetuba,35,SP,E,E,E,F,3,A,F,A,D,D,B,A,C,A,B,B,B,C,B,B,A,D,A
210064325802,2024,7,F,1,3,1,1,5,,0,3523107,Itaquaquecetuba,35,SP,E,F,D,D,2,A,E,A,B,C,A,A,B,B,B,B,A,B,A,B,A,C,A
210064328383,2024,3,F,1,2,1,2,0,1,0,3523107,Itaquaquecetuba,35,SP,H,E,F,B,10,A,B,A,B,C,B,A,B,A,B,A,A,B,A,B,A,E,A
210064329712,2024,2,F,1,3,1,2,0,1,0,3523107,Itaquaquecetuba,35,SP,E,E,C,B,3,A,C,A,C,B,A,A,B,A,B,B,A,B,A,B,A,D,A
210064330114,2024,2,F,1,2,1,2,0,1,0,3523107,Itaquaquecetuba,35,SP,G,B,D,D,4,A,B,A,B,C,B,A,B,A,A,B,A,B,A,B,A,E,A
210064330880,2024,3,M,1,3,1,2,0,1,0,3523107,Itaquaquecetuba,35,SP,H,D,F,F,8,B,B,A,B,D,C,A,B,B,B,B,B,C,B,B,B,E,A
210064331167,2024,3,M,1,3,1,2,0,1,0,3523107,Itaquaquecetuba,35,SP,H,E,B,B,3,A,E,A,B,B,B,A,B,A,B,B,A,B,A,B,A,D,A
210064331509,2024,3,M,1,3,1,2,0,1,0,3523107,Itaquaquecetuba,35,SP,F,G,D,B,2,A,F,A,B,B,A,A,B,A,B,B,A,B,A,B,C,B,E
210064332633,2024,3,F,1,3,1,2,0,1,0,3523107,Itaquaquecetuba,35,SP,B,B,E,A,3,A,C,A,B,C,A,B,B,A,B,B,A,C,B,B,B,B,A
210064332702,2024,2,F,1,3,1,2,0,1,0,3523107,Itaquaquecetuba,35,SP,H,H,F,B,4,A,C,A,C,C,B,A,B,B,B,B,A,B,A,B,A,D,D
210064332911,2024,1,F,1,3,1,3,0,,1,3523107,Itaquaquecetuba,35,SP,E,E,C,B,4,A,C,A,C,C,B,A,B,A,B,A,A,C,A,B,B,E,A
210064333126,2024,7,F,1,3,1,1,5,,0,3523107,Itaquaquecetuba,35,SP,B,B,B,B,9,A,C,A,D,D,B,A,B,A,B,B,B,C,A,B,B,E,A
210064333314,2024,3,M,1,1,1,2,0,1,0,3523107,Itaquaquecetuba,35,SP,G,G,B,B,4,B,D,A,B,C,B,A,B,A,B,B,A,B,A,B,A,E,A
210064333384,2024,12,F,2,1,1,1,14,,0,3523107,Itaquaquecetuba,35,SP,F,B,F,A,3,A,A,A,B,B,A,A,B,A,A,A,A,B,A,A,A,B,A
210064336482,2024,12,F,0,3,1,1,0,,0,3523107,Itaquaquecetuba,35,SP,B,B,C,B,5,A,A,A,B,A,A,A,B,A,A,A,A,B,A,B,A,D,A
210064339461,2024,4,M,1,1,1,2,0,1,0,3523107,Itaquaquecetuba,35,SP,F,F,D,D,3,A,G,A,B,C,A,A,B,A,A,B,B,B,B,B,C,C,A
210064341013,2024,7,F,2,1,1,1,5,,0,3523107,Itaquaquecetuba,35,SP,E,E,F,B,2,B,F,A,B,B,A,A,B,A,B,A,A,A,A,B,B,B,A
210064341998,2024,4,F,1,3,1,1,1,,0,3523107,Itaquaquecetuba,35,SP,B,B,B,B,3,A,B,A,B,C,A,A,B,A,B,B,A,C,A,B,A,D,A
210064342885,2024,6,F,1,3,1,1,4,,0,3523107,Itaquaquecetuba,35,SP,H,C,B,B,4,A,C,A,B,C,B,A,B,A,B,B,A,B,A,B,B,E,A
210064343873,2024,3,M,1,1,1,2,0,1,0,3523107,Itaquaquecetuba,35,SP,H,H,F,F,3,B,B,A,B,B,B,A,B,A,B,B,A,D,A,B,B,D,A
210064343984,2024,2,M,1,1,1,2,0,1,0,3523107,Itaquaquecetuba,35,SP,E,E,B,B,2,A,C,A,B,C,A,A,B,A,B,B,A,B,A,B,B,C,A
210064347234,2024,5,F,1,3,1,1,3,,0,3523107,Itaquaquecetuba,35,SP,H,E,F,F,2,A,A,A,B,B,A,A,B,A,A,A,A,A,A,B,A,A,A
210064348648,2024,3,F,1,3,1,2,0,1,0,3523107,Itaquaquecetuba,35,SP,E,E,F,F,4,A,C,A,B,C,A,A,B,A,B,B,A,B,A,B,B,B,A
210064350506,2024,3,F,1,1,1,2,0,1,0,3523107,Itaquaquecetuba,35,SP,D,D,C,B,3,B,C,A,B,C,B,A,B,A,B,B,B,B,A,B,B,D,B
210064351672,2024,17,F,2,3,1,2,0,,0,3523107,Itaquaquecetuba,35,SP,A,A,C,A,2,A,C,A,B,B,A,A,B,A,B,A,A,B,A,B,A,B,A
210064352153,2024,2,F,0,3,1,2,0,1,0,3523107,Itaquaquecetuba,35,SP,E,E,F,F,3,A,B,A,B,B,A,A,B,A,B,B,A,B,A,B,A,D,A
210064352674,2024,2,M,1,3,1,2,0,1,0,3523107,Itaquaquecetuba,35,SP,C,H,C,B,5,B,C,A,B,C,C,A,B,A,B,B,A,B,A,A,A,D,A
210064353531,2024,4,M,1,3,1,1,1,,0,3523107,Itaquaquecetuba,35,SP,B,E,B,B,4,B,C,A,C,D,B,A,B,A,B,B,A,B,B,B,A,E,A
210064353574,2024,3,F,1,1,2,2,0,1,0,3523107,Itaquaquecetuba,35,SP,D,D,B,C,5,A,B,A,B,C,A,A,B,A,B,B,B,C,B,A,A,A,A
210064355874,2024,3,F,1,5,1,2,0,1,0,3523107,Itaquaquecetuba,35,SP,D,E,C,B,2,A,C,A,B,B,B,A,B,A,B,B,A,B,A,B,A,C,A
210064356456,2024,3,F,1,3,2,1,1,,0,3523107,Itaquaquecetuba,35,SP,C,E,F,B,3,A,B,A,B,C,A,A,B,A,B,B,A,B,A,B,B,C,A
210064357221,2024,14,M,1,3,1,4,0,,0,3523107,Itaquaquecetuba,35,SP,A,A,B,B,1,A,A,A,B,A,A,A,B,A,A,A,A,B,A,A,A,B,A
210064357263,2024,3,F,1,3,1,2,0,1,0,3523107,Itaquaquecetuba,35,SP,E,F,D,D,5,A,F,A,C,D,C,A,B,A,B,B,B,D,B,B,C,D,A
210064357996,2024,2,M,1,2,1,2,0,1,0,3523107,Itaquaquecetuba,35,SP,E,D,C,F,4,A,F,A,B,C,A,A,B,A,B,A,A,C,B,B,A,E,A
210064358511,2024,3,M,1,3,1,2,0,1,0,3523107,Itaquaquecetuba,35,SP,G,E,F,F,4,A,B,A,B,A,B,A,B,A,A,A,A,B,A,A,A,B,A
210064359342,2024,2,M,1,3,1,2,0,1,0,3523107,Itaquaquecetuba,35,SP,E,E,F,B,3,A,B,A,B,B,A,A,A,A,A,A,A,B,A,A,A,B,A
210064360240,2024,3,M,1,2,1,2,0,1,0,3523107,Itaquaquecetuba,35,SP,E,E,C,B,4,A,C,A,B,C,A,A,B,A,B,A,A,B,B,B,A,D,A
210064360418,2024,18,F,1,3,1,1,0,,0,3523107,Itaquaquecetuba,35,SP,A,A,A,A,2,B,D,A,B,C,A,A,B,A,B,A,A,B,A,B,B,B,A
210064360534,2024,3,F,0,1,1,1,1,,0,3523107,Itaquaquecetuba,35,SP,C,C,C,B,2,A,B,A,B,B,A,A,B,A,B,A,A,B,B,B,A,B,A
210064360556,2024,2,M,1,2,1,2,0,1,0,3523107,Itaquaquecetuba,35,SP,E,E,F,B,4,A,C,A,B,B,A,A,B,A,B,B,A,B,A,B,A,B,A
210064361190,2024,3,F,1,1,1,2,0,1,0,3523107,Itaquaquecetuba,35,SP,E,E,C,B,3,A,B,A,B,B,B,A,B,A,B,B,A,B,A,B,B,C,A
210064361981,2024,3,F,1,1,1,2,0,1,0,3523107,Itaquaquecetuba,35,SP,E,D,D,D,4,A,D,A,B,D,B,A,B,B,B,B,A,C,A,B,A,E,D
210064362082,2024,2,F,1,3,1,2,0,1,0,3523107,Itaquaquecetuba,35,SP,E,E,D,B,5,A,F,A,D,D,B,A,B,B,B,B,B,B,B,B,B,D,D
210064362734,2024,2,F,1,1,1,2,0,1,0,3523107,Itaquaquecetuba,35,SP,D,D,B,B,5,A,F,A,B,C,B,A,B,A,A,A,A,C,A,B,A,E,A
210064363847,2024,11,F,2,1,1,1,12,,0,3523107,Itaquaquecetuba,35,SP,B,B,D,B,4,A,A,A,B,B,A,A,B,A,B,A,A,B,A,B,A,B,A
210064364828,2024,2,M,1,3,1,2,0,1,0,3523107,Itaquaquecetuba,35,SP,C,E,C,B,3,A,G,A,C,C,B,A,B,A,B,B,B,B,B,B,B,D,A
210064364973,2024,3,F,0,3,1,2,0,1,0,3523107,Itaquaquecetuba,35,SP,D,E,C,B,4,A,C,A,B,B,A,A,B,A,B,B,A,B,A,A,B,D,A
210064366651,2024,3,M,1,3,1,2,0,1,0,3523107,Itaquaquecetuba,35,SP,E,E,C,B,3,A,E,A,C,C,B,A,B,A,B,B,A,B,B,B,A,D,A
210064367775,2024,3,F,1,1,1,2,0,1,0,3523107,Itaquaquecetuba,35,SP,H,C,C,B,3,A,C,A,C,C,A,A,B,A,B,B,A,B,A,B,A,D,A
210064368068,2024,3,F,1,1,1,2,0,1,0,3523107,Itaquaquecetuba,35,SP,H,D,D,F,5,A,C,A,C,D,B,A,B,A,B,B,B,C,B,B,B,E,A
210064369526,2024,4,F,1,1,1,1,2,,0,3523107,Itaquaquecetuba,35,SP,E,E,F,F,5,A,A,A,C,C,A,A,B,A,B,A,A,B,A,B,A,E,A
210064370423,2024,2,M,1,2,1,3,0,,1,3523107,Itaquaquecetuba,35,SP,D,E,C,F,6,A,B,A,B,C,B,A,B,A,B,B,A,B,A,B,B,D,A
210064370635,2024,7,F,2,1,1,1,5,,0,3523107,Itaquaquecetuba,35,SP,H,B,D,D,2,B,C,A,B,C,B,A,B,A,B,B,A,B,A,B,A,C,A
210064371852,2024,5,F,1,1,1,1,2,,0,3523107,Itaquaquecetuba,35,SP,E,D,D,C,4,A,F,A,B,C,A,B,B,A,A,B,A,B,A,B,A,D,A
210064372082,2024,1,F,1,1,1,3,0,,1,3523107,Itaquaquecetuba,35,SP,F,F,E,D,3,A,D,A,C,C,B,A,B,A,A,A,A,C,B,B,B,D,E
210064375188,2024,1,M,1,1,1,3,0,,1,3523107,Itaquaquecetuba,35,SP,E,E,F,B,3,A,B,A,B,C,A,A,B,A,A,B,A,B,A,B,B,C,A
210064375958,2024,2,M,1,2,1,2,0,1,0,3523107,Itaquaquecetuba,35,SP,B,D,C,B,2,B,C,A,D,D,A,A,B,B,B,B,A,D,A,B,A,C,A
210064376770,2024,2,M,1,3,1,2,0,1,0,3523107,Itaquaquecetuba,35,SP,H,E,F,D,5,A,B,A,B,C,B,A,B,A,B,B,A,B,A,B,A,D,A
210064382524,2024,3,F,1,3,1,1,1,,0,3523107,Itaquaquecetuba,35,SP,B,E,C,B,4,A,B,A,B,C,B,A,B,A,A,B,A,B,A,B,B,C,A
210064384320,2024,3,F,1,3,1,1,1,,0,3523107,Itaquaquecetuba,35,SP,C,D,D,B,3,A,C,A,B,C,A,A,B,A,A,A,A,B,A,B,A,B,A
210064386756,2024,3,F,3,3,1,2,0,1,0,3523107,Itaquaquecetuba,35,SP,G,F,E,D,4,A,G,A,C,D,C,A,B,A,B,B,A,C,B,B,E,E,A
210064387426,2024,11,F,1,3,1,1,8,,0,3523107,Itaquaquecetuba,35,SP,E,C,C,B,5,A,C,A,B,B,A,A,B,A,A,A,A,A,A,B,A,D,A
210064388036,2024,7,M,1,3,1,1,5,,0,3523107,Itaquaquecetuba,35,SP,C,C,C,B,4,A,E,A,C,C,A,A,B,A,B,B,A,B,A,B,A,E,A
210064388114,2024,2,F,1,3,1,2,0,1,0,3523107,Itaquaquecetuba,35,SP,B,C,B,B,3,A,B,A,B,C,A,B,B,A,B,B,A,C,B,B,B,D,A
210064389107,2024,14,M,2,3,2,1,18,,0,3523107,Itaquaquecetuba,35,SP,B,B,B,B,3,B,B,A,B,B,B,A,B,A,A,B,B,B,A,B,B,C,A
210064389486,2024,2,F,1,3,1,2,0,1,0,3523107,Itaquaquecetuba,35,SP,E,E,D,F,3,A,C,A,B,C,B,A,B,A,B,B,A,B,B,B,D,D,A
210064390186,2024,3,F,1,3,1,2,0,1,0,3523107,Itaquaquecetuba,35,SP,E,E,C,B,6,B,D,A,B,C,B,A,B,A,A,A,A,B,A,B,B,E,A
210064391999,2024,2,F,1,1,1,3,0,,1,3523107,Itaquaquecetuba,35,SP,E,D,C,B,5,A,F,A,B,C,B,A,B,A,B,B,B,B,A,B,B,E,A
210064392169,2024,11,F,1,3,1,1,10,,0,3523107,Itaquaquecetuba,35,SP,A,E,A,C,4,B,C,A,B,C,A,A,B,A,A,A,A,B,A,B,A,B,A
210064394443,2024,3,F,1,1,1,2,0,1,0,3523107,Itaquaquecetuba,35,SP,E,E,C,C,3,A,C,A,B,C,B,A,B,B,B,A,B,C,A,B,A,D,A
210064395189,2024,1,M,1,3,1,2,0,1,0,3523107,Itaquaquecetuba,35,SP,H,E,F,B,3,A,B,A,B,C,A,A,B,A,B,A,A,B,A,B,A,D,A
210064395288,2024,3,M,1,3,1,1,1,,0,3523107,Itaquaquecetuba,35,SP,H,A,B,B,5,B,D,A,B,C,B,A,B,A,B,B,B,C,A,B,B,E,A
210064395383,2024,3,M,1,3,1,1,1,,0,3523107,Itaquaquecetuba,35,SP,E,E,F,E,2,B,D,A,B,C,B,A,B,B,B,B,B,C,B,B,B,C,A
210064395753,2024,3,F,1,1,1,2,0,1,0,3523107,Itaquaquecetuba,35,SP,D,E,B,B,7,A,B,A,B,B,A,A,B,A,A,A,A,B,A,B,A,C,A
210064398053,2024,4,F,1,1,1,1,1,,0,3523107,Itaquaquecetuba,35,SP,H,E,E,E,7,A,E,A,C,D,B,A,B,A,B,B,B,C,A,B,C,E,D
210064399181,2024,3,F,1,3,1,2,0,1,0,3523107,Itaquaquecetuba,35,SP,F,E,F,B,4,B,D,A,B,B,A,A,B,A,A,A,A,A,A,B,B,E,A
210064400380,2024,3,F,1,3,1,2,0,1,0,3523107,Itaquaquecetuba,35,SP,E,E,E,D,2,A,B,A,B,C,B,A,B,A,B,A,B,B,B,B,B,C,B
210064400927,2024,3,M,1,1,1,2,0,1,0,3523107,Itaquaquecetuba,35,SP,H,H,F,F,7,B,G,A,C,D,A,B,B,A,B,B,A,C,A,B,A,D,A
210064404299,2024,2,F,1,2,1,2,0,1,0,3523107,Itaquaquecetuba,35,SP,E,E,C,C,6,A,C,A,B,C,B,A,B,A,B,B,A,C,A,B,A,E,A
210064408619,2024,3,F,1,1,1,2,0,1,0,3523107,Itaquaquecetuba,35,SP,H,D,B,F,4,A,A,A,B,B,A,A,B,A,A,A,A,A,A,A,A,B,A
210064411630,2024,2,F,1,3,1,2,0,1,0,3523107,Itaquaquecetuba,35,SP,E,E,C,C,4,A,G,A,B,C,A,A,B,A,B,B,A,C,A,B,B,D,A
210064411878,2024,3,F,0,1,1,2,0,1,0,3523107,Itaquaquecetuba,35,SP,E,D,C,D,4,B,D,A,C,C,B,A,B,A,B,B,B,C,A,B,A,E,A
210064412595,2024,2,F,1,1,1,2,0,1,0,3523107,Itaquaquecetuba,35,SP,E,F,D,D,4,A,H,A,C,C,B,A,B,A,B,B,B,B,A,B,A,D,E
210064414542,2024,8,F,1,3,1,1,5,,0,3523107,Itaquaquecetuba,35,SP,D,F,F,D,5,A,B,A,B,B,A,A,B,A,B,B,A,B,A,B,A,C,A
210064414581,2024,3,F,1,3,1,1,1,,0,3523107,Itaquaquecetuba,35,SP,C,E,B,B,2,A,B,A,B,C,A,A,B,A,B,B,A,B,A,B,B,C,A
210064415556,2024,11,M,1,2,1,1,8,,0,3523107,Itaquaquecetuba,35,SP,B,B,C,B,1,B,B,A,B,B,A,B,B,A,A,A,A,B,A,B,B,B,A
210064417089,2024,4,M,1,3,1,2,0,1,0,3523107,Itaquaquecetuba,35,SP,B,E,B,B,3,B,B,A,B,B,A,A,B,A,A,A,A,B,A,B,B,B,A
210064418889,2024,3,F,1,1,1,2,0,1,0,3523107,Itaquaquecetuba,35,SP,C,C,D,B,5,A,F,A,B,B,A,A,B,A,B,A,A,B,B,B,B,B,A
210064420515,2024,3,F,1,3,1,2,0,1,0,3523107,Itaquaquecetuba,35,SP,D,D,D,B,4,A,D,A,C,D,B,A,B,A,B,B,A,C,A,B,B,B,A
210064420899,2024,6,M,1,3,1,1,2,,0,3523107,Itaquaquecetuba,35,SP,D,A,C,C,3,A,B,A,B,C,B,A,B,A,A,A,A,B,A,B,B,D,A
210064421295,2024,3,F,1,1,1,2,0,1,0,3523107,Itaquaquecetuba,35,SP,B,E,C,B,3,A,B,A,C,A,A,A,B,A,B,A,A,B,A,B,B,C,A
210064421323,2024,1,F,1,3,1,3,0,,1,3523107,Itaquaquecetuba,35,SP,E,E,C,D,3,A,A,A,B,C,B,A,B,A,B,B,A,B,A,B,B,D,A
210064422928,2024,11,F,1,3,1,1,9,,0,3523107,Itaquaquecetuba,35,SP,C,H,A,A,4,A,D,A,B,C,A,B,B,A,A,A,A,B,A,A,A,E,A
210064423307,2024,16,F,2,3,1,1,18,,0,3523107,Itaquaquecetuba,35,SP,F,F,C,A,3,B,B,A,B,B,A,A,A,A,A,A,A,B,A,A,A,B,A
210064423545,2024,3,F,1,1,1,2,0,1,0,3523107,Itaquaquecetuba,35,SP,E,E,C,F,4,B,B,A,B,B,B,A,B,A,B,B,B,B,A,B,A,B,A
210064426840,2024,11,M,1,3,1,1,6,,0,3523107,Itaquaquecetuba,35,SP,A,B,F,B,3,A,A,A,B,B,B,A,B,A,B,A,A,C,A,B,B,D,A
210064427323,2024,14,F,2,4,1,1,16,,0,3523107,Itaquaquecetuba,35,SP,B,B,A,A,3,B,B,A,B,B,A,A,B,A,A,B,A,B,A,A,A,C,A
210064429305,2024,2,F,1,1,1,2,0,1,0,3523107,Itaquaquecetuba,35,SP,H,E,F,D,2,B,B,A,B,C,B,A,B,A,B,B,A,C,A,B,B,C,A
210064430533,2024,11,F,3,1,2,2,0,,0,3523107,Itaquaquecetuba,35,SP,B,B,C,B,3,A,B,A,B,B,A,A,B,A,A,A,A,A,A,B,A,B,A
210064430543,2024,12,F,1,2,1,1,13,,0,3523107,Itaquaquecetuba,35,SP,H,H,B,F,2,B,D,A,B,B,A,A,B,A,B,B,B,B,A,B,B,C,A
210064430876,2024,11,F,1,3,1,1,12,,0,3523107,Itaquaquecetuba,35,SP,H,G,B,D,1,B,B,A,B,B,A,A,B,A,B,B,A,B,A,B,B,B,A
210064431781,2024,1,M,1,3,1,3,0,,1,3523107,Itaquaquecetuba,35,SP,E,D,D,D,5,A,B,A,B,B,B,A,B,A,A,A,A,B,A,B,A,C,A
210064433691,2024,4,F,1,1,1,1,2,,0,3523107,Itaquaquecetuba,35,SP,C,D,C,B,4,A,A,A,B,C,B,A,B,A,B,B,A,B,A,B,A,D,A
210064435027,2024,3,M,1,2,1,2,0,1,0,3523107,Itaquaquecetuba,35,SP,B,D,B,B,3,A,E,A,B,C,B,A,B,A,B,B,B,B,A,B,B,B,D
210064435412,2024,2,F,1,3,1,3,0,,1,3523107,Itaquaquecetuba,35,SP,D,E,B,B,5,B,B,A,B,C,B,A,B,A,B,A,A,B,A,B,A,E,A
210064437973,2024,10,M,0,1,1,1,7,,0,3523107,Itaquaquecetuba,35,SP,B,E,B,B,4,B,B,A,B,B,A,A,B,A,A,B,A,B,A,B,A,C,A
210064438956,2024,10,F,1,1,1,1,8,,0,3523107,Itaquaquecetuba,35,SP,E,E,B,B,3,B,D,A,B,C,A,A,B,A,B,B,A,D,A,B,B,C,A
210064440197,2024,3,F,1,2,1,2,0,1,0,3523107,Itaquaquecetuba,35,SP,H,D,C,B,4,A,B,A,B,B,A,A,B,A,A,B,A,B,A,B,A,B,A
210064440497,2024,9,M,1,1,1,1,7,,0,3523107,Itaquaquecetuba,35,SP,F,F,C,E,3,B,C,A,B,B,A,A,B,B,B,A,A,C,A,B,B,C,A
210064440876,2024,15,M,2,3,1,1,18,,0,3523107,Itaquaquecetuba,35,SP,B,C,C,B,4,B,D,A,B,D,C,A,B,A,B,B,B,D,B,B,D,E,A
210064441379,2024,4,M,1,3,1,1,2,,0,3523107,Itaquaquecetuba,35,SP,A,A,C,B,2,B,B,A,B,C,A,A,B,A,B,B,B,B,A,B,B,C,A
210064442011,2024,4,M,1,3,1,1,2,,0,3523107,Itaquaquecetuba,35,SP,D,E,C,B,4,A,C,A,B,C,A,A,B,A,B,B,A,B,A,B,A,E,A
210064443480,2024,3,M,1,1,1,2,0,1,0,3523107,Itaquaquecetuba,35,SP,D,E,C,C,4,A,C,A,D,D,B,A,B,A,B,B,A,B,A,B,A,D,A
210064444607,2024,6,M,1,1,1,2,0,,0,3523107,Itaquaquecetuba,35,SP,E,B,B,B,3,B,B,A,B,C,A,A,B,A,A,A,A,B,A,B,B,B,A
210064446163,2024,2,M,1,1,1,2,0,1,0,3523107,Itaquaquecetuba,35,SP,B,D,C,B,3,A,B,A,B,B,A,A,B,A,A,A,A,B,A,A,A,B,A
210064446355,2024,2,M,1,1,1,3,0,,1,3523107,Itaquaquecetuba,35,SP,E,G,C,D,3,A,J,A,C,C,C,A,B,A,B,B,B,C,B,B,B,C,D
210064446787,2024,7,F,1,1,1,1,5,,0,3523107,Itaquaquecetuba,35,SP,C,E,C,C,7,A,C,A,B,C,A,A,B,A,A,A,A,A,A,B,A,E,A
210064447777,2024,8,M,1,2,1,1,5,,0,3523107,Itaquaquecetuba,35,SP,H,D,F,B,2,B,B,A,B,C,A,A,B,A,B,B,A,B,A,B,B,C,A
210064448814,2024,2,M,1,2,1,2,0,1,0,3523107,Itaquaquecetuba,35,SP,E,E,B,B,5,A,D,A,B,B,A,B,B,A,B,B,A,B,A,B,B,D,A
210064449351,2024,3,F,1,3,1,2,0,1,0,3523107,Itaquaquecetuba,35,SP,C,C,D,D,5,B,G,A,C,D,B,A,B,A,B,B,B,C,B,B,C,E,A
210064449427,2024,8,F,0,1,1,1,0,,0,3523107,Itaquaquecetuba,35,SP,A,D,B,C,3,B,B,A,B,B,A,A,B,A,A,B,A,A,A,A,A,B,A
210064450027,2024,5,F,1,0,1,1,5,,0,3523107,Itaquaquecetuba,35,SP,C,B,C,F,6,B,C,A,C,D,B,A,B,A,B,B,A,B,A,B,B,E,A
210064450541,2024,1,M,1,1,1,3,0,,1,3523107,Itaquaquecetuba,35,SP,D,C,D,D,4,A,B,A,C,D,B,A,B,A,B,B,B,C,A,B,A,E,A
210064452632,2024,2,F,1,3,1,2,0,1,0,3523107,Itaquaquecetuba,35,SP,D,E,C,C,4,B,C,A,C,D,B,B,B,A,B,B,A,C,B,B,A,E,A
210064452867,2024,3,F,1,3,2,2,0,1,0,3523107,Itaquaquecetuba,35,SP,E,E,C,C,5,B,H,A,B,C,A,A,B,A,A,A,A,B,B,B,B,E,D
210064453223,2024,3,F,1,2,1,2,0,1,0,3523107,Itaquaquecetuba,35,SP,D,E,B,B,5,A,B,A,B,B,A,A,B,A,B,B,A,B,A,A,A,B,A
210064453411,2024,3,M,1,3,1,2,0,1,0,3523107,Itaquaquecetuba,35,SP,C,F,F,E,2,A,E,A,B,B,B,A,B,A,A,A,A,B,B,B,B,C,A
210064457908,2024,3,M,3,1,1,2,0,1,0,3523107,Itaquaquecetuba,35,SP,H,E,C,B,4,A,G,A,C,C,B,A,B,A,B,A,A,C,A,B,A,E,A
210064458148,2024,2,F,1,3,1,2,0,1,0,3523107,Itaquaquecetuba,35,SP,B,H,B,F,3,A,A,A,B,C,A,A,B,A,B,A,A,B,A,B,B,D,A
210064460117,2024,3,F,1,5,3,2,0,1,0,3523107,Itaquaquecetuba,35,SP,C,B,D,D,6,A,C,A,C,D,B,A,B,A,A,B,A,B,B,B,A,D,A
210064461880,2024,2,F,1,1,1,3,0,,1,3523107,Itaquaquecetuba,35,SP,D,G,C,D,5,A,I,A,C,D,C,A,C,A,B,B,B,C,B,B,B,E,A
210064463690,2024,4,F,1,3,1,1,2,,0,3523107,Itaquaquecetuba,35,SP,F,F,B,D,4,A,G,A,B,C,B,B,B,A,B,B,B,C,A,B,C,E,A
210064464902,2024,2,M,1,2,1,2,0,1,0,3523107,Itaquaquecetuba,35,SP,H,E,F,F,3,A,A,A,C,D,B,A,B,B,B,B,B,C,A,B,B,D,A
210064466769,2024,3,F,1,3,1,2,0,1,0,3523107,Itaquaquecetuba,35,SP,D,D,B,B,2,A,B,A,B,C,A,A,B,A,B,B,A,B,A,A,A,B,A
210064471869,2024,3,F,1,1,1,2,0,1,0,3523107,Itaquaquecetuba,35,SP,E,E,B,B,4,A,F,A,B,D,C,B,B,A,B,B,A,C,A,B,B,E,E
210064473108,2024,3,M,1,1,1,2,0,1,0,3523107,Itaquaquecetuba,35,SP,B,E,B,B,4,A,E,A,B,C,A,A,B,A,B,A,A,B,A,B,B,C,A
210064474426,2024,5,F,1,3,1,1,3,,0,3523107,Itaquaquecetuba,35,SP,E,E,B,B,4,A,D,A,B,C,B,A,B,A,B,B,B,C,B,B,B,E,A
210064475468,2024,2,F,0,2,1,2,0,1,0,3523107,Itaquaquecetuba,35,SP,D,D,B,E,3,B,B,A,B,C,B,A,B,A,B,B,A,C,B,B,B,D,A
210064476166,2024,2,M,1,1,1,2,0,1,0,3523107,Itaquaquecetuba,35,SP,E,E,B,C,4,A,E,A,B,C,B,A,B,A,B,B,A,B,A,B,A,C,A
210064476493,2024,4,F,1,3,1,1,1,,0,3523107,Itaquaquecetuba,35,SP,D,D,F,F,5,A,B,A,B,C,B,A,B,A,B,A,A,B,A,B,A,D,A
210064481401,2024,6,M,1,1,1,1,4,,0,3523107,Itaquaquecetuba,35,SP,E,E,C,B,5,A,C,A,B,C,B,A,B,A,B,B,A,B,A,B,B,D,E
210064482880,2024,15,M,2,3,1,1,18,,0,3523107,Itaquaquecetuba,35,SP,D,C,C,A,3,B,D,A,C,C,B,A,B,A,A,A,A,C,B,B,B,D,A
210064483611,2024,13,F,2,2,1,1,0,,0,3523107,Itaquaquecetuba,35,SP,A,A,A,A,3,B,D,A,B,C,B,A,B,A,A,A,A,B,A,A,A,D,A
210064484154,2024,3,F,1,2,1,2,0,1,0,3523107,Itaquaquecetuba,35,SP,H,E,F,B,3,B,C,A,B,B,A,A,B,A,B,B,A,B,A,B,A,C,A
210064484848,2024,2,F,1,3,2,3,0,,1,3523107,Itaquaquecetuba,35,SP,E,B,B,B,2,A,A,A,B,C,A,A,B,A,A,B,A,B,A,B,A,B,A
210064484854,2024,3,M,1,2,1,3,0,,1,3523107,Itaquaquecetuba,35,SP,D,E,F,D,4,A,N,B,C,C,B,A,C,B,B,B,A,D,B,B,A,E,D
210064485377,2024,3,F,1,3,1,1,1,,0,3523107,Itaquaquecetuba,35,SP,C,E,C,C,5,B,C,A,B,C,B,A,B,A,B,B,B,B,A,B,A,D,A
210064486146,2024,3,M,1,1,1,2,0,1,0,3523107,Itaquaquecetuba,35,SP,D,F,D,D,3,A,H,A,D,D,B,A,B,A,B,B,A,D,B,B,C,D,D
210064489690,2024,4,F,1,1,1,1,2,,0,3523107,Itaquaquecetuba,35,SP,E,D,C,B,3,B,D,A,B,B,A,A,B,A,A,A,A,A,A,A,A,C,B
210064491349,2024,13,M,1,3,1,1,18,,0,3523107,Itaquaquecetuba,35,SP,C,C,F,F,3,B,C,A,C,D,B,A,B,A,B,B,A,D,A,A,B,D,A
210064491921,2024,2,M,1,1,1,2,0,1,0,3523107,Itaquaquecetuba,35,SP,F,F,C,D,4,A,F,A,C,C,C,A,B,A,B,B,B,C,A,B,C,E,A
210064492436,2024,12,M,2,3,1,1,15,,0,3523107,Itaquaquecetuba,35,SP,B,B,C,A,4,B,F,A,C,D,B,B,B,A,A,B,A,C,B,B,A,D,A
210064492563,2024,10,M,1,2,1,1,8,,0,3523107,Itaquaquecetuba,35,SP,E,C,B,D,3,B,C,A,B,B,A,A,B,A,B,B,A,B,A,B,A,D,A
210064494473,2024,13,M,1,4,1,1,18,,0,3523107,Itaquaquecetuba,35,SP,B,D,D,D,3,B,D,A,B,C,B,A,C,B,B,A,B,B,A,B,B,C,D
210064494782,2024,7,M,1,1,1,1,5,,0,3523107,Itaquaquecetuba,35,SP,E,F,D,B,3,B,F,A,C,C,B,A,B,A,B,B,B,D,A,B,C,E,A
210064497015,2024,1,F,1,3,1,3,0,,1,3523107,Itaquaquecetuba,35,SP,G,G,D,D,5,A,F,A,B,D,B,B,B,A,B,B,A,C,B,B,B,D,A
210064497487,2024,9,F,1,3,1,1,7,,0,3523107,Itaquaquecetuba,35,SP,F,G,D,D,5,A,B,A,B,B,A,A,B,A,A,A,A,B,A,A,A,A,A
210064498968,2024,11,M,1,1,1,1,9,,0,3523107,Itaquaquecetuba,35,SP,C,E,C,B,4,B,I,A,C,C,C,A,B,A,B,B,B,C,A,B,B,E,A
210064499465,2024,2,M,1,3,1,2,0,1,0,3523107,Itaquaquecetuba,35,SP,E,E,B,F,4,A,D,A,B,C,B,A,B,A,B,B,B,C,A,B,B,E,A
210064500083,2024,2,F,1,1,1,3,0,,1,3523107,Itaquaquecetuba,35,SP,E,E,C,C,2,B,E,A,A,C,A,B,B,A,B,B,A,B,A,B,B,E,A
210064500151,2024,11,M,1,1,1,1,9,,0,3523107,Itaquaquecetuba,35,SP,E,D,B,B,2,A,B,A,C,B,A,A,B,A,B,B,A,B,A,B,B,C,A
210064500726,2024,3,M,1,1,1,1,1,,0,3523107,Itaquaquecetuba,35,SP,B,B,C,B,4,B,B,A,C,D,B,A,B,B,B,B,A,B,B,B,C,B,A
210064501576,2024,5,F,1,1,1,1,3,,0,3523107,Itaquaquecetuba,35,SP,E,E,B,C,3,A,B,A,B,C,A,A,B,A,B,B,A,B,B,B,A,C,A
210064503211,2024,3,M,1,3,1,2,0,1,0,3523107,Itaquaquecetuba,35,SP,B,B,C,B,4,A,B,A,B,C,B,A,B,A,B,B,B,C,A,B,A,D,A
210064505418,2024,3,F,1,3,1,1,1,,0,3523107,Itaquaquecetuba,35,SP,E,E,D,F,3,A,B,A,B,C,A,A,B,A,B,B,A,B,B,B,B,D,A
210064505721,2024,3,M,1,2,1,1,1,,0,3523107,Itaquaquecetuba,35,SP,E,D,C,F,5,A,C,A,B,C,B,A,B,A,B,B,A,B,A,B,A,D,A
210064509749,2024,11,F,3,1,1,1,11,,0,3523107,Itaquaquecetuba,35,SP,E,B,C,B,4,B,C,A,B,C,A,A,B,A,A,B,A,B,A,B,A,B,A
210064510660,2024,1,F,1,1,1,3,0,,1,3523107,Itaquaquecetuba,35,SP,E,F,C,D,3,A,C,A,B,C,B,A,B,A,B,B,B,B,A,B,B,D,A
210064511055,2024,15,F,1,2,1,1,18,,0,3523107,Itaquaquecetuba,35,SP,B,B,A,A,3,B,B,A,B,B,A,A,B,A,B,B,B,B,A,B,B,C,A
210064512613,2024,2,F,1,3,1,2,0,1,0,3523107,Itaquaquecetuba,35,SP,E,E,B,B,3,A,A,A,B,B,A,A,B,A,A,B,A,B,A,B,A,C,A
210064513362,2024,3,M,1,3,1,1,1,,0,3523107,Itaquaquecetuba,35,SP,D,D,C,B,5,A,B,A,B,C,A,A,B,A,A,A,A,B,A,B,A,D,A
210064514422,2024,4,M,1,2,1,1,2,,0,3523107,Itaquaquecetuba,35,SP,E,E,C,B,4,A,C,A,B,C,A,A,B,A,B,A,A,B,A,B,B,B,A
210064514635,2024,8,F,1,3,1,1,6,,0,3523107,Itaquaquecetuba,35,SP,D,C,C,B,5,A,F,A,B,B,A,A,B,A,B,A,A,B,A,B,B,E,A
210064514866,2024,1,M,1,1,1,3,0,,1,3523107,Itaquaquecetuba,35,SP,E,E,C,C,4,A,F,A,B,C,B,A,B,A,B,A,A,B,A,B,B,E,A
210064515033,2024,3,F,1,1,1,4,0,,0,3523107,Itaquaquecetuba,35,SP,D,D,F,C,4,A,C,A,B,C,A,A,B,A,B,B,A,B,B,B,B,D,A
210064515728,2024,11,M,1,1,1,1,11,,0,3523107,Itaquaquecetuba,35,SP,F,E,D,B,2,B,F,A,C,C,A,A,B,A,B,B,A,B,A,B,B,C,A
210064516066,2024,2,F,1,1,1,2,0,1,0,3523107,Itaquaquecetuba,35,SP,C,C,F,B,3,B,D,A,C,C,B,A,C,B,B,B,B,C,B,B,C,E,A
210064516134,2024,5,F,1,3,1,2,0,1,0,3523107,Itaquaquecetuba,35,SP,H,C,F,B,4,A,B,A,B,C,C,B,B,A,B,B,B,B,B,B,B,E,A
210064516481,2024,3,F,1,1,1,2,0,1,0,3523107,Itaquaquecetuba,35,SP,D,E,C,C,4,A,C,A,B,C,B,A,B,A,A,A,A,B,A,B,A,D,A
210064518707,2024,16,F,2,3,1,1,0,,0,3523107,Itaquaquecetuba,35,SP,F,B,C,B,3,B,G,A,B,B,A,A,B,A,B,B,A,B,B,B,B,D,A
210064520732,2024,2,M,1,3,1,3,0,,1,3523107,Itaquaquecetuba,35,SP,E,E,C,B,5,A,F,A,B,D,B,A,B,A,B,A,B,C,A,B,B,D,A
210064521599,2024,3,M,1,1,1,2,0,1,0,3523107,Itaquaquecetuba,35,SP,B,E,B,D,3,B,B,A,B,B,A,A,B,B,B,A,A,B,A,B,A,D,A
210064523204,2024,4,M,1,1,1,1,2,,0,3523107,Itaquaquecetuba,35,SP,D,E,C,B,4,B,C,A,B,C,A,A,B,A,B,B,A,B,A,B,B,D,A
210064523352,2024,3,M,1,1,1,2,0,1,0,3523107,Itaquaquecetuba,35,SP,B,B,F,B,5,A,C,A,C,C,B,A,B,A,B,B,A,C,A,B,B,D,A
210064524623,2024,3,F,1,3,1,2,0,1,0,3523107,Itaquaquecetuba,35,SP,E,D,A,B,2,A,B,A,B,B,A,A,B,A,A,A,A,B,A,A,A,A,A
210064524935,2024,2,M,1,3,1,2,0,1,0,3523107,Itaquaquecetuba,35,SP,E,G,C,D,3,A,C,A,B,C,B,A,B,A,B,B,A,B,A,B,B,B,A
210064526958,2024,11,F,1,1,1,1,11,,0,3523107,Itaquaquecetuba,35,SP,C,E,F,B,1,B,B,A,B,B,A,A,B,A,B,B,A,B,A,B,B,B,A
210064527207,2024,11,M,2,3,1,1,0,,0,3523107,Itaquaquecetuba,35,SP,B,B,B,B,3,B,E,A,B,C,A,B,B,A,A,B,A,B,B,B,B,B,A
210064528481,2024,3,M,1,3,1,2,0,1,0,3523107,Itaquaquecetuba,35,SP,E,E,C,F,3,A,C,A,B,C,A,A,B,A,A,B,B,C,A,B,A,D,A
210064530296,2024,1,F,1,3,1,3,0,,1,3523107,Itaquaquecetuba,35,SP,F,E,F,D,4,A,D,A,B,D,B,A,B,B,B,B,B,D,A,B,C,D,D
210064530745,2024,17,F,2,3,1,1,0,,0,3523107,Itaquaquecetuba,35,SP,A,A,A,B,2,B,C,A,B,C,B,A,B,B,B,B,A,B,A,B,A,B,A
210064532005,2024,5,F,1,3,1,1,3,,0,3523107,Itaquaquecetuba,35,SP,B,E,C,B,4,A,B,A,B,C,C,B,B,A,B,B,A,C,B,B,A,C,A
210064532242,2024,3,F,1,3,1,2,0,1,0,3523107,Itaquaquecetuba,35,SP,E,D,B,B,4,A,C,A,B,C,A,A,B,A,B,A,A,B,A,B,A,D,A
210064533595,2024,3,F,1,1,1,2,0,1,0,3523107,Itaquaquecetuba,35,SP,E,D,D,D,8,A,A,A,B,C,B,A,B,A,A,B,A,B,A,B,A,B,A
210064534326,2024,2,M,1,3,1,2,0,1,0,3523107,Itaquaquecetuba,35,SP,C,D,F,C,7,A,C,A,B,C,A,A,B,A,B,B,A,B,A,B,C,E,A
210064534696,2024,1,F,1,1,1,3,0,,1,3523107,Itaquaquecetuba,35,SP,E,E,D,D,4,A,G,A,D,D,C,A,C,A,B,B,B,C,A,B,D,E,A
210064535371,2024,3,M,1,1,1,1,1,,0,3523107,Itaquaquecetuba,35,SP,C,F,D,D,2,A,H,A,A,B,B,A,B,B,B,B,B,A,A,B,C,C,A
210064535859,2024,2,M,1,3,3,2,0,1,0,3523107,Itaquaquecetuba,35,SP,H,E,F,C,5,A,A,A,B,D,A,A,B,A,A,A,B,A,A,B,B,C,A
210064536907,2024,2,F,1,3,1,3,0,,1,3523107,Itaquaquecetuba,35,SP,E,E,C,F,5,B,E,A,B,C,B,A,B,B,B,B,A,B,A,B,A,E,A
210064537596,2024,3,M,1,3,1,1,1,,0,3523107,Itaquaquecetuba,35,SP,F,G,D,D,4,A,I,A,C,D,C,A,B,A,B,B,B,B,A,B,C,D,A
210064538025,2024,12,F,1,3,1,1,14,,0,3523107,Itaquaquecetuba,35,SP,A,A,A,A,6,B,B,A,B,C,A,A,B,A,A,A,A,B,A,B,A,C,A
210064539381,2024,2,F,1,3,1,2,0,1,0,3523107,Itaquaquecetuba,35,SP,E,D,F,F,6,A,A,A,B,B,B,A,B,A,B,A,A,A,A,B,A,C,A
210064540281,2024,3,F,1,2,1,2,0,1,0,3523107,Itaquaquecetuba,35,SP,F,E,B,C,4,A,F,A,B,C,B,A,B,A,B,B,B,B,A,B,B,D,A
210064541166,2024,3,M,1,1,1,2,0,1,0,3523107,Itaquaquecetuba,35,SP,H,E,D,D,3,A,E,A,B,C,A,A,B,A,A,B,A,B,A,B,A,B,A
210064541324,2024,3,F,1,3,1,1,1,,0,3523107,Itaquaquecetuba,35,SP,D,E,A,B,3,A,B,A,B,B,A,A,B,A,A,A,A,B,A,B,A,C,A
210064541606,2024,3,F,1,2,1,2,0,1,0,3523107,Itaquaquecetuba,35,SP,B,B,C,B,4,A,B,A,B,C,A,A,B,A,A,A,A,B,A,B,B,D,A
210064542945,2024,2,F,1,1,1,2,0,1,0,3523107,Itaquaquecetuba,35,SP,B,A,C,F,6,A,A,A,A,A,A,A,A,A,A,A,A,A,A,A,A,A,A
210064544061,2024,11,F,2,1,1,1,10,,0,3523107,Itaquaquecetuba,35,SP,E,E,C,B,3,A,C,A,B,B,B,A,B,A,A,B,A,B,A,B,B,C,A
210064544532,2024,2,F,1,1,1,2,0,1,0,3523107,Itaquaquecetuba,35,SP,E,B,B,B,3,B,C,A,B,C,A,A,B,A,B,A,A,B,A,B,A,C,A
210064545837,2024,6,F,1,1,1,1,3,,0,3523107,Itaquaquecetuba,35,SP,H,E,F,D,3,A,D,A,C,C,B,A,B,A,B,B,A,C,A,A,B,D,A
210064546570,2024,12,M,1,3,1,1,16,,0,3523107,Itaquaquecetuba,35,SP,B,E,C,B,1,A,A,A,B,C,A,A,B,A,B,B,A,C,A,A,B,B,A
210064546982,2024,2,F,1,3,1,2,0,1,0,3523107,Itaquaquecetuba,35,SP,B,E,C,F,7,A,D,A,D,D,D,B,D,A,B,A,B,D,B,B,C,E,A
210064549547,2024,5,F,1,1,1,1,2,,0,3523107,Itaquaquecetuba,35,SP,H,C,C,B,4,B,C,A,C,C,B,A,B,A,A,B,A,B,B,B,B,D,A
210064549595,2024,3,M,1,3,1,2,0,1,0,3523107,Itaquaquecetuba,35,SP,E,E,C,B,4,A,D,A,B,C,A,A,A,A,B,B,A,A,A,B,B,D,A
210064552119,2024,3,M,0,1,1,2,0,1,0,3523107,Itaquaquecetuba,35,SP,E,G,C,B,4,A,F,A,C,C,B,A,B,A,B,B,B,D,B,B,A,E,A
210064552567,2024,9,F,1,1,1,1,7,,0,3523107,Itaquaquecetuba,35,SP,E,E,F,B,2,A,B,A,C,B,A,A,B,A,B,B,A,C,A,B,B,B,A
210064553708,2024,2,F,1,1,1,3,0,,1,3523107,Itaquaquecetuba,35,SP,C,E,B,C,5,B,F,A,B,C,B,A,C,A,A,B,A,C,B,B,B,E,A
210064553896,2024,1,F,1,1,1,3,0,,1,3523107,Itaquaquecetuba,35,SP,B,F,A,D,4,A,B,A,B,C,A,A,B,A,B,A,A,B,A,B,B,E,C
210064554243,2024,4,M,1,2,1,1,2,,0,3523107,Itaquaquecetuba,35,SP,H,E,F,B,4,B,G,A,C,C,B,A,B,A,B,B,A,C,A,B,C,D,A
210064558563,2024,10,M,1,3,1,1,8,,0,3523107,Itaquaquecetuba,35,SP,B,E,C,B,4,B,D,A,B,D,B,A,B,A,B,A,A,C,A,B,A,D,A
210064558643,2024,3,M,1,1,1,2,0,1,0,3523107,Itaquaquecetuba,35,SP,E,E,F,F,4,A,E,A,B,C,B,A,B,A,B,A,A,B,A,B,A,D,A
210064560488,2024,4,M,1,1,1,1,2,,0,3523107,Itaquaquecetuba,35,SP,E,E,C,C,6,B,F,A,B,D,B,A,B,A,B,B,A,B,A,B,B,E,A
210064562027,2024,2,M,1,2,1,2,0,1,0,3523107,Itaquaquecetuba,35,SP,H,B,F,B,2,B,B,A,B,B,A,A,B,A,B,B,B,A,A,B,B,B,A
210064563612,2024,4,M,1,3,1,1,2,,0,3523107,Itaquaquecetuba,35,SP,H,C,F,C,4,B,D,A,B,B,A,A,B,B,B,A,A,B,A,B,A,E,A
210064565000,2024,3,F,1,1,1,1,1,,0,3523107,Itaquaquecetuba,35,SP,C,B,B,B,3,A,B,A,B,B,B,A,B,A,A,B,A,B,A,B,A,C,A
210064567431,2024,3,M,0,3,2,2,0,1,0,3523107,Itaquaquecetuba,35,SP,B,D,B,C,3,B,E,A,C,D,B,A,B,A,B,B,A,B,A,B,A,D,A
210064567590,2024,11,M,0,3,1,2,0,,0,3523107,Itaquaquecetuba,35,SP,C,C,B,B,2,B,D,A,B,B,B,A,B,A,A,B,A,B,A,B,A,B,A
210064568441,2024,2,M,1,3,1,3,0,,1,3523107,Itaquaquecetuba,35,SP,D,E,B,D,6,A,F,A,D,D,C,A,C,B,B,B,A,D,A,B,C,E,A
210064570954,2024,11,M,2,3,1,1,10,,0,3523107,Itaquaquecetuba,35,SP,B,D,A,A,4,B,E,A,B,B,B,A,B,A,B,B,A,B,A,B,B,D,A
210064571239,2024,2,M,1,1,1,3,0,,1,3523107,Itaquaquecetuba,35,SP,D,E,D,F,4,A,E,A,C,D,B,A,B,B,B,B,B,C,B,B,A,C,A
210064572654,2024,4,M,1,4,1,2,0,1,0,3523107,Itaquaquecetuba,35,SP,H,E,F,C,2,A,B,A,B,B,A,A,B,A,B,B,A,A,A,B,A,C,A
210064574450,2024,4,M,1,1,1,1,2,,0,3523107,Itaquaquecetuba,35,SP,F,E,E,B,4,A,D,A,C,C,B,A,B,A,B,B,B,B,A,B,C,E,A
210064575267,2024,2,M,1,2,2,3,0,,1,3523107,Itaquaquecetuba,35,SP,G,E,E,B,5,A,E,A,C,C,B,A,B,A,B,B,B,B,A,B,B,B,D
210064576216,2024,5,F,1,3,1,1,2,,0,3523107,Itaquaquecetuba,35,SP,C,D,C,B,4,A,C,A,B,C,A,A,B,A,A,A,A,B,A,B,A,E,A
210064580504,2024,2,M,1,3,1,2,0,1,0,3523107,Itaquaquecetuba,35,SP,E,E,F,F,4,A,D,A,B,B,B,A,B,A,B,B,A,B,A,B,B,E,A
210064581315,2024,2,M,0,1,1,2,0,1,0,3523107,Itaquaquecetuba,35,SP,H,H,F,F,5,A,A,A,C,D,C,A,C,A,B,B,A,C,A,B,C,E,A
210064582552,2024,1,F,1,3,1,4,0,,0,3523107,Itaquaquecetuba,35,SP,B,E,D,D,4,A,D,A,C,C,B,A,B,A,B,A,A,B,A,B,B,E,F
210064582684,2024,3,F,1,1,1,1,1,,0,3523107,Itaquaquecetuba,35,SP,F,G,C,D,4,A,H,A,B,C,B,A,B,A,B,A,A,B,A,B,B,E,E
210064583256,2024,11,F,1,1,1,1,8,,0,3523107,Itaquaquecetuba,35,SP,B,D,F,B,1,A,A,A,B,C,A,A,B,A,B,B,B,B,A,B,B,B,A
210064583718,2024,3,F,1,3,1,1,1,,0,3523107,Itaquaquecetuba,35,SP,E,D,B,B,4,A,C,A,B,C,A,A,B,A,B,B,A,B,A,B,A,D,A
210064584954,2024,3,F,1,2,1,2,0,1,0,3523107,Itaquaquecetuba,35,SP,D,E,C,C,4,A,C,A,B,D,A,A,B,A,B,B,A,C,A,B,A,E,A
210064585014,2024,8,M,1,1,1,1,7,,0,3523107,Itaquaquecetuba,35,SP,B,C,C,F,2,B,B,A,B,B,B,B,B,A,A,A,A,B,A,A,A,B,A
210064585214,2024,9,M,1,3,1,1,7,,0,3523107,Itaquaquecetuba,35,SP,E,B,B,A,3,A,C,A,C,C,A,A,B,A,B,B,A,A,A,B,B,B,A
210064586029,2024,13,M,1,3,1,1,18,,0,3523107,Itaquaquecetuba,35,SP,B,C,A,B,1,A,A,A,B,B,A,A,B,A,B,B,A,B,A,B,B,B,A
210064587211,2024,7,F,1,2,1,1,5,,0,3523107,Itaquaquecetuba,35,SP,C,E,A,D,1,B,C,A,B,B,A,A,B,A,A,A,A,A,A,A,B,B,A
210064587299,2024,11,M,3,3,1,1,0,,0,3523107,Itaquaquecetuba,35,SP,E,C,D,F,3,A,D,A,B,C,B,B,B,A,B,B,B,C,A,B,B,B,A
210064589652,2024,5,F,1,2,1,1,3,,0,3523107,Itaquaquecetuba,35,SP,B,B,C,F,6,A,D,A,B,B,A,A,B,A,B,A,A,B,A,B,A,C,A
210064591672,2024,3,F,1,3,1,1,1,,0,3523107,Itaquaquecetuba,35,SP,F,E,D,D,4,A,G,A,C,C,A,A,B,A,B,B,A,B,A,B,B,E,A
210064592228,2024,2,F,1,1,1,2,0,1,0,3523107,Itaquaquecetuba,35,SP,E,D,C,B,2,A,B,A,D,C,B,B,B,B,B,B,B,C,B,B,B,D,A
210064594286,2024,4,F,1,1,1,1,2,,0,3523107,Itaquaquecetuba,35,SP,E,D,B,B,2,B,B,A,B,C,A,A,B,A,B,B,A,B,A,B,A,B,A
210064594492,2024,12,F,1,1,1,1,0,,0,3523107,Itaquaquecetuba,35,SP,B,C,C,B,3,A,A,A,B,C,A,A,B,A,B,B,A,B,A,B,A,B,A
210064599608,2024,2,F,1,3,1,2,0,1,0,3523107,Itaquaquecetuba,35,SP,D,B,D,B,6,A,B,A,B,D,B,A,B,A,B,B,A,B,A,B,C,E,A
210064599704,2024,1,F,1,1,1,3,0,,1,3523107,Itaquaquecetuba,35,SP,D,E,C,B,3,A,E,A,B,C,B,A,B,A,B,B,A,B,A,B,A,D,A
210064600850,2024,3,F,1,1,1,2,0,1,0,3523107,Itaquaquecetuba,35,SP,D,D,D,B,4,A,E,A,C,C,B,A,C,B,B,A,A,C,A,B,B,E,A
210064600884,2024,2,M,1,2,1,2,0,1,0,3523107,Itaquaquecetuba,35,SP,B,D,F,B,2,A,A,A,C,C,A,A,B,A,B,B,A,B,A,B,A,C,A
210064601872,2024,3,F,1,1,1,2,0,1,0,3523107,Itaquaquecetuba,35,SP,E,E,C,D,4,B,F,A,B,C,B,A,B,A,B,B,A,D,A,B,A,E,A
210064603182,2024,4,F,1,2,1,1,2,,0,3523107,Itaquaquecetuba,35,SP,D,E,B,B,5,A,C,A,B,B,A,A,B,A,A,B,A,B,A,B,A,C,A
210064604760,2024,5,F,1,3,1,1,1,,0,3523107,Itaquaquecetuba,35,SP,E,E,C,B,3,A,C,A,B,C,A,A,B,A,B,B,A,B,A,B,A,B,A
210064610654,2024,5,F,1,3,1,1,1,,0,3523107,Itaquaquecetuba,35,SP,C,F,B,B,2,B,B,A,B,B,A,A,B,A,A,A,A,A,A,B,A,D,A
210064610700,2024,3,F,1,3,1,1,0,,0,3523107,Itaquaquecetuba,35,SP,E,D,C,B,5,A,F,A,B,C,B,A,B,A,B,B,B,B,A,B,B,E,A
210064611114,2024,2,F,1,1,1,2,0,1,0,3523107,Itaquaquecetuba,35,SP,H,E,F,B,2,B,C,A,B,B,A,A,B,A,B,A,A,B,B,B,A,B,A
210064612794,2024,9,F,1,3,1,1,7,,0,3523107,Itaquaquecetuba,35,SP,H,C,B,B,3,B,B,A,C,D,A,A,B,A,B,A,A,B,A,B,A,C,A
210064617128,2024,16,M,3,1,1,1,18,,0,3523107,Itaquaquecetuba,35,SP,E,G,E,D,1,B,P,A,B,C,B,A,B,B,B,B,B,B,B,B,D,B,D
210064617629,2024,3,F,1,3,1,2,0,1,0,3523107,Itaquaquecetuba,35,SP,E,E,C,F,6,B,C,A,B,B,A,A,B,A,A,A,A,B,A,B,A,C,A
210064619667,2024,7,F,1,3,1,1,5,,0,3523107,Itaquaquecetuba,35,SP,A,D,C,B,3,A,C,A,B,C,A,A,B,A,B,A,B,B,A,B,B,D,A
210064621808,2024,2,M,1,3,1,3,0,,1,3523107,Itaquaquecetuba,35,SP,D,G,C,E,4,A,F,A,B,C,B,A,B,A,B,B,A,C,A,B,C,B,A
210064628400,2024,3,F,1,1,1,2,0,1,0,3523107,Itaquaquecetuba,35,SP,E,E,A,B,3,A,C,A,B,C,A,A,B,A,B,A,A,B,A,B,A,B,A
210064629037,2024,3,M,1,1,1,2,0,1,0,3523107,Itaquaquecetuba,35,SP,D,E,C,B,4,B,D,A,C,C,A,A,B,A,B,B,A,C,A,B,B,D,A
210064632483,2024,2,F,1,3,1,2,0,1,0,3523107,Itaquaquecetuba,35,SP,C,E,C,B,3,B,D,A,B,D,B,A,B,A,B,B,A,C,A,B,A,B,A
210064632629,2024,3,F,1,1,1,2,0,1,0,3523107,Itaquaquecetuba,35,SP,E,E,B,B,5,A,C,A,B,B,A,A,B,A,B,A,A,B,A,B,A,B,A
210064638556,2024,3,F,1,3,1,2,0,1,0,3523107,Itaquaquecetuba,35,SP,B,E,C,F,2,B,B,A,B,B,A,A,B,A,A,A,A,B,A,B,A,B,A
210064639381,2024,3,M,1,1,1,2,0,1,0,3523107,Itaquaquecetuba,35,SP,C,E,B,B,5,A,B,A,B,B,A,A,B,A,A,A,A,A,A,A,A,B,A
210064640174,2024,3,M,1,1,1,1,2,,0,3523107,Itaquaquecetuba,35,SP,D,E,B,B,3,A,B,A,B,C,A,A,B,A,B,B,A,B,A,B,A,C,A
210064641282,2024,8,M,1,1,1,1,6,,0,3523107,Itaquaquecetuba,35,SP,C,B,C,F,3,A,H,A,D,D,B,A,B,A,B,B,B,C,A,B,B,D,A
210064643868,2024,3,M,1,1,1,2,0,1,0,3523107,Itaquaquecetuba,35,SP,F,F,E,E,3,A,K,B,C,D,C,A,B,B,B,B,A,D,A,B,C,E,D
210064643873,2024,2,M,1,4,1,2,0,1,0,3523107,Itaquaquecetuba,35,SP,H,E,C,C,2,A,E,A,B,C,C,A,B,A,B,B,B,D,B,B,C,E,A
210064645961,2024,4,M,1,3,1,1,2,,0,3523107,Itaquaquecetuba,35,SP,H,H,C,B,4,B,I,A,B,C,B,A,B,A,B,B,B,D,B,B,B,E,A
210064646052,2024,2,F,1,1,1,2,0,1,0,3523107,Itaquaquecetuba,35,SP,B,E,B,B,4,A,C,A,B,C,B,A,B,A,B,B,A,B,A,B,A,B,A
210064649891,2024,2,M,1,1,1,3,0,,1,3523107,Itaquaquecetuba,35,SP,E,E,D,D,4,A,I,A,C,D,B,A,B,A,B,B,B,C,A,B,B,E,D
210064651383,2024,3,F,1,3,1,2,0,1,0,3523107,Itaquaquecetuba,35,SP,H,F,B,B,3,A,B,A,B,B,A,A,B,A,A,A,A,A,A,A,A,C,A
210064652526,2024,10,M,1,2,1,1,0,,0,3523107,Itaquaquecetuba,35,SP,E,E,F,B,2,B,B,A,B,C,A,A,B,A,B,B,B,C,A,B,B,C,A
210064654619,2024,6,F,1,1,1,1,3,,0,3523107,Itaquaquecetuba,35,SP,E,F,D,D,5,A,G,A,C,C,B,A,B,A,B,B,A,C,A,B,C,E,A
210064655295,2024,3,F,1,3,1,2,0,1,0,3523107,Itaquaquecetuba,35,SP,E,D,B,B,3,A,C,A,B,C,A,A,B,A,B,B,A,C,A,B,A,E,A
210064657035,2024,3,F,1,3,1,2,0,1,0,3523107,Itaquaquecetuba,35,SP,C,H,E,B,4,A,H,A,B,D,C,A,C,A,B,B,B,D,A,B,B,E,D
210064657401,2024,1,F,1,3,1,4,0,,0,3523107,Itaquaquecetuba,35,SP,E,E,D,F,3,A,H,A,B,C,B,A,B,B,B,B,B,B,B,B,B,C,A
210064657661,2024,3,M,1,1,1,2,0,1,0,3523107,Itaquaquecetuba,35,SP,H,H,F,F,4,A,F,A,B,B,A,A,B,A,B,A,A,B,B,B,C,C,A
210064658754,2024,2,F,1,1,1,2,0,1,0,3523107,Itaquaquecetuba,35,SP,D,D,C,F,2,B,C,A,B,C,A,A,B,A,B,B,A,B,B,B,A,B,A
210064660376,2024,2,M,1,3,1,2,0,2,0,3523107,Itaquaquecetuba,35,SP,F,F,D,D,2,A,E,A,B,C,A,A,B,A,B,B,A,B,B,B,B,C,B
210064661757,2024,3,F,1,3,1,2,0,1,0,3523107,Itaquaquecetuba,35,SP,E,E,C,C,6,A,D,A,C,C,B,A,B,A,B,B,A,B,A,B,A,D,A
210064663409,2024,11,F,1,2,1,1,11,,0,3523107,Itaquaquecetuba,35,SP,H,D,F,B,3,A,B,A,B,C,A,A,B,A,B,B,A,B,A,B,B,D,A
210064667287,2024,3,F,1,3,1,2,0,1,0,3523107,Itaquaquecetuba,35,SP,F,E,F,B,5,A,C,A,B,B,A,A,B,A,A,A,A,B,A,B,A,D,A
210064667828,2024,14,F,1,1,1,1,18,,0,3523107,Itaquaquecetuba,35,SP,A,C,F,F,1,A,B,A,B,C,A,A,B,A,B,A,A,A,A,B,A,B,A
210064667961,2024,3,F,1,3,1,2,0,1,0,3523107,Itaquaquecetuba,35,SP,D,B,C,C,2,A,B,A,B,B,A,A,B,A,A,A,A,B,A,A,A,C,A
210064670247,2024,6,M,1,1,1,1,3,,0,3523107,Itaquaquecetuba,35,SP,D,E,D,D,1,B,B,A,B,C,A,A,B,A,B,B,A,B,A,B,A,B,A
210064670575,2024,4,F,1,1,1,1,1,,0,3523107,Itaquaquecetuba,35,SP,E,G,C,A,3,A,J,A,B,C,B,A,B,A,A,A,A,B,A,A,B,C,A
210064671144,2024,2,F,1,1,1,2,0,1,0,3523107,Itaquaquecetuba,35,SP,E,E,C,B,4,A,D,A,B,C,A,B,B,A,B,B,A,B,B,B,A,D,A
210064673262,2024,3,M,1,2,1,2,0,1,0,3523107,Itaquaquecetuba,35,SP,E,E,B,C,5,B,E,A,B,D,A,A,B,A,B,B,A,C,B,B,B,E,A
210064676045,2024,5,F,1,1,1,1,3,,0,3523107,Itaquaquecetuba,35,SP,D,E,C,B,3,A,B,A,B,B,B,B,B,A,A,A,A,B,A,A,A,D,A
210064676255,2024,13,F,1,3,1,1,18,,0,3523107,Itaquaquecetuba,35,SP,B,B,C,B,2,B,B,A,B,C,A,A,B,A,B,B,A,B,A,B,B,B,A
210064676450,2024,3,M,1,5,1,2,0,1,0,3523107,Itaquaquecetuba,35,SP,C,D,C,F,3,A,C,A,B,C,B,A,B,A,B,A,A,A,A,B,B,D,A
210064676985,2024,3,M,1,3,1,2,0,1,0,3523107,Itaquaquecetuba,35,SP,D,E,F,C,4,A,B,A,C,C,B,A,B,A,B,B,A,A,A,B,B,C,A
210064677419,2024,3,M,1,3,1,1,1,,0,3523107,Itaquaquecetuba,35,SP,D,E,C,B,2,A,D,A,B,B,A,A,B,A,A,B,A,B,A,B,A,C,A
210064678367,2024,2,F,1,3,1,3,0,,1,3523107,Itaquaquecetuba,35,SP,E,E,F,D,5,A,D,A,B,D,A,A,B,A,B,A,A,B,B,B,B,D,A
210064682290,2024,14,F,2,1,1,1,18,,0,3523107,Itaquaquecetuba,35,SP,D,E,B,B,4,B,C,A,B,C,A,A,B,A,A,B,A,B,A,B,B,D,A
210064683674,2024,3,F,1,1,1,2,0,1,0,3523107,Itaquaquecetuba,35,SP,E,D,B,B,4,A,B,A,B,C,B,B,B,A,B,A,B,B,A,B,A,D,A
210064683709,2024,2,M,1,1,0,2,0,1,0,3523107,Itaquaquecetuba,35,SP,E,E,F,B,4,A,F,A,D,D,B,B,B,B,B,B,B,C,A,B,B,D,A
210064684834,2024,3,F,1,3,1,2,0,1,0,3523107,Itaquaquecetuba,35,SP,F,E,E,B,6,A,F,A,C,D,B,A,B,A,B,B,A,B,A,B,B,E,A
210064684858,2024,2,F,1,3,1,2,0,1,0,3523107,Itaquaquecetuba,35,SP,E,E,D,D,4,A,D,A,B,C,B,A,B,A,B,A,A,B,A,B,B,C,A
210064684867,2024,3,F,1,1,1,2,0,1,0,3523107,Itaquaquecetuba,35,SP,B,C,C,B,3,A,B,A,B,B,A,A,B,A,A,A,A,B,A,A,A,B,A
210064685259,2024,11,F,1,3,1,1,9,,0,3523107,Itaquaquecetuba,35,SP,B,B,C,B,4,A,A,A,B,B,A,A,B,A,A,A,A,B,A,A,A,A,A
210064685287,2024,4,M,0,2,1,2,0,2,0,3523107,Itaquaquecetuba,35,SP,E,E,C,C,3,A,C,A,B,C,B,A,B,B,B,B,B,C,A,B,A,D,A
210064685991,2024,3,M,1,1,1,2,0,1,0,3523107,Itaquaquecetuba,35,SP,D,E,C,C,7,B,C,A,C,C,A,A,B,B,B,A,A,B,A,B,B,D,A
210064686387,2024,7,F,0,1,1,1,5,,0,3523107,Itaquaquecetuba,35,SP,B,D,C,B,3,B,B,A,B,B,A,A,B,A,A,A,A,B,A,A,A,C,A
210064687840,2024,2,F,1,1,1,2,0,1,0,3523107,Itaquaquecetuba,35,SP,C,E,C,E,4,A,F,A,B,C,B,A,B,B,B,B,A,C,B,B,C,D,A
210064689059,2024,2,F,1,1,1,2,0,1,0,3523107,Itaquaquecetuba,35,SP,E,E,F,B,3,A,D,A,B,C,B,A,B,B,B,B,A,B,A,B,B,B,A
210064689320,2024,3,F,1,3,1,2,0,1,0,3523107,Itaquaquecetuba,35,SP,E,E,D,F,3,A,E,A,B,C,B,A,B,A,B,B,A,B,A,B,B,D,D
210064689565,2024,3,M,1,1,1,2,0,1,0,3523107,Itaquaquecetuba,35,SP,E,E,C,C,4,A,D,A,B,D,B,B,C,B,B,B,B,D,A,B,B,D,A
210064689877,2024,2,F,1,3,1,2,0,1,0,3523107,Itaquaquecetuba,35,SP,E,D,B,B,2,A,C,A,B,B,A,A,B,A,B,B,B,B,A,B,A,B,A
210064689989,2024,2,M,1,2,1,2,0,1,0,3523107,Itaquaquecetuba,35,SP,E,E,F,C,4,B,E,A,B,C,B,A,B,A,A,A,B,A,A,B,A,D,A
210064690953,2024,2,M,1,1,1,2,0,1,0,3523107,Itaquaquecetuba,35,SP,D,E,B,B,4,B,B,A,B,B,A,A,B,B,B,B,A,B,A,B,A,C,A
210064691626,2024,1,F,1,1,1,3,0,,1,3523107,Itaquaquecetuba,35,SP,F,E,D,B,3,A,B,A,B,B,A,A,B,A,A,B,A,B,A,B,A,C,A
210064693494,2024,11,M,2,2,1,1,10,,0,3523107,Itaquaquecetuba,35,SP,D,B,B,B,3,A,E,A,C,D,A,A,B,A,B,B,A,B,A,B,A,D,A
210064694899,2024,3,F,1,1,1,2,0,1,0,3523107,Itaquaquecetuba,35,SP,F,F,D,B,4,A,D,A,C,D,A,A,B,A,B,B,B,C,A,B,B,E,A
210064695022,2024,2,F,1,2,1,2,0,1,0,3523107,Itaquaquecetuba,35,SP,H,F,C,D,3,A,B,A,B,B,A,A,B,A,B,A,A,B,A,A,B,B,A
210064695973,2024,1,F,1,2,1,3,0,,1,3523107,Itaquaquecetuba,35,SP,E,G,C,D,4,A,G,A,B,C,B,A,B,A,A,B,A,D,A,B,B,E,A
210064696648,2024,13,F,3,3,1,1,18,,0,3523107,Itaquaquecetuba,35,SP,B,E,F,B,4,A,A,A,B,B,A,A,B,A,B,B,A,B,A,B,A,B,A
210064696990,2024,2,F,1,2,1,2,0,1,0,3523107,Itaquaquecetuba,35,SP,E,E,B,C,4,B,E,A,B,C,B,A,B,A,B,B,A,B,A,B,A,D,A
210064698929,2024,14,F,3,2,1,1,18,,0,3523107,Itaquaquecetuba,35,SP,B,B,C,B,3,B,C,A,B,C,C,A,B,A,B,B,A,C,A,B,B,D,A
210064701276,2024,3,F,1,2,1,2,0,1,0,3523107,Itaquaquecetuba,35,SP,B,E,F,B,4,B,A,A,B,C,A,A,B,A,B,A,A,C,B,B,A,E,A
210064707485,2024,8,M,1,0,1,1,6,,0,3523107,Itaquaquecetuba,35,SP,B,B,C,B,5,B,F,A,B,C,B,A,B,A,B,A,A,A,A,B,B,D,A
210064709103,2024,10,M,2,2,1,1,8,,0,3523107,Itaquaquecetuba,35,SP,B,B,B,B,2,A,C,A,B,C,A,A,B,A,B,B,A,B,A,B,A,C,A
210064710823,2024,4,F,1,3,1,2,0,1,0,3523107,Itaquaquecetuba,35,SP,B,E,C,A,5,A,C,A,B,C,A,A,B,A,B,B,A,B,A,B,A,A,A
210064714220,2024,14,F,2,3,1,1,18,,0,3523107,Itaquaquecetuba,35,SP,A,A,B,B,3,A,C,A,B,C,A,A,B,A,A,A,A,B,A,B,A,D,A
210064715048,2024,3,F,1,3,1,2,0,1,0,3523107,Itaquaquecetuba,35,SP,B,C,D,B,4,A,B,A,B,B,A,A,B,A,A,A,A,B,A,B,A,B,A
210064715055,2024,16,F,1,1,1,1,18,,0,3523107,Itaquaquecetuba,35,SP,E,E,B,B,3,B,B,A,B,B,A,A,B,A,A,A,A,B,A,A,A,B,A
210064715083,2024,2,F,1,3,1,2,0,1,0,3523107,Itaquaquecetuba,35,SP,E,E,C,B,3,A,B,A,B,A,A,A,B,A,B,A,A,B,A,B,A,C,A
210064716101,2024,3,F,1,1,1,2,0,1,0,3523107,Itaquaquecetuba,35,SP,E,E,F,C,4,A,D,A,B,B,A,A,B,A,B,B,A,B,A,B,B,D,A
210064718449,2024,10,F,1,3,1,1,7,,0,3523107,Itaquaquecetuba,35,SP,E,E,B,B,3,B,C,A,B,C,B,A,B,A,B,B,A,B,A,B,B,D,A
210064718777,2024,2,F,1,1,1,2,0,1,0,3523107,Itaquaquecetuba,35,SP,E,E,F,D,4,A,B,A,B,D,B,B,B,A,B,B,A,B,A,B,A,B,A
210064719468,2024,4,F,1,3,1,1,2,,0,3523107,Itaquaquecetuba,35,SP,D,E,B,B,2,A,B,A,B,B,A,A,B,A,A,A,A,B,A,B,A,B,A
210064719539,2024,4,M,1,3,1,1,2,,0,3523107,Itaquaquecetuba,35,SP,E,E,C,B,5,B,C,A,B,C,A,A,B,A,B,B,A,C,A,B,A,E,A
210064720307,2024,12,F,2,1,1,1,16,,0,3523107,Itaquaquecetuba,35,SP,C,B,C,B,6,A,B,A,B,B,A,A,B,A,B,B,A,B,A,B,A,C,A
210064720428,2024,3,F,1,2,1,2,0,1,0,3523107,Itaquaquecetuba,35,SP,C,B,C,B,2,A,A,A,B,B,A,A,B,A,A,B,A,B,A,B,A,B,A
210064722903,2024,2,F,1,1,1,2,0,1,0,3523107,Itaquaquecetuba,35,SP,B,B,C,C,2,A,E,A,C,C,B,A,B,A,B,B,B,D,A,B,B,D,A
210064724718,2024,2,F,1,3,1,2,0,1,0,3523107,Itaquaquecetuba,35,SP,C,C,C,B,5,A,B,A,B,C,A,A,B,A,B,A,A,B,A,B,B,E,A
210064724756,2024,5,M,1,1,1,1,3,,0,3523107,Itaquaquecetuba,35,SP,C,C,C,B,5,A,F,A,B,C,A,A,B,A,B,B,A,B,A,B,A,E,A
210064725251,2024,11,F,1,3,1,1,0,,0,3523107,Itaquaquecetuba,35,SP,E,E,C,B,4,B,C,A,B,D,B,A,B,A,B,B,A,C,A,B,B,E,A
210064725764,2024,2,F,1,1,1,2,0,1,0,3523107,Itaquaquecetuba,35,SP,B,B,C,B,4,A,B,A,B,B,B,A,B,A,A,A,A,B,A,B,A,C,A
210064726306,2024,3,F,1,3,1,2,0,1,0,3523107,Itaquaquecetuba,35,SP,D,D,C,B,3,A,C,A,C,C,B,A,B,A,B,B,B,B,A,B,A,C,A
210064727536,2024,3,F,1,1,1,1,1,,0,3523107,Itaquaquecetuba,35,SP,C,C,C,B,3,A,B,A,B,B,B,A,B,A,B,A,A,B,A,A,A,C,A
210064727707,2024,13,F,1,3,1,2,0,,0,3523107,Itaquaquecetuba,35,SP,H,H,B,F,2,A,A,A,B,B,A,A,B,B,B,B,A,B,A,B,B,C,A
210064729553,2024,3,F,1,1,1,2,0,1,0,3523107,Itaquaquecetuba,35,SP,H,C,F,F,4,A,F,A,B,C,B,A,B,A,B,B,B,C,B,B,B,D,A
210064732069,2024,3,M,1,2,1,2,0,1,0,3523107,Itaquaquecetuba,35,SP,E,E,B,B,5,A,C,A,B,C,B,B,B,A,B,B,A,C,A,B,B,E,A
210064732434,2024,3,M,1,1,1,2,0,1,0,3523107,Itaquaquecetuba,35,SP,E,E,C,B,4,A,E,A,B,C,B,B,B,A,B,B,B,C,A,B,B,E,A
210064732998,2024,3,M,1,1,1,1,1,,0,3523107,Itaquaquecetuba,35,SP,E,E,C,A,4,A,D,A,C,D,B,A,B,A,B,A,A,B,A,B,A,C,A
210064735464,2024,3,F,1,3,1,2,0,1,0,3523107,Itaquaquecetuba,35,SP,H,E,F,B,5,A,D,A,B,C,B,A,B,A,B,B,A,C,B,B,B,E,A
210064737284,2024,3,F,1,1,1,2,0,1,0,3523107,Itaquaquecetuba,35,SP,D,E,F,F,4,A,B,A,B,C,A,A,B,A,A,A,A,B,A,B,A,C,A
210064739437,2024,2,F,1,3,1,2,0,1,0,3523107,Itaquaquecetuba,35,SP,C,E,C,A,5,A,B,A,B,B,A,A,B,A,A,A,A,B,A,B,A,B,A
210064741077,2024,11,F,0,1,1,1,9,,0,3523107,Itaquaquecetuba,35,SP,B,B,F,F,7,A,B,A,B,B,A,A,B,A,B,A,A,B,A,B,B,B,A
210064741363,2024,11,M,2,3,1,1,12,,0,3523107,Itaquaquecetuba,35,SP,B,B,A,A,3,B,D,A,B,C,B,A,B,A,B,B,A,B,A,B,B,C,A
210064743216,2024,2,F,1,1,1,3,0,,1,3523107,Itaquaquecetuba,35,SP,C,C,C,B,3,B,B,A,B,C,B,A,B,A,A,B,A,B,A,B,B,C,A
210064745023,2024,3,F,1,3,1,2,0,1,0,3523107,Itaquaquecetuba,35,SP,E,E,B,B,2,A,C,A,B,C,A,A,B,A,A,A,A,B,A,B,B,C,A
210064745683,2024,2,F,1,1,1,2,0,1,0,3523107,Itaquaquecetuba,35,SP,E,E,C,D,4,B,E,A,B,C,B,A,B,A,B,A,B,B,A,B,B,E,A
210064746724,2024,17,F,1,1,1,1,18,,0,3523107,Itaquaquecetuba,35,SP,C,D,C,D,2,A,B,A,B,B,A,A,B,A,A,B,A,B,A,B,A,C,A
210064747613,2024,3,M,1,2,1,2,0,1,0,3523107,Itaquaquecetuba,35,SP,E,E,C,B,4,A,E,A,B,C,B,A,B,A,A,A,A,B,A,B,A,E,D
210064750256,2024,3,F,1,2,1,2,0,1,0,3523107,Itaquaquecetuba,35,SP,B,E,F,B,5,A,B,A,B,C,A,A,B,A,B,B,A,B,A,B,A,C,A
210064750296,2024,12,F,1,1,1,1,14,,0,3523107,Itaquaquecetuba,35,SP,C,E,A,D,2,A,C,A,B,B,A,A,B,A,A,A,A,B,A,B,B,B,A
210064752843,2024,3,M,1,1,1,2,0,1,0,3523107,Itaquaquecetuba,35,SP,C,C,F,C,4,A,E,A,C,D,A,A,B,A,B,B,B,D,A,B,A,E,A
210064754148,2024,12,F,1,3,1,1,14,,0,3523107,Itaquaquecetuba,35,SP,E,B,C,B,2,B,F,A,B,C,A,A,C,A,B,A,A,B,A,B,D,C,A
210064755702,2024,3,F,3,1,1,2,0,1,0,3523107,Itaquaquecetuba,35,SP,E,D,A,B,3,A,A,A,B,C,B,A,B,A,B,A,A,B,A,B,A,D,A
210064756074,2024,8,F,0,1,1,1,6,,0,3523107,Itaquaquecetuba,35,SP,C,E,B,D,2,B,C,A,B,C,A,A,B,A,B,B,A,B,A,B,B,C,A
210064757064,2024,2,M,1,3,1,2,0,1,0,3523107,Itaquaquecetuba,35,SP,E,E,B,C,4,A,E,A,C,D,B,B,B,A,B,B,B,D,A,B,B,D,A
210064758924,2024,9,F,1,1,1,1,7,,0,3523107,Itaquaquecetuba,35,SP,E,E,D,D,9,A,G,A,D,D,A,A,B,A,B,B,B,C,A,B,B,E,A
210064759269,2024,3,M,1,3,1,2,0,1,0,3523107,Itaquaquecetuba,35,SP,E,E,B,F,2,A,B,A,B,C,A,A,B,A,A,B,A,B,A,A,B,B,A
210064759863,2024,5,M,1,2,1,1,2,,0,3523107,Itaquaquecetuba,35,SP,F,E,C,C,4,B,F,A,B,C,B,A,B,A,B,B,A,B,A,B,B,E,A
210064760177,2024,4,F,1,1,1,1,2,,0,3523107,Itaquaquecetuba,35,SP,C,C,C,B,2,B,C,A,B,B,B,B,B,A,B,A,B,B,A,B,C,B,A
210064760349,2024,11,F,1,3,1,1,7,,0,3523107,Itaquaquecetuba,35,SP,C,D,F,B,7,B,C,A,B,D,B,A,C,A,B,A,A,C,A,B,A,D,A
210064761441,2024,2,M,1,2,1,2,0,1,0,3523107,Itaquaquecetuba,35,SP,D,E,C,B,4,A,B,A,B,B,A,B,A,A,A,B,A,B,A,B,A,B,A
210064761883,2024,3,M,1,1,1,2,0,1,0,3523107,Itaquaquecetuba,35,SP,H,G,D,D,2,A,H,B,C,C,B,A,B,A,B,B,B,B,A,B,C,C,A
210064762757,2024,4,F,1,3,1,2,0,1,0,3523107,Itaquaquecetuba,35,SP,E,E,B,B,5,A,A,A,B,B,A,A,B,A,A,A,A,B,A,B,A,C,A
210064764769,2024,6,F,1,3,1,1,3,,0,3523107,Itaquaquecetuba,35,SP,D,C,C,B,6,A,H,A,B,C,A,A,B,A,B,B,A,B,B,B,C,E,A
210064767476,2024,6,F,1,1,1,1,3,,0,3523107,Itaquaquecetuba,35,SP,E,E,C,B,3,A,E,A,C,C,B,A,B,A,B,B,A,B,A,B,A,B,A
210064767968,2024,2,F,1,1,1,2,0,1,0,3523107,Itaquaquecetuba,35,SP,E,E,F,F,3,B,C,A,C,C,B,A,B,B,B,B,A,B,A,B,A,D,A
210064768237,2024,3,F,1,3,1,1,1,,0,3523107,Itaquaquecetuba,35,SP,E,B,B,F,3,A,B,A,B,B,B,A,B,B,B,B,A,B,A,B,B,B,A
210064771885,2024,11,F,1,3,1,1,9,,0,3523107,Itaquaquecetuba,35,SP,C,C,A,A,1,A,B,A,B,B,A,A,B,A,B,A,A,A,A,A,A,B,A
210064772016,2024,10,F,1,2,1,1,7,,0,3523107,Itaquaquecetuba,35,SP,B,B,B,B,3,B,D,A,B,B,A,A,B,A,B,A,A,A,A,B,A,A,A
210064773128,2024,14,F,0,1,1,1,18,,0,3523107,Itaquaquecetuba,35,SP,B,B,B,B,4,A,E,A,B,C,B,A,B,A,B,A,B,B,B,B,B,C,A
210064774993,2024,13,M,1,1,1,1,17,,0,3523107,Itaquaquecetuba,35,SP,B,B,D,D,2,A,B,A,B,B,A,A,B,A,B,B,A,B,A,B,B,B,D
210064775111,2024,3,F,1,3,1,2,0,1,0,3523107,Itaquaquecetuba,35,SP,H,D,F,D,3,B,K,A,B,A,C,A,B,A,B,B,A,B,B,B,A,D,A
210064775186,2024,13,F,1,1,1,1,17,,0,3523107,Itaquaquecetuba,35,SP,A,B,A,A,1,B,B,A,B,B,A,A,B,A,B,B,A,B,A,A,A,B,A
210064777248,2024,3,M,1,0,1,2,0,1,0,3523107,Itaquaquecetuba,35,SP,H,H,E,D,3,A,J,B,D,C,B,B,C,A,B,B,B,C,B,B,C,D,D
210064778362,2024,2,F,0,3,1,3,0,,1,3523107,Itaquaquecetuba,35,SP,E,E,E,F,2,B,C,A,B,B,A,A,B,A,B,B,A,B,A,B,B,B,D
210064778937,2024,4,F,1,2,1,2,0,1,0,3523107,Itaquaquecetuba,35,SP,H,C,F,B,3,A,B,A,B,B,A,A,B,A,B,B,A,B,A,B,A,D,A
210064780075,2024,3,F,1,1,1,2,0,1,0,3523107,Itaquaquecetuba,35,SP,G,G,E,E,4,A,F,A,D,D,C,A,C,B,B,B,B,C,A,B,C,E,D
210064780762,2024,2,F,0,3,1,3,0,,1,3523107,Itaquaquecetuba,35,SP,D,F,C,D,3,B,E,A,B,B,B,A,B,A,B,B,A,B,B,B,A,C,D
210064780940,2024,4,F,1,4,1,1,1,,0,3523107,Itaquaquecetuba,35,SP,A,C,B,C,3,B,G,A,B,B,B,A,B,A,A,B,A,B,A,B,A,D,A
210064783356,2024,4,M,1,1,1,1,1,,0,3523107,Itaquaquecetuba,35,SP,E,C,D,B,3,A,E,A,B,C,B,A,B,A,B,A,A,B,A,B,B,E,A
210064784586,2024,4,F,1,1,1,1,2,,0,3523107,Itaquaquecetuba,35,SP,H,E,C,B,2,A,B,A,C,B,A,A,B,A,B,B,A,B,A,B,B,C,A
210064785447,2024,2,M,1,2,1,3,0,,1,3523107,Itaquaquecetuba,35,SP,B,E,C,B,3,A,E,A,B,B,B,A,B,A,B,B,A,B,B,B,B,B,A
210064786438,2024,2,F,1,1,1,2,0,1,0,3523107,Itaquaquecetuba,35,SP,D,G,C,D,2,B,E,A,B,C,B,A,B,A,B,A,A,B,A,B,C,D,B
210064787437,2024,2,M,1,2,1,2,0,1,0,3523107,Itaquaquecetuba,35,SP,E,E,C,C,3,A,G,A,B,C,B,A,B,A,B,B,B,B,A,B,B,D,A
210064790799,2024,12,F,1,1,1,1,0,,0,3523107,Itaquaquecetuba,35,SP,C,C,D,B,4,B,E,A,B,C,B,A,B,A,B,B,B,D,A,B,B,E,A
210064792315,2024,2,F,1,1,1,2,0,1,0,3523107,Itaquaquecetuba,35,SP,D,G,F,E,2,A,A,A,B,C,B,A,B,A,B,B,A,B,A,B,B,C,A
210064793678,2024,3,M,1,1,1,2,0,1,0,3523107,Itaquaquecetuba,35,SP,C,D,B,B,4,A,C,A,B,C,B,A,B,A,B,B,A,C,B,B,A,D,B
210064794557,2024,3,F,1,3,1,1,1,,0,3523107,Itaquaquecetuba,35,SP,E,E,C,B,3,A,C,A,B,B,B,A,B,B,B,B,B,B,A,B,A,B,A
210064794704,2024,2,F,1,1,1,3,0,,1,3523107,Itaquaquecetuba,35,SP,C,E,D,D,2,A,E,A,B,C,A,A,B,A,B,A,A,B,A,B,A,C,A
210064795221,2024,8,M,1,1,1,1,6,,0,3523107,Itaquaquecetuba,35,SP,E,B,D,B,2,A,C,A,B,B,A,A,A,A,B,B,A,A,A,B,A,C,A
210064795419,2024,4,F,1,2,1,1,1,,0,3523107,Itaquaquecetuba,35,SP,G,E,E,E,5,B,D,A,B,C,B,A,B,A,B,A,A,C,B,B,B,E,A
210064796521,2024,3,M,0,1,1,1,1,,0,3523107,Itaquaquecetuba,35,SP,C,E,A,B,2,B,A,A,B,C,B,B,B,A,B,B,B,B,B,B,A,C,A
210064798605,2024,2,M,1,3,1,2,0,1,0,3523107,Itaquaquecetuba,35,SP,E,E,C,B,4,A,G,A,B,C,B,A,B,A,B,B,A,C,B,B,A,D,A
210064799861,2024,3,M,1,1,1,2,0,1,0,3523107,Itaquaquecetuba,35,SP,E,E,E,F,5,B,C,A,B,C,B,A,B,A,B,B,A,B,A,B,B,D,A
210064800533,2024,3,M,1,3,1,2,0,1,0,3523107,Itaquaquecetuba,35,SP,E,E,C,B,5,A,D,A,C,C,B,A,B,A,B,B,B,B,A,B,A,B,A
210064802969,2024,12,M,2,3,1,1,14,,0,3523107,Itaquaquecetuba,35,SP,B,B,B,B,5,B,C,A,B,B,A,A,B,A,B,B,A,B,A,B,B,C,A
210064803138,2024,11,F,1,3,1,1,11,,0,3523107,Itaquaquecetuba,35,SP,A,B,A,A,3,A,A,A,B,C,A,A,B,A,A,A,A,B,A,A,A,B,A
210064803856,2024,3,M,1,2,1,2,0,1,0,3523107,Itaquaquecetuba,35,SP,E,E,D,B,4,A,C,A,B,B,A,A,B,A,A,B,A,A,A,B,A,B,A
210064804123,2024,3,F,1,2,1,1,1,,0,3523107,Itaquaquecetuba,35,SP,D,C,C,B,4,B,B,A,B,B,A,A,B,A,A,A,A,B,A,B,A,D,A
210064804295,2024,3,F,1,3,1,2,0,1,0,3523107,Itaquaquecetuba,35,SP,E,E,C,B,7,A,C,A,C,C,B,B,B,B,B,B,B,B,B,B,B,E,A
210064804532,2024,4,M,1,1,1,1,1,,0,3523107,Itaquaquecetuba,35,SP,D,E,C,F,4,A,B,A,C,C,C,A,B,A,B,B,A,B,A,B,B,D,B
210064804629,2024,2,F,1,1,1,2,0,1,0,3523107,Itaquaquecetuba,35,SP,B,E,C,C,4,A,B,A,B,C,A,A,B,A,B,B,B,B,A,B,B,C,A
210064804662,2024,6,F,1,3,1,1,4,,0,3523107,Itaquaquecetuba,35,SP,H,E,F,B,2,B,C,A,B,C,A,A,B,A,B,B,B,B,B,B,B,C,A
210064804875,2024,11,F,1,1,1,1,9,,0,3523107,Itaquaquecetuba,35,SP,B,A,B,F,3,A,C,A,B,B,A,A,B,A,B,A,A,B,A,B,A,C,A
210064807260,2024,1,M,1,1,1,3,0,,1,3523107,Itaquaquecetuba,35,SP,E,E,C,F,5,B,F,A,B,D,A,B,B,A,B,B,A,B,A,B,A,E,A
210064808484,2024,1,F,1,1,1,3,0,,1,3523107,Itaquaquecetuba,35,SP,E,E,C,E,3,A,G,A,C,C,C,A,B,A,B,B,B,C,A,B,B,D,D
210064809165,2024,2,F,1,2,1,2,0,1,0,3523107,Itaquaquecetuba,35,SP,H,E,A,B,2,A,B,A,B,B,A,A,B,A,A,A,A,B,A,B,A,B,A
210064810761,2024,3,F,1,3,1,2,0,1,0,3523107,Itaquaquecetuba,35,SP,H,H,C,C,4,A,B,A,B,B,A,A,B,A,B,B,B,B,A,B,A,C,A
210064811661,2024,3,M,1,3,1,2,0,1,0,3523107,Itaquaquecetuba,35,SP,B,C,F,A,4,A,B,A,B,B,B,A,B,A,B,B,A,B,A,B,B,D,A
210064812012,2024,3,M,1,3,1,1,1,,0,3523107,Itaquaquecetuba,35,SP,C,D,E,B,3,A,C,A,B,B,A,A,A,A,A,A,A,B,A,A,A,B,A
210064812946,2024,8,M,1,1,1,1,6,,0,3523107,Itaquaquecetuba,35,SP,D,E,D,D,4,B,G,A,B,C,B,A,B,A,B,B,B,C,A,B,B,E,A
210064813301,2024,2,M,1,1,1,2,0,1,0,3523107,Itaquaquecetuba,35,SP,C,D,B,B,4,A,B,A,B,C,A,A,B,A,A,B,A,B,A,B,A,D,A
210064813847,2024,2,M,1,2,1,2,0,1,0,3523107,Itaquaquecetuba,35,SP,E,E,B,B,5,A,C,A,B,D,B,A,B,A,B,B,A,B,A,B,A,C,A
210064815249,2024,3,F,1,3,1,2,0,1,0,3523107,Itaquaquecetuba,35,SP,F,E,F,F,4,A,F,A,B,C,B,B,C,A,A,B,A,C,A,B,C,E,A
210064815815,2024,1,M,1,2,1,3,0,,1,3523107,Itaquaquecetuba,35,SP,C,E,C,C,2,A,A,A,B,B,A,A,B,A,B,A,A,B,A,B,A,B,A
210064815999,2024,3,M,1,2,1,2,0,1,0,3523107,Itaquaquecetuba,35,SP,E,F,C,D,5,A,K,A,D,D,C,A,C,A,B,A,B,C,A,B,A,E,A
210064816843,2024,3,M,1,1,1,2,0,1,0,3523107,Itaquaquecetuba,35,SP,B,F,B,D,2,A,D,A,B,B,A,B,B,A,B,A,A,A,A,B,B,C,A
210064818726,2024,17,M,2,3,1,1,18,,0,3523107,Itaquaquecetuba,35,SP,B,B,D,B,3,B,D,A,C,C,C,A,B,A,B,B,A,C,A,B,B,D,A
210064822281,2024,12,F,2,2,1,1,17,,0,3523107,Itaquaquecetuba,35,SP,C,B,B,B,3,A,C,A,B,B,A,A,B,A,A,A,A,B,A,B,B,C,A
210064822741,2024,4,F,1,3,1,1,1,,0,3523107,Itaquaquecetuba,35,SP,E,E,B,B,3,A,B,A,B,C,A,A,B,A,B,B,A,B,A,B,A,B,A
210064823736,2024,3,F,1,3,1,2,0,1,0,3523107,Itaquaquecetuba,35,SP,A,B,C,B,5,B,D,A,B,B,B,A,B,B,B,B,A,B,A,B,A,E,A
210064825434,2024,4,F,1,2,1,1,2,,0,3523107,Itaquaquecetuba,35,SP,E,E,C,B,1,B,C,A,B,B,A,A,B,A,B,B,A,B,A,B,A,B,A
210064826671,2024,3,M,1,1,1,1,1,,0,3523107,Itaquaquecetuba,35,SP,H,B,F,D,3,A,B,A,B,C,A,A,B,A,B,A,A,B,A,B,B,C,A
210064829633,2024,2,M,1,3,1,2,0,1,0,3523107,Itaquaquecetuba,35,SP,E,E,C,B,4,A,E,A,B,C,B,A,B,A,B,B,B,B,B,B,B,B,B
210064829904,2024,2,M,1,2,1,2,0,1,0,3523107,Itaquaquecetuba,35,SP,E,E,C,B,4,A,F,A,B,B,B,B,B,A,B,B,B,C,B,B,B,D,A
210064830719,2024,2,F,1,3,1,2,0,1,0,3523107,Itaquaquecetuba,35,SP,H,E,D,B,5,A,C,A,B,B,A,A,B,B,B,B,A,B,B,B,B,E,A
210064832368,2024,15,F,1,3,1,3,0,,1,3523107,Itaquaquecetuba,35,SP,B,C,A,B,3,A,B,A,B,B,B,A,B,B,B,B,A,B,A,B,B,D,A
210064832711,2024,3,M,3,3,1,2,0,1,0,3523107,Itaquaquecetuba,35,SP,F,D,E,B,5,A,E,A,C,D,A,A,B,B,B,B,B,C,A,B,B,E,A
210064833384,2024,12,M,2,1,1,1,17,,0,3523107,Itaquaquecetuba,35,SP,B,D,A,B,2,B,C,A,B,B,B,A,B,A,A,B,A,B,A,B,B,C,A
210064833887,2024,2,F,1,1,1,2,0,1,0,3523107,Itaquaquecetuba,35,SP,B,E,F,D,2,A,B,A,B,C,A,A,B,A,B,A,B,B,A,B,A,B,A
210064834862,2024,10,M,1,3,1,1,5,,0,3523107,Itaquaquecetuba,35,SP,C,E,B,B,5,A,A,A,B,C,C,A,B,A,B,B,A,B,A,B,B,D,A
210064835496,2024,3,F,1,3,1,2,0,1,0,3523107,Itaquaquecetuba,35,SP,D,D,A,B,4,A,B,A,B,B,A,A,B,A,B,B,A,B,A,B,A,C,A
210064837413,2024,1,F,1,1,1,3,0,,1,3523107,Itaquaquecetuba,35,SP,B,C,C,B,5,B,C,A,B,B,A,A,B,A,B,B,A,A,B,B,B,B,A
210064839229,2024,1,F,1,1,1,3,0,,1,3523107,Itaquaquecetuba,35,SP,E,E,D,D,2,A,B,A,B,B,A,A,B,A,B,B,A,B,A,B,B,C,A
210064839484,2024,2,F,1,1,1,3,0,,1,3523107,Itaquaquecetuba,35,SP,F,F,D,D,2,A,F,A,B,C,B,A,B,A,B,A,B,B,A,B,B,C,A
210064841126,2024,4,F,1,1,1,1,4,,0,3523107,Itaquaquecetuba,35,SP,E,E,C,C,3,A,B,A,B,C,B,A,B,A,B,B,B,B,A,B,B,D,A
210064841732,2024,5,M,0,1,1,1,2,,0,3523107,Itaquaquecetuba,35,SP,D,F,B,B,3,A,C,A,B,C,A,A,A,A,A,A,A,A,A,A,B,C,A
210064841802,2024,4,M,1,4,1,1,1,,0,3523107,Itaquaquecetuba,35,SP,D,E,F,D,9,B,B,A,B,D,B,A,B,A,B,A,A,A,A,B,B,E,A
210064842126,2024,4,F,1,1,1,1,2,,0,3523107,Itaquaquecetuba,35,SP,E,E,F,B,6,A,E,A,D,D,B,A,B,A,B,B,A,C,A,B,B,E,A
210064842428,2024,2,F,1,2,1,2,0,1,0,3523107,Itaquaquecetuba,35,SP,C,F,D,D,3,A,J,A,B,D,A,A,B,A,B,B,A,C,B,B,C,C,D
210064843812,2024,4,F,1,2,1,1,2,,0,3523107,Itaquaquecetuba,35,SP,E,G,D,E,5,A,N,A,B,C,B,A,B,A,B,B,A,B,B,B,D,E,D
210064846186,2024,8,F,1,1,1,1,6,,0,3523107,Itaquaquecetuba,35,SP,C,E,B,C,4,B,F,A,B,D,C,A,B,A,B,B,B,C,A,B,B,E,A
210064846413,2024,5,M,1,3,1,1,1,,0,3523107,Itaquaquecetuba,35,SP,D,E,B,B,2,A,C,A,B,C,A,A,B,A,B,A,A,B,A,B,A,B,A
210064847440,2024,3,F,1,3,1,2,0,1,0,3523107,Itaquaquecetuba,35,SP,D,E,C,A,4,A,B,A,B,C,B,A,B,A,B,B,A,C,B,B,A,C,A
210064848349,2024,5,F,1,1,1,1,3,,0,3523107,Itaquaquecetuba,35,SP,E,E,C,B,2,A,A,A,B,B,A,A,B,A,B,B,A,B,A,B,A,C,A
210064848381,2024,12,F,1,3,1,1,0,,0,3523107,Itaquaquecetuba,35,SP,H,B,C,C,3,A,A,A,B,B,A,A,B,A,B,A,A,B,A,B,A,B,A
210064849587,2024,2,F,1,3,1,2,0,1,0,3523107,Itaquaquecetuba,35,SP,E,F,C,B,2,B,C,A,B,C,A,A,B,A,B,B,A,C,A,B,B,C,A
210064851524,2024,3,F,1,1,1,2,0,1,0,3523107,Itaquaquecetuba,35,SP,C,G,C,D,5,A,K,A,D,D,B,A,B,A,B,B,A,B,A,B,C,E,A
210064851991,2024,2,F,1,3,1,2,0,1,0,3523107,Itaquaquecetuba,35,SP,C,E,C,D,4,A,D,A,B,B,A,A,B,A,B,B,A,B,A,B,B,C,A
210064852268,2024,11,F,1,2,1,1,9,,0,3523107,Itaquaquecetuba,35,SP,E,E,B,B,1,B,C,A,B,B,A,A,B,A,A,B,A,A,A,B,A,B,A
210064853101,2024,6,M,1,3,1,1,2,,0,3523107,Itaquaquecetuba,35,SP,D,B,B,B,5,B,D,D,B,B,A,A,B,A,B,B,A,B,A,B,A,C,A
210064853534,2024,2,F,1,3,1,3,0,,1,3523107,Itaquaquecetuba,35,SP,C,C,C,C,5,A,G,A,C,D,B,A,B,A,B,B,A,C,A,B,B,E,A
210064854812,2024,3,F,1,2,1,2,0,1,0,3523107,Itaquaquecetuba,35,SP,H,D,F,C,4,B,B,A,B,B,A,A,B,A,A,A,A,B,A,A,A,C,A
210064856194,2024,1,M,1,1,1,3,0,,1,3523107,Itaquaquecetuba,35,SP,B,G,D,E,4,B,B,B,D,C,A,A,B,B,B,B,B,C,B,B,C,E,D
210064857798,2024,3,F,1,3,1,2,0,1,0,3523107,Itaquaquecetuba,35,SP,E,E,B,B,5,A,A,A,C,D,B,A,B,A,B,B,B,A,A,B,B,E,A
210064858606,2024,3,F,1,1,1,2,0,1,0,3523107,Itaquaquecetuba,35,SP,C,D,C,B,4,A,C,A,B,C,A,B,B,A,B,B,A,B,A,B,A,D,A
210064858762,2024,5,F,1,2,1,1,2,,0,3523107,Itaquaquecetuba,35,SP,H,E,F,B,7,B,C,A,B,C,A,A,B,A,A,A,A,A,A,B,A,C,A
210064860199,2024,4,M,1,1,1,2,0,1,0,3523107,Itaquaquecetuba,35,SP,E,E,C,B,4,A,E,B,C,D,C,A,B,A,B,B,B,C,A,B,C,D,C
210064860671,2024,7,M,1,3,1,1,3,,0,3523107,Itaquaquecetuba,35,SP,D,B,A,A,6,B,C,A,C,B,A,A,B,A,A,B,A,B,A,B,B,C,A
210064860759,2024,2,F,1,3,1,2,0,1,0,3523107,Itaquaquecetuba,35,SP,D,C,C,C,4,B,C,A,B,C,B,A,B,A,B,B,A,A,A,B,B,D,A
210064861599,2024,1,M,1,1,1,3,0,,1,3523107,Itaquaquecetuba,35,SP,E,F,F,D,3,A,L,A,C,C,C,A,C,A,B,B,B,D,B,B,C,D,E
210064862014,2024,2,M,1,2,1,2,0,1,0,3523107,Itaquaquecetuba,35,SP,D,E,C,F,3,A,B,A,B,C,A,A,B,A,A,A,A,A,A,A,A,D,A
210064862058,2024,11,F,1,3,1,1,11,,0,3523107,Itaquaquecetuba,35,SP,E,E,C,B,4,A,C,A,B,C,A,A,B,A,B,B,A,C,A,B,B,D,A
210064863937,2024,3,F,1,1,1,2,0,1,0,3523107,Itaquaquecetuba,35,SP,E,E,D,D,3,A,F,A,B,C,B,B,B,A,B,B,A,A,B,B,B,D,A
210064865104,2024,5,F,1,3,3,1,3,,0,3523107,Itaquaquecetuba,35,SP,E,E,C,C,4,A,B,A,B,B,A,A,B,A,A,A,A,A,A,B,B,B,A
210064865180,2024,15,F,2,2,1,1,18,,0,3523107,Itaquaquecetuba,35,SP,A,A,C,B,3,B,B,A,B,B,A,A,B,A,A,B,A,B,A,B,B,D,A
210064865444,2024,2,F,1,2,1,2,0,1,0,3523107,Itaquaquecetuba,35,SP,H,E,F,B,4,A,B,A,B,B,A,A,B,A,B,A,A,B,A,A,A,C,A
210064866598,2024,2,F,1,2,1,2,0,1,0,3523107,Itaquaquecetuba,35,SP,B,B,A,A,3,A,B,A,B,C,B,A,B,A,B,B,A,B,A,B,B,D,A
210064867523,2024,2,M,2,3,1,2,0,1,0,3523107,Itaquaquecetuba,35,SP,D,C,F,B,3,A,B,A,B,B,A,A,B,A,A,A,A,A,A,B,A,C,A
210064867975,2024,2,M,1,1,1,2,0,1,0,3523107,Itaquaquecetuba,35,SP,H,H,D,B,3,A,F,A,C,C,B,A,B,A,B,B,B,B,B,B,A,D,A
210064869074,2024,3,M,1,2,1,2,0,1,0,3523107,Itaquaquecetuba,35,SP,B,E,C,B,5,A,F,A,B,C,B,A,B,A,B,B,A,B,A,B,A,C,A
210064870667,2024,3,M,1,3,1,2,0,1,0,3523107,Itaquaquecetuba,35,SP,E,C,C,C,4,A,F,A,B,B,B,B,B,A,B,B,B,C,A,B,B,E,A
210064871231,2024,2,F,0,1,1,3,0,,1,3523107,Itaquaquecetuba,35,SP,E,E,D,B,3,A,I,A,B,C,B,A,B,A,B,B,B,B,B,B,B,D,D
210064871460,2024,4,F,1,1,1,1,1,,0,3523107,Itaquaquecetuba,35,SP,F,G,F,D,2,A,B,A,B,C,B,B,B,A,B,B,A,B,A,B,A,C,A
210064872513,2024,2,F,1,1,1,2,0,1,0,3523107,Itaquaquecetuba,35,SP,E,E,C,B,3,A,B,A,B,B,A,B,B,A,B,B,A,B,A,B,A,C,A
210064872517,2024,1,F,1,3,1,3,0,,1,3523107,Itaquaquecetuba,35,SP,H,C,C,B,3,A,C,A,B,B,A,A,B,A,B,B,A,B,A,B,A,C,A
210064872728,2024,2,F,1,3,1,3,0,,1,3523107,Itaquaquecetuba,35,SP,F,E,B,B,3,A,C,A,B,C,A,A,B,A,A,B,A,B,A,B,A,C,D
210064872885,2024,3,F,1,1,1,2,0,1,0,3523107,Itaquaquecetuba,35,SP,H,E,C,F,3,A,D,C,B,C,B,A,B,A,B,B,A,B,B,B,A,D,A
210064874209,2024,4,F,1,2,1,1,1,,0,3523107,Itaquaquecetuba,35,SP,H,E,D,B,2,B,E,A,B,B,A,A,B,A,A,A,A,B,A,B,A,C,A
210064874362,2024,15,M,1,1,1,1,0,,0,3523107,Itaquaquecetuba,35,SP,D,B,B,B,1,A,A,A,B,C,A,A,B,B,B,B,A,B,A,B,B,B,A
210064874400,2024,3,F,1,1,1,2,0,1,0,3523107,Itaquaquecetuba,35,SP,E,E,F,D,4,A,F,A,B,C,C,A,B,A,B,B,A,D,A,B,B,E,A
210064876152,2024,3,M,1,3,1,2,0,1,0,3523107,Itaquaquecetuba,35,SP,E,D,C,A,4,A,C,A,C,C,B,A,B,A,B,B,A,B,A,B,A,C,A
210064876408,2024,2,M,1,1,1,2,0,1,0,3523107,Itaquaquecetuba,35,SP,H,H,F,F,4,A,B,A,B,A,A,A,B,A,A,A,A,B,A,B,A,B,A
210064877766,2024,3,M,1,1,1,1,1,,0,3523107,Itaquaquecetuba,35,SP,E,E,F,F,3,A,D,A,B,C,B,A,B,A,B,B,A,C,A,B,B,D,B
210064878283,2024,4,F,1,3,1,1,2,,0,3523107,Itaquaquecetuba,35,SP,C,D,C,B,4,A,B,A,B,C,A,A,B,A,A,A,A,B,A,B,B,D,A
210064879604,2024,3,F,1,4,1,2,0,1,0,3523107,Itaquaquecetuba,35,SP,C,E,C,B,2,A,F,A,D,D,C,A,B,A,B,B,B,D,B,B,B,C,A
210064884365,2024,3,M,1,2,1,2,0,1,0,3523107,Itaquaquecetuba,35,SP,E,E,C,B,5,B,D,A,B,C,B,A,B,A,B,B,B,B,A,B,C,E,A
210064885726,2024,2,F,1,3,1,2,0,1,0,3523107,Itaquaquecetuba,35,SP,B,D,C,F,2,B,A,A,B,B,A,A,B,A,A,A,A,A,A,A,A,B,A
210064886397,2024,3,F,1,3,1,2,0,1,0,3523107,Itaquaquecetuba,35,SP,B,C,C,B,2,A,C,A,B,B,B,A,B,A,B,B,A,A,A,A,A,B,A
210064886694,2024,3,M,0,1,1,2,0,1,0,3523107,Itaquaquecetuba,35,SP,C,B,C,C,4,A,B,A,B,C,A,A,B,A,B,A,A,B,A,B,B,E,A
210064887264,2024,7,F,1,2,1,1,5,,0,3523107,Itaquaquecetuba,35,SP,E,E,D,D,4,B,B,A,B,C,A,A,B,A,B,B,B,B,A,B,A,D,A
210064887620,2024,2,F,1,1,1,2,0,1,0,3523107,Itaquaquecetuba,35,SP,E,E,F,F,3,A,B,A,C,B,A,A,B,A,B,B,B,A,A,B,A,B,A
210064887719,2024,4,F,1,3,1,1,2,,0,3523107,Itaquaquecetuba,35,SP,C,D,C,B,5,B,C,A,B,B,A,A,B,B,B,A,A,B,A,B,A,E,A
210064888260,2024,2,F,0,3,1,3,0,,1,3523107,Itaquaquecetuba,35,SP,C,E,C,B,3,A,B,A,B,B,C,A,B,A,B,A,A,A,A,B,B,D,A
210064888827,2024,3,M,1,2,1,2,0,1,0,3523107,Itaquaquecetuba,35,SP,D,D,C,B,3,A,B,A,B,B,A,A,B,A,A,A,A,A,A,B,A,C,A
210064892677,2024,5,M,1,3,1,1,2,,0,3523107,Itaquaquecetuba,35,SP,D,C,C,F,5,A,F,A,B,C,B,A,B,A,B,B,A,B,A,B,B,E,A
210064898535,2024,4,M,1,2,1,2,0,1,0,3523107,Itaquaquecetuba,35,SP,A,B,F,B,2,A,B,A,B,C,A,A,B,A,B,B,A,B,A,B,A,B,A
210064898820,2024,3,F,1,3,1,2,0,1,0,3523107,Itaquaquecetuba,35,SP,H,H,B,B,3,A,B,A,C,C,B,A,B,A,B,B,A,B,A,B,A,D,A
210064899442,2024,6,F,1,1,1,1,4,,0,3523107,Itaquaquecetuba,35,SP,B,B,D,D,3,B,B,A,B,C,B,A,B,A,B,B,A,B,A,B,B,D,A
210064900832,2024,12,M,2,2,1,1,18,,0,3523107,Itaquaquecetuba,35,SP,D,E,C,B,3,B,H,B,C,C,B,B,B,A,B,B,B,C,A,B,D,C,A
210064902757,2024,4,F,1,1,1,1,1,,0,3523107,Itaquaquecetuba,35,SP,E,E,C,B,4,A,B,A,B,B,A,A,B,A,A,A,A,B,A,B,A,C,A
210064903200,2024,1,M,1,1,1,3,0,,1,3523107,Itaquaquecetuba,35,SP,E,E,D,C,5,A,H,A,B,C,A,A,B,A,A,B,B,B,A,B,C,E,A
210064906039,2024,11,F,1,3,1,1,12,,0,3523107,Itaquaquecetuba,35,SP,B,E,F,C,1,B,B,A,B,B,A,A,B,B,A,A,A,A,A,B,B,B,A
210064909413,2024,12,F,1,2,1,1,14,,0,3523107,Itaquaquecetuba,35,SP,B,E,C,B,4,B,B,A,B,C,A,A,B,A,B,A,A,B,A,B,A,B,A
210064910388,2024,8,F,1,1,1,1,0,,0,3523107,Itaquaquecetuba,35,SP,E,B,F,B,4,A,D,A,D,D,A,A,B,A,B,B,B,B,A,B,B,D,A
210064911211,2024,3,F,1,2,1,2,0,1,0,3523107,Itaquaquecetuba,35,SP,H,H,D,B,6,A,E,A,B,B,A,B,B,B,B,B,A,B,B,B,B,E,B
210064911738,2024,8,F,1,3,1,1,6,,0,3523107,Itaquaquecetuba,35,SP,B,E,B,B,5,A,B,A,C,C,B,A,B,A,A,A,A,B,A,A,A,C,A
210064914206,2024,2,F,1,1,1,3,0,,1,3523107,Itaquaquecetuba,35,SP,E,E,D,D,3,A,M,A,C,D,B,A,C,A,B,B,B,C,A,B,D,D,D
210064915363,2024,3,F,1,1,1,2,0,1,0,3523107,Itaquaquecetuba,35,SP,D,E,C,B,3,A,B,A,B,B,A,A,B,A,B,B,A,C,A,B,B,C,A
210064915744,2024,3,F,1,1,1,2,0,1,0,3523107,Itaquaquecetuba,35,SP,H,D,F,B,3,A,A,A,B,B,A,A,B,A,A,A,A,B,A,A,A,C,A
210064915958,2024,3,F,1,3,1,2,0,1,0,3523107,Itaquaquecetuba,35,SP,E,E,A,B,3,A,B,A,B,B,A,A,B,A,B,B,A,B,A,B,B,D,A
210064916700,2024,7,M,1,2,1,1,4,,0,3523107,Itaquaquecetuba,35,SP,E,D,C,B,6,B,B,A,B,C,B,A,B,A,B,B,B,C,A,B,B,E,A
210064920809,2024,13,M,1,1,1,1,0,,0,3523107,Itaquaquecetuba,35,SP,E,D,F,A,3,B,B,A,B,B,A,A,B,A,B,A,A,B,A,B,A,D,A
210064922206,2024,2,F,1,1,1,2,0,1,0,3523107,Itaquaquecetuba,35,SP,E,G,D,D,5,B,E,A,B,C,B,A,B,A,B,B,A,B,B,B,B,D,A
210064923886,2024,3,M,1,3,1,2,0,1,0,3523107,Itaquaquecetuba,35,SP,D,D,F,B,5,A,A,A,B,B,A,A,B,A,A,A,A,B,A,B,A,C,A
210064924039,2024,6,F,1,1,1,1,4,,0,3523107,Itaquaquecetuba,35,SP,B,E,B,B,7,A,E,A,B,C,A,A,B,A,B,B,A,B,A,B,A,E,A
210064924097,2024,13,F,3,1,1,1,0,,0,3523107,Itaquaquecetuba,35,SP,B,B,A,A,2,A,A,A,B,B,A,A,B,A,A,A,A,B,A,B,A,C,A
210064925240,2024,2,F,1,2,1,2,0,1,0,3523107,Itaquaquecetuba,35,SP,E,E,F,B,4,A,B,A,C,B,A,A,B,A,B,B,A,B,A,B,A,D,A
210064925434,2024,4,M,1,1,1,1,2,,0,3523107,Itaquaquecetuba,35,SP,D,E,C,C,3,A,C,A,B,C,A,A,B,B,B,B,A,B,A,A,A,B,A
210064925551,2024,9,M,1,3,1,1,5,,0,3523107,Itaquaquecetuba,35,SP,F,F,D,D,4,A,G,A,D,D,C,A,C,A,B,B,B,C,A,B,D,E,A
210064928774,2024,3,M,1,3,1,2,0,1,0,3523107,Itaquaquecetuba,35,SP,D,D,D,B,4,A,B,A,B,C,B,A,B,A,B,B,B,B,A,B,B,E,A
210064928805,2024,7,F,1,1,1,1,5,,0,3523107,Itaquaquecetuba,35,SP,E,E,C,F,2,A,A,A,B,B,A,A,B,A,B,A,A,A,A,B,B,B,A
210064930048,2024,4,F,1,3,1,1,2,,0,3523107,Itaquaquecetuba,35,SP,D,D,C,F,5,B,F,A,C,C,C,A,B,A,A,B,A,B,A,B,A,E,B
210064930625,2024,4,F,1,5,1,1,1,,0,3523107,Itaquaquecetuba,35,SP,H,H,C,B,3,A,C,A,B,C,B,A,B,A,B,B,A,B,A,B,A,B,A
210064932802,2024,6,M,1,3,1,1,2,,0,3523107,Itaquaquecetuba,35,SP,E,B,D,B,2,A,B,A,B,B,A,A,B,A,B,B,A,B,A,A,B,C,A
210064932932,2024,2,F,1,3,1,2,0,1,0,3523107,Itaquaquecetuba,35,SP,D,E,D,D,3,A,A,A,B,C,B,A,B,A,B,B,A,B,A,B,A,B,D
210064933673,2024,2,F,1,1,1,2,0,1,0,3523107,Itaquaquecetuba,35,SP,D,C,D,D,3,A,C,A,B,C,A,A,B,A,B,A,A,B,A,B,A,C,A
210064934549,2024,4,F,1,3,1,1,2,,0,3523107,Itaquaquecetuba,35,SP,E,F,B,D,3,B,E,A,C,C,B,A,B,A,B,A,A,B,A,B,B,D,A
210064934808,2024,3,F,1,3,1,2,0,1,0,3523107,Itaquaquecetuba,35,SP,B,B,D,B,3,A,B,A,B,C,B,A,B,A,A,B,A,A,A,B,A,D,E
210064935936,2024,11,M,1,1,1,1,9,,0,3523107,Itaquaquecetuba,35,SP,E,E,C,B,4,B,D,A,C,C,B,A,B,A,B,A,A,B,A,B,B,D,A
210064936859,2024,3,M,1,2,1,2,0,1,0,3523107,Itaquaquecetuba,35,SP,E,C,C,F,3,A,B,A,B,C,A,A,B,A,B,B,A,C,A,B,B,B,A
210064938485,2024,4,M,1,1,1,2,0,1,0,3523107,Itaquaquecetuba,35,SP,E,D,B,B,5,A,C,A,B,A,A,A,B,A,A,A,A,B,A,A,A,D,A
210064939115,2024,4,F,1,2,1,1,2,,0,3523107,Itaquaquecetuba,35,SP,E,E,B,B,3,A,B,A,B,C,A,A,B,A,B,B,A,B,A,B,A,C,A
210064940406,2024,2,M,1,2,1,2,0,1,0,3523107,Itaquaquecetuba,35,SP,H,H,C,B,8,A,B,A,B,B,A,A,B,A,A,B,A,B,A,B,A,B,A
210064941975,2024,3,M,1,1,1,2,0,1,0,3523107,Itaquaquecetuba,35,SP,B,B,F,F,4,A,C,A,C,B,A,A,B,A,B,B,B,B,A,B,A,E,A
210064944824,2024,3,F,1,3,1,2,0,1,0,3523107,Itaquaquecetuba,35,SP,E,E,B,B,5,A,C,A,B,C,B,A,B,A,B,B,B,B,A,B,B,E,A
210064946631,2024,3,F,1,2,1,2,0,1,0,3523107,Itaquaquecetuba,35,SP,E,E,D,D,3,B,C,A,B,D,B,A,B,A,B,B,A,B,B,B,A,E,A
210064950631,2024,2,F,1,3,1,2,0,1,0,3523107,Itaquaquecetuba,35,SP,E,F,C,B,3,A,E,A,C,C,C,B,C,A,B,B,A,D,A,B,B,D,A
210064950943,2024,3,F,1,1,1,1,1,,0,3523107,Itaquaquecetuba,35,SP,G,F,E,E,5,A,B,A,D,D,A,A,B,A,B,B,A,D,A,B,B,E,D
210064951580,2024,3,F,1,2,1,2,0,1,0,3523107,Itaquaquecetuba,35,SP,H,E,C,B,4,A,F,A,B,D,B,A,B,A,B,B,B,B,A,B,A,D,A
210064953033,2024,2,F,1,1,1,2,0,1,0,3523107,Itaquaquecetuba,35,SP,D,C,B,B,3,A,A,A,C,C,A,A,B,A,A,A,A,B,A,B,A,B,A
210064953740,2024,2,M,0,1,1,2,0,1,0,3523107,Itaquaquecetuba,35,SP,C,C,F,B,5,B,C,A,B,C,A,A,B,A,B,B,A,B,A,B,A,E,A
210064954393,2024,2,M,1,2,1,2,0,1,0,3523107,Itaquaquecetuba,35,SP,E,F,F,D,4,B,F,A,B,C,C,A,B,A,B,B,A,C,A,B,B,D,D
210064955860,2024,4,F,1,3,1,2,0,1,0,3523107,Itaquaquecetuba,35,SP,H,H,F,B,3,A,A,A,B,C,A,A,B,A,A,B,A,B,A,B,B,C,A
210064957425,2024,1,F,1,1,1,3,0,,1,3523107,Itaquaquecetuba,35,SP,C,G,C,D,3,A,C,A,B,B,B,A,B,A,A,B,A,B,A,B,A,C,A
210064958351,2024,1,F,1,1,1,3,0,,1,3523107,Itaquaquecetuba,35,SP,C,E,C,D,4,A,D,A,B,C,B,A,B,A,A,A,B,C,A,B,A,D,D
210064958515,2024,3,F,1,1,1,2,0,1,0,3523107,Itaquaquecetuba,35,SP,H,D,B,B,3,A,A,A,B,B,A,A,A,A,A,A,A,B,A,A,A,B,A
210064958924,2024,8,F,1,2,1,1,6,,0,3523107,Itaquaquecetuba,35,SP,C,C,C,B,2,B,I,A,B,B,A,A,B,A,B,B,B,B,A,B,C,C,A
210064962727,2024,3,M,1,1,1,2,0,1,0,3523107,Itaquaquecetuba,35,SP,H,H,F,F,3,A,C,A,B,C,B,A,B,A,B,B,A,B,A,B,A,D,A
210064963702,2024,4,F,1,1,1,1,2,,0,3523107,Itaquaquecetuba,35,SP,D,F,D,D,4,B,B,A,C,D,A,A,B,A,B,B,A,C,A,B,B,E,A
210064964163,2024,2,F,1,2,1,2,0,1,0,3523107,Itaquaquecetuba,35,SP,B,B,B,B,7,A,B,A,B,B,A,A,B,A,B,A,A,B,B,B,A,B,A
210064968259,2024,3,F,1,1,1,2,0,1,0,3523107,Itaquaquecetuba,35,SP,E,E,F,F,3,B,C,A,C,C,B,A,B,B,B,B,B,B,A,B,B,C,A
210064968460,2024,5,M,1,1,1,1,1,,0,3523107,Itaquaquecetuba,35,SP,H,E,F,D,3,B,D,A,B,C,A,A,B,A,B,B,A,B,A,B,B,B,A
210064969441,2024,4,F,1,3,1,1,2,,0,3523107,Itaquaquecetuba,35,SP,E,E,C,F,7,B,H,A,B,C,B,A,B,A,B,B,A,B,A,B,B,E,A
210064969507,2024,11,F,3,3,1,1,11,,0,3523107,Itaquaquecetuba,35,SP,H,B,F,F,2,B,C,A,B,B,A,A,A,A,B,A,A,A,A,A,A,B,A
210064970007,2024,4,M,1,3,1,2,0,1,0,3523107,Itaquaquecetuba,35,SP,B,B,B,C,3,A,B,A,C,C,A,A,C,A,A,A,A,C,A,A,A,C,A
210064970083,2024,6,F,1,3,1,1,3,,0,3523107,Itaquaquecetuba,35,SP,E,E,B,B,4,A,E,A,C,B,B,A,B,A,B,B,A,B,A,B,A,D,A
210064970596,2024,3,F,1,1,1,2,0,1,0,3523107,Itaquaquecetuba,35,SP,B,F,D,E,5,A,E,A,B,B,B,A,B,A,B,B,B,B,B,B,B,E,A
210064972081,2024,11,F,1,1,1,1,10,,0,3523107,Itaquaquecetuba,35,SP,H,E,A,B,1,B,C,A,B,B,A,A,A,B,A,A,B,B,A,B,B,B,A
210064972428,2024,2,M,1,2,1,2,0,1,0,3523107,Itaquaquecetuba,35,SP,D,E,B,D,4,A,H,A,B,C,B,A,B,A,B,B,B,C,A,B,B,E,A
210064973501,2024,2,F,1,1,1,2,0,1,0,3523107,Itaquaquecetuba,35,SP,C,C,B,C,3,A,B,A,B,C,A,A,C,B,B,B,A,C,A,B,B,D,A
210064974139,2024,5,F,1,1,1,1,3,,0,3523107,Itaquaquecetuba,35,SP,G,E,E,D,3,A,H,A,D,D,B,A,B,A,B,B,B,A,B,B,D,D,D
210064974940,2024,3,F,1,1,1,2,0,1,0,3523107,Itaquaquecetuba,35,SP,C,E,B,B,3,A,G,B,C,D,B,A,B,B,B,B,B,D,B,B,B,D,A
210064977384,2024,3,M,0,3,1,1,0,,0,3523107,Itaquaquecetuba,35,SP,C,C,C,C,4,A,B,A,B,B,A,A,B,A,B,A,A,A,A,B,B,D,A
210064977388,2024,2,M,1,3,1,2,0,1,0,3523107,Itaquaquecetuba,35,SP,C,E,F,F,8,A,B,A,D,D,A,A,D,B,B,B,B,C,B,B,A,E,A
210064979532,2024,2,F,1,3,1,2,0,1,0,3523107,Itaquaquecetuba,35,SP,D,E,B,B,8,A,D,A,B,C,A,A,B,A,B,A,A,C,B,B,A,B,A
210064980256,2024,3,F,1,3,1,1,1,,0,3523107,Itaquaquecetuba,35,SP,C,E,B,C,2,A,B,A,B,C,A,A,B,A,B,A,B,B,B,A,A,C,A
210064981272,2024,3,M,1,3,1,2,0,1,0,3523107,Itaquaquecetuba,35,SP,E,E,F,F,4,A,B,A,B,C,B,A,B,A,B,B,A,B,A,B,A,D,A
210064981752,2024,7,F,1,3,2,1,7,,0,3523107,Itaquaquecetuba,35,SP,E,C,C,B,3,B,C,A,C,C,B,A,B,A,B,B,A,B,A,B,C,D,A
210064982288,2024,3,M,1,1,1,2,0,1,0,3523107,Itaquaquecetuba,35,SP,E,E,F,B,4,B,D,A,B,B,B,A,B,A,B,B,B,D,A,B,B,D,A
210064984756,2024,3,F,1,1,1,2,0,1,0,3523107,Itaquaquecetuba,35,SP,C,D,C,B,4,A,C,A,B,B,B,A,B,A,B,B,A,B,A,B,A,C,A
210064985985,2024,3,M,1,2,1,2,0,1,0,3523107,Itaquaquecetuba,35,SP,H,B,F,B,3,A,B,A,C,C,A,A,B,A,B,B,A,B,B,B,A,D,A
210064986987,2024,3,M,1,3,1,2,0,1,0,3523107,Itaquaquecetuba,35,SP,E,E,C,F,5,A,C,A,B,C,A,A,B,A,B,B,A,B,A,B,A,E,A
210064994007,2024,14,M,2,3,1,1,16,,0,3523107,Itaquaquecetuba,35,SP,H,H,F,F,3,A,B,A,B,C,A,A,B,A,B,A,A,B,A,B,B,D,A
210064994166,2024,3,M,1,1,1,2,0,1,0,3523107,Itaquaquecetuba,35,SP,B,E,C,B,2,A,B,A,B,B,A,A,B,A,A,B,A,B,A,B,A,B,A
210064995069,2024,3,F,1,1,1,2,0,1,0,3523107,Itaquaquecetuba,35,SP,E,B,C,B,2,A,C,A,C,C,A,A,B,A,B,B,B,B,A,A,A,B,A
210064995615,2024,9,M,1,1,1,1,7,,0,3523107,Itaquaquecetuba,35,SP,H,E,D,C,4,B,D,A,B,C,A,A,B,A,B,B,B,B,A,B,B,D,A
210064995691,2024,3,M,1,3,1,2,0,1,0,3523107,Itaquaquecetuba,35,SP,D,D,B,B,2,B,C,A,B,C,A,A,B,A,A,A,A,B,A,B,B,C,A
210064995787,2024,2,F,1,1,1,2,0,1,0,3523107,Itaquaquecetuba,35,SP,E,E,B,B,3,A,C,A,B,C,B,A,B,A,B,B,A,B,A,B,A,D,A
210064996435,2024,4,F,1,1,1,1,1,,0,3523107,Itaquaquecetuba,35,SP,H,H,F,F,3,A,C,A,B,D,B,A,B,A,B,B,A,B,A,B,A,D,A
210064998186,2024,2,F,1,3,1,2,0,1,0,3523107,Itaquaquecetuba,35,SP,E,D,D,B,4,A,G,A,B,C,C,A,B,A,B,B,A,B,B,B,A,E,A
210064998931,2024,2,F,1,3,1,2,0,1,0,3523107,Itaquaquecetuba,35,SP,C,E,C,C,4,A,C,A,B,C,A,A,B,A,B,B,A,B,A,B,A,C,A
210064999878,2024,5,F,1,1,1,1,2,,0,3523107,Itaquaquecetuba,35,SP,E,B,F,F,2,A,B,A,B,D,B,A,B,B,B,B,A,B,A,B,B,C,A
210065000348,2024,2,M,1,1,1,2,0,1,0,3523107,Itaquaquecetuba,35,SP,H,D,F,B,3,A,B,A,B,B,A,A,B,A,B,A,A,B,A,A,A,C,A
210065001038,2024,11,M,1,3,1,1,9,,0,3523107,Itaquaquecetuba,35,SP,B,B,B,B,4,B,D,A,B,B,A,A,B,A,B,B,A,B,A,B,B,D,A
210065003948,2024,1,F,1,3,1,3,0,,1,3523107,Itaquaquecetuba,35,SP,E,B,D,C,4,A,C,A,B,D,B,A,B,A,B,B,A,B,A,B,A,D,A
210065005347,2024,2,M,1,1,1,2,0,1,0,3523107,Itaquaquecetuba,35,SP,E,E,C,F,4,B,B,A,B,B,A,A,A,B,A,B,A,B,A,A,B,C,A
210065005508,2024,2,F,1,1,1,2,0,1,0,3523107,Itaquaquecetuba,35,SP,H,E,F,C,3,A,B,A,B,C,B,A,B,A,B,A,A,C,A,B,A,C,A
210065005742,2024,2,F,1,3,1,2,0,1,0,3523107,Itaquaquecetuba,35,SP,E,F,C,B,3,A,C,A,B,C,A,A,B,A,B,B,A,C,A,B,A,D,A
210065006498,2024,2,F,1,1,1,2,0,1,0,3523107,Itaquaquecetuba,35,SP,H,E,C,C,2,A,B,A,B,D,A,A,B,A,A,A,A,B,A,B,B,C,A
210065007502,2024,4,F,1,3,1,1,2,,0,3523107,Itaquaquecetuba,35,SP,E,D,B,B,4,B,D,A,C,C,B,A,B,A,B,B,A,C,B,B,B,E,A
210065007799,2024,3,F,1,3,1,2,0,1,0,3523107,Itaquaquecetuba,35,SP,D,E,C,B,4,B,C,A,B,C,A,A,B,A,B,A,A,B,A,B,A,D,A
210065007825,2024,3,M,1,1,1,2,0,1,0,3523107,Itaquaquecetuba,35,SP,D,E,C,B,5,A,E,A,B,C,B,A,B,A,B,B,B,B,A,B,A,E,A
210065008683,2024,3,F,1,1,1,2,0,1,0,3523107,Itaquaquecetuba,35,SP,B,C,C,C,4,A,D,A,C,C,B,A,B,A,B,A,A,B,A,B,B,B,A
210065009122,2024,7,F,1,1,1,1,5,,0,3523107,Itaquaquecetuba,35,SP,B,D,D,B,3,A,D,A,B,B,A,A,B,A,B,B,A,B,A,B,A,B,A
210065009213,2024,2,M,1,1,1,2,0,1,0,3523107,Itaquaquecetuba,35,SP,D,E,A,B,4,A,B,A,B,C,A,A,B,A,B,A,A,B,A,B,A,D,A
210065009526,2024,2,F,1,1,1,2,0,1,0,3523107,Itaquaquecetuba,35,SP,D,D,B,B,4,B,F,A,B,C,A,A,B,A,B,B,B,B,B,B,B,E,A
210065009534,2024,7,M,1,1,1,1,3,,0,3523107,Itaquaquecetuba,35,SP,E,E,D,F,3,A,C,A,B,C,B,A,B,A,B,A,A,B,A,B,B,D,A
210065010326,2024,10,F,1,2,1,1,8,,0,3523107,Itaquaquecetuba,35,SP,E,E,B,B,4,B,C,A,B,B,A,A,B,A,A,A,A,A,A,B,A,B,A
210065010925,2024,1,F,1,1,1,3,0,,1,3523107,Itaquaquecetuba,35,SP,E,E,B,F,4,A,B,A,B,B,B,A,A,A,A,A,A,A,A,B,A,E,A
210065011141,2024,3,M,1,1,1,1,1,,0,3523107,Itaquaquecetuba,35,SP,E,F,D,E,4,A,E,A,B,C,B,A,B,A,B,B,B,B,A,B,B,E,A
210065011564,2024,2,M,1,3,1,2,0,1,0,3523107,Itaquaquecetuba,35,SP,E,E,B,B,4,A,E,A,B,C,B,A,B,A,B,B,A,B,A,B,B,E,A
210065011626,2024,2,M,3,1,0,2,0,1,0,3523107,Itaquaquecetuba,35,SP,H,E,C,B,2,A,C,A,B,C,B,A,B,A,B,B,A,C,A,B,C,C,A
210065011640,2024,3,F,1,1,1,2,0,1,0,3523107,Itaquaquecetuba,35,SP,D,G,D,D,4,A,B,A,B,B,A,A,B,A,A,A,A,A,A,B,A,B,A
210065012847,2024,3,M,3,3,1,2,0,1,0,3523107,Itaquaquecetuba,35,SP,F,F,B,B,3,A,D,A,B,C,B,A,B,A,A,B,A,B,A,B,B,D,A
210065014092,2024,4,M,1,3,1,1,2,,0,3523107,Itaquaquecetuba,35,SP,B,E,C,F,6,A,D,A,C,D,B,A,B,B,B,A,B,B,A,B,B,E,A
210065014440,2024,2,M,1,1,1,2,0,1,0,3523107,Itaquaquecetuba,35,SP,E,F,B,D,4,A,D,A,B,C,B,B,B,A,B,A,A,B,A,B,B,D,A
210065017626,2024,12,F,3,1,1,1,17,,0,3523107,Itaquaquecetuba,35,SP,D,E,B,B,2,A,B,A,B,B,A,A,B,A,B,B,B,B,A,B,B,B,A
210065017700,2024,3,F,1,3,1,1,1,,0,3523107,Itaquaquecetuba,35,SP,E,E,B,C,5,A,E,A,B,D,B,A,B,B,B,B,A,A,A,B,B,D,A
210065020151,2024,3,F,1,3,1,2,0,1,0,3523107,Itaquaquecetuba,35,SP,B,C,C,B,3,A,C,A,B,C,A,A,B,A,B,B,A,B,A,B,A,D,A
210065021268,2024,8,F,1,3,1,1,0,,0,3523107,Itaquaquecetuba,35,SP,E,F,E,F,2,B,D,A,B,B,A,A,B,A,B,A,B,B,A,B,B,B,B
210065022500,2024,4,M,1,3,1,1,2,,0,3523107,Itaquaquecetuba,35,SP,E,F,C,D,4,A,F,A,C,D,B,A,C,A,B,B,B,D,A,B,B,E,A
210065023994,2024,4,F,1,3,1,1,0,,0,3523107,Itaquaquecetuba,35,SP,G,F,F,F,4,A,F,A,B,C,B,B,B,A,B,B,A,B,A,B,B,E,A
210065024775,2024,2,F,1,3,1,2,0,1,0,3523107,Itaquaquecetuba,35,SP,E,E,C,B,4,A,C,A,B,B,B,A,B,A,B,B,A,B,A,B,A,B,A
210065025075,2024,2,F,1,3,1,2,0,1,0,3523107,Itaquaquecetuba,35,SP,E,E,B,F,6,A,B,A,B,C,B,A,B,B,B,B,A,B,A,B,A,E,A
210065028063,2024,1,M,1,3,1,3,0,,1,3523107,Itaquaquecetuba,35,SP,G,G,C,F,3,A,B,A,C,D,B,A,B,A,B,B,B,C,A,B,C,D,A
210065030896,2024,5,M,1,2,2,1,2,,0,3523107,Itaquaquecetuba,35,SP,C,E,C,F,4,A,C,A,B,C,A,B,B,A,B,B,A,B,A,B,B,E,A
210065032030,2024,11,M,2,2,1,1,11,,0,3523107,Itaquaquecetuba,35,SP,E,C,D,B,3,B,H,A,B,B,C,B,B,A,B,B,B,B,B,B,B,C,A
210065033295,2024,5,M,1,1,1,1,2,,0,3523107,Itaquaquecetuba,35,SP,B,B,C,B,3,B,G,A,B,C,A,A,B,A,B,B,A,C,A,B,B,B,A
210065034274,2024,3,F,1,3,1,1,1,,0,3523107,Itaquaquecetuba,35,SP,C,D,C,C,5,B,C,A,C,C,B,A,B,A,B,B,B,C,A,B,B,E,A
210065035088,2024,3,F,1,3,1,2,0,1,0,3523107,Itaquaquecetuba,35,SP,B,D,B,B,4,A,B,A,B,B,A,A,B,A,A,B,A,B,A,B,A,B,A
210065036553,2024,3,M,1,1,1,2,0,1,0,3523107,Itaquaquecetuba,35,SP,C,D,C,B,5,A,C,A,B,C,B,A,B,A,B,B,A,B,A,B,A,C,A
210065037370,2024,3,F,1,1,1,2,0,1,0,3523107,Itaquaquecetuba,35,SP,E,E,C,B,4,B,E,A,B,C,B,B,B,A,B,B,B,C,A,B,A,B,A
210065039231,2024,4,M,1,3,1,1,1,,0,3523107,Itaquaquecetuba,35,SP,E,E,B,B,5,A,C,A,B,B,A,A,B,A,A,A,A,B,A,B,A,D,A
210065039285,2024,6,F,1,2,1,1,3,,0,3523107,Itaquaquecetuba,35,SP,B,D,A,A,2,A,C,A,B,B,B,A,B,A,A,A,A,B,A,B,A,C,A
210065039302,2024,13,F,1,3,1,1,0,,0,3523107,Itaquaquecetuba,35,SP,D,A,A,A,3,B,A,A,B,C,B,A,B,A,B,B,A,B,A,B,B,C,A
210065039663,2024,2,F,1,1,1,2,0,1,0,3523107,Itaquaquecetuba,35,SP,E,F,D,D,4,A,H,A,C,D,B,A,B,A,B,B,B,B,A,B,A,D,D
210065039692,2024,2,F,1,1,1,2,0,1,0,3523107,Itaquaquecetuba,35,SP,E,E,F,D,3,A,H,A,C,C,A,A,B,B,B,B,B,C,A,B,B,D,A
210065041077,2024,4,F,1,3,1,1,2,,0,3523107,Itaquaquecetuba,35,SP,C,C,C,B,5,A,G,A,C,D,B,A,B,A,B,A,A,B,A,B,A,D,A
210065041081,2024,3,F,1,3,1,2,0,1,0,3523107,Itaquaquecetuba,35,SP,E,E,F,B,3,A,B,A,B,B,A,A,B,A,A,A,A,B,A,A,A,C,A
210065041126,2024,2,M,1,3,1,2,0,1,0,3523107,Itaquaquecetuba,35,SP,H,E,D,B,3,A,D,A,B,D,A,A,B,A,B,B,A,A,A,B,A,D,A
210065041404,2024,1,F,1,1,1,3,0,,1,3523107,Itaquaquecetuba,35,SP,B,E,C,B,4,A,E,A,B,C,B,A,B,A,B,B,B,B,A,B,B,B,A
210065043109,2024,4,F,1,1,1,1,2,,0,3523107,Itaquaquecetuba,35,SP,C,E,C,B,2,B,B,A,B,B,A,A,B,A,B,B,A,B,B,B,B,C,A
210065044792,2024,3,F,1,3,1,2,0,1,0,3523107,Itaquaquecetuba,35,SP,E,F,C,D,4,A,C,B,B,C,C,A,B,A,A,B,A,B,A,B,B,D,A
210065045272,2024,3,F,1,3,1,2,0,1,0,3523107,Itaquaquecetuba,35,SP,B,E,B,D,6,A,E,A,B,C,A,A,B,A,B,A,A,B,B,B,A,E,A
210065045493,2024,3,F,1,3,1,2,0,1,0,3523107,Itaquaquecetuba,35,SP,E,E,D,D,4,A,F,A,C,C,B,A,B,A,B,B,A,B,A,B,B,E,E
210065050181,2024,3,F,1,3,1,2,0,1,0,3523107,Itaquaquecetuba,35,SP,D,D,F,B,3,B,C,A,B,B,A,A,B,A,B,B,A,B,A,B,A,D,A
210065054093,2024,3,M,1,2,1,2,0,1,0,3523107,Itaquaquecetuba,35,SP,E,D,B,F,4,A,C,A,C,C,B,A,B,A,B,B,A,B,B,B,A,D,A
210065054785,2024,3,F,1,1,1,2,0,1,0,3523107,Itaquaquecetuba,35,SP,H,B,F,B,3,A,B,A,B,C,A,A,B,A,B,B,A,B,B,B,B,C,A
210065054899,2024,4,F,1,1,1,1,1,,0,3523107,Itaquaquecetuba,35,SP,E,E,B,D,4,A,B,A,D,D,A,A,B,A,B,B,A,C,A,B,B,B,A
210065056946,2024,3,F,1,2,1,2,0,1,0,3523107,Itaquaquecetuba,35,SP,H,E,C,C,4,A,C,A,B,C,B,A,B,A,A,A,A,B,A,B,A,C,A
210065057157,2024,3,M,1,1,1,1,1,,0,3523107,Itaquaquecetuba,35,SP,E,E,C,C,4,A,C,A,B,A,B,B,B,A,B,B,A,A,A,B,C,E,A
210065057992,2024,3,F,1,3,1,2,0,1,0,3523107,Itaquaquecetuba,35,SP,E,E,C,D,4,A,C,A,D,C,B,A,B,A,B,B,B,D,B,B,D,E,A
210065058831,2024,3,F,1,3,1,2,0,1,0,3523107,Itaquaquecetuba,35,SP,E,E,C,B,4,A,B,A,B,B,A,A,B,A,A,A,A,B,A,B,A,B,A
210065059762,2024,2,F,1,1,1,2,0,1,0,3523107,Itaquaquecetuba,35,SP,E,F,D,D,4,A,G,A,D,D,B,A,B,A,B,B,B,D,A,B,C,E,D
210065059988,2024,13,F,1,2,1,1,0,,0,3523107,Itaquaquecetuba,35,SP,H,B,F,B,6,B,B,A,B,C,A,A,B,A,B,A,A,B,A,B,B,C,A
210065061527,2024,6,F,0,3,1,1,3,,0,3523107,Itaquaquecetuba,35,SP,C,F,C,D,2,B,D,A,B,B,A,B,B,A,A,A,A,B,A,B,A,C,A
210065061687,2024,7,F,1,1,1,1,5,,0,3523107,Itaquaquecetuba,35,SP,E,E,C,B,1,B,C,A,B,B,A,A,B,A,A,A,A,B,A,B,A,B,A
210065062172,2024,14,F,1,3,1,1,3,,0,3523107,Itaquaquecetuba,35,SP,E,B,C,B,3,B,C,A,B,B,B,A,B,A,A,B,A,B,A,B,A,B,A
210065064856,2024,3,F,1,3,1,1,1,,0,3523107,Itaquaquecetuba,35,SP,C,E,B,B,4,A,C,A,B,B,A,A,B,A,A,A,A,B,A,B,A,B,A
210065064864,2024,8,F,1,1,1,1,6,,0,3523107,Itaquaquecetuba,35,SP,B,B,B,B,5,A,C,A,B,B,A,A,B,A,B,B,A,B,A,B,A,D,A
210065064916,2024,3,M,1,2,1,1,1,,0,3523107,Itaquaquecetuba,35,SP,E,E,C,B,6,A,C,A,C,C,A,A,B,A,B,A,A,B,A,B,A,C,A
210065066270,2024,2,M,1,5,1,2,0,1,0,3523107,Itaquaquecetuba,35,SP,E,D,C,C,5,A,B,A,B,B,A,A,B,A,B,A,A,B,A,B,B,C,A
210065066304,2024,4,F,1,3,1,1,2,,0,3523107,Itaquaquecetuba,35,SP,E,F,D,D,4,A,D,A,B,C,B,A,B,A,A,B,A,B,A,B,B,C,D
210065066536,2024,4,M,1,1,1,4,0,,0,3523107,Itaquaquecetuba,35,SP,G,G,D,D,4,A,D,A,C,D,A,B,C,B,B,B,B,B,A,B,C,C,A
210065066584,2024,1,F,1,1,1,3,0,,1,3523107,Itaquaquecetuba,35,SP,E,E,D,D,5,A,I,A,B,C,B,A,B,A,B,B,A,C,A,B,B,D,A
210065066657,2024,1,F,1,1,1,3,0,,1,3523107,Itaquaquecetuba,35,SP,G,E,E,D,5,A,H,A,D,D,A,A,B,B,B,B,B,C,A,B,C,E,D
210065069232,2024,1,F,1,1,1,3,0,,1,3523107,Itaquaquecetuba,35,SP,E,D,B,C,5,A,D,A,C,D,B,A,B,A,B,B,A,B,A,B,B,C,A
210065071274,2024,2,F,1,3,1,2,0,1,0,3523107,Itaquaquecetuba,35,SP,C,E,F,F,3,A,C,A,C,D,A,A,B,B,A,A,A,C,A,B,A,D,A
210065072306,2024,2,F,1,3,1,2,0,1,0,3523107,Itaquaquecetuba,35,SP,E,D,B,B,4,A,E,A,D,D,B,A,B,A,B,B,A,D,A,B,B,E,A
210065073009,2024,3,F,1,1,1,2,0,1,0,3523107,Itaquaquecetuba,35,SP,G,G,E,D,3,A,P,A,C,C,B,A,B,A,B,B,B,C,A,B,D,E,D
210065073715,2024,3,M,1,3,1,2,0,1,0,3523107,Itaquaquecetuba,35,SP,G,F,C,B,4,A,F,A,B,C,B,A,B,A,B,B,B,B,B,B,C,E,D
210065074204,2024,3,M,1,1,1,2,0,1,0,3523107,Itaquaquecetuba,35,SP,E,F,C,F,4,A,D,A,B,C,B,A,B,A,B,B,B,B,A,B,B,E,A
210065074899,2024,9,M,1,3,1,1,7,,0,3523107,Itaquaquecetuba,35,SP,D,E,C,B,3,A,C,A,B,C,A,A,B,B,B,B,A,C,A,B,B,D,A
210065075428,2024,3,M,1,1,1,2,0,1,0,3523107,Itaquaquecetuba,35,SP,E,E,C,C,3,A,B,A,B,C,B,A,B,A,B,B,A,B,A,B,A,C,A
210065075488,2024,3,M,1,1,1,2,0,1,0,3523107,Itaquaquecetuba,35,SP,E,E,D,F,4,A,G,A,B,C,D,A,B,B,B,B,B,C,A,B,B,E,A
210065075828,2024,2,M,1,3,1,2,0,1,0,3523107,Itaquaquecetuba,35,SP,H,H,C,C,3,A,A,A,A,A,A,A,A,A,A,A,A,A,A,B,A,A,A
210065076598,2024,3,F,1,3,1,1,1,,0,3523107,Itaquaquecetuba,35,SP,H,F,B,D,3,B,B,A,B,C,A,A,B,A,A,B,A,B,A,A,B,C,A
210065076693,2024,3,F,1,3,1,1,1,,0,3523107,Itaquaquecetuba,35,SP,C,E,C,B,4,A,C,A,B,D,B,A,B,A,B,B,A,B,A,B,A,C,A
210065077162,2024,2,F,1,3,1,2,0,1,0,3523107,Itaquaquecetuba,35,SP,F,G,D,D,4,A,H,A,B,C,B,A,B,A,B,B,B,C,A,B,B,E,E
210065077996,2024,3,F,0,1,1,2,0,1,0,3523107,Itaquaquecetuba,35,SP,C,E,F,C,3,A,B,A,B,C,A,A,B,A,B,B,A,C,A,B,A,D,A
210065078209,2024,5,F,1,1,1,1,3,,0,3523107,Itaquaquecetuba,35,SP,E,F,C,D,3,A,H,A,B,D,B,A,B,A,B,B,B,B,A,B,B,D,D
210065079266,2024,6,F,1,4,2,1,4,,0,3523107,Itaquaquecetuba,35,SP,D,D,E,E,2,B,G,A,B,C,B,A,B,A,B,B,A,C,A,B,B,B,D
210065083749,2024,4,F,1,3,1,1,1,,0,3523107,Itaquaquecetuba,35,SP,H,E,F,F,3,A,C,A,B,C,A,A,B,A,A,B,A,B,A,B,B,C,A
210065084349,2024,13,F,1,1,1,1,18,,0,3523107,Itaquaquecetuba,35,SP,H,E,F,D,6,A,B,A,B,C,A,A,B,A,B,B,A,B,A,B,A,E,A
210065084402,2024,12,F,0,3,1,2,0,,0,3523107,Itaquaquecetuba,35,SP,H,A,C,A,3,B,C,A,B,B,A,A,B,A,B,B,A,B,A,A,A,C,A
210065087708,2024,3,F,1,3,1,2,0,1,0,3523107,Itaquaquecetuba,35,SP,E,E,D,B,6,A,F,A,C,D,C,B,B,A,B,B,B,D,A,B,C,E,A
210065091299,2024,14,M,3,1,1,1,18,,0,3523107,Itaquaquecetuba,35,SP,C,F,C,B,4,B,Q,A,C,C,C,A,B,A,B,B,B,C,B,B,D,C,B
210065096509,2024,3,F,1,1,1,2,0,1,0,3523107,Itaquaquecetuba,35,SP,G,G,D,E,3,A,H,A,C,C,C,A,B,A,B,B,B,C,A,B,B,D,D
210065097021,2024,8,F,1,2,1,1,6,,0,3523107,Itaquaquecetuba,35,SP,E,E,F,B,4,A,C,A,B,C,A,A,B,A,B,A,A,B,A,B,B,C,A
210065100847,2024,1,F,1,2,1,3,0,,1,3523107,Itaquaquecetuba,35,SP,D,E,B,B,5,A,C,A,C,B,B,A,B,A,A,B,B,B,B,B,A,E,A
210065102623,2024,11,M,1,2,1,1,13,,0,3523107,Itaquaquecetuba,35,SP,B,B,C,B,6,B,C,A,B,C,A,A,B,A,B,B,A,B,A,B,A,B,A
210065103515,2024,3,M,0,5,3,2,0,1,0,3523107,Itaquaquecetuba,35,SP,H,E,E,C,14,B,Q,A,C,D,B,A,D,B,B,A,B,D,A,B,B,E,A
210065103734,2024,6,M,1,2,1,1,1,,0,3523107,Itaquaquecetuba,35,SP,B,D,C,B,6,B,B,A,B,C,A,C,C,A,B,B,A,B,A,B,A,C,A
210065104015,2024,2,F,1,1,1,2,0,1,0,3523107,Itaquaquecetuba,35,SP,C,H,C,D,4,A,F,A,C,C,B,A,B,A,B,A,A,B,A,B,A,D,A
210065104217,2024,11,F,1,3,1,1,12,,0,3523107,Itaquaquecetuba,35,SP,B,C,C,B,4,B,F,A,B,B,A,A,B,A,B,B,A,B,A,B,B,D,A
210065106374,2024,4,M,1,3,1,1,2,,0,3523107,Itaquaquecetuba,35,SP,B,D,C,B,4,B,F,A,C,C,B,A,B,A,B,B,B,C,A,B,B,E,A
210065107601,2024,4,F,1,3,1,1,2,,0,3523107,Itaquaquecetuba,35,SP,F,C,D,D,4,B,L,B,D,D,C,A,B,A,B,B,B,C,A,B,C,D,A
210065111100,2024,2,M,1,2,1,2,0,1,0,3523107,Itaquaquecetuba,35,SP,H,D,F,B,3,A,B,A,C,D,A,A,B,A,B,B,B,B,A,B,A,D,A
210065113482,2024,2,F,1,3,1,2,0,1,0,3523107,Itaquaquecetuba,35,SP,B,B,A,F,2,A,A,A,B,C,B,B,B,A,B,B,B,B,A,B,B,D,A
210065113923,2024,3,F,1,3,1,2,0,1,0,3523107,Itaquaquecetuba,35,SP,D,E,C,B,5,B,C,A,B,D,B,A,B,A,A,B,A,C,A,B,A,E,A
210065114117,2024,3,F,1,1,1,2,0,1,0,3523107,Itaquaquecetuba,35,SP,E,E,B,D,6,A,C,A,B,C,B,A,B,A,B,B,A,B,A,B,B,E,A
210065114234,2024,2,F,1,2,1,2,0,1,0,3523107,Itaquaquecetuba,35,SP,E,F,C,D,4,A,H,A,C,C,B,A,C,A,B,B,B,D,A,B,B,E,A
210065114644,2024,2,F,1,1,1,3,0,,1,3523107,Itaquaquecetuba,35,SP,H,G,C,E,3,A,M,A,D,C,C,A,C,A,B,B,B,C,B,B,E,E,A
210065115682,2024,2,M,1,1,1,2,0,1,0,3523107,Itaquaquecetuba,35,SP,H,E,C,C,5,B,F,B,B,C,B,A,B,A,B,B,A,A,B,B,C,E,A
210065117862,2024,12,M,1,3,1,1,15,,0,3523107,Itaquaquecetuba,35,SP,C,C,C,C,1,B,C,A,B,B,A,A,B,A,A,B,A,B,A,B,B,B,A
210065119080,2024,13,M,2,3,1,1,0,,0,3523107,Itaquaquecetuba,35,SP,B,B,A,A,3,B,D,A,B,C,B,A,B,A,B,B,B,B,A,B,B,C,B
210065122625,2024,3,M,1,3,1,2,0,1,0,3523107,Itaquaquecetuba,35,SP,C,C,D,D,3,B,E,A,C,C,B,A,B,B,B,A,A,D,A,B,B,D,A
210065123415,2024,11,F,1,0,1,1,0,,0,3523107,Itaquaquecetuba,35,SP,A,A,A,A,1,A,B,A,B,B,A,A,A,A,A,A,A,A,A,A,A,A,A
210065123710,2024,9,F,1,3,1,1,7,,0,3523107,Itaquaquecetuba,35,SP,E,E,C,B,4,B,B,A,B,C,B,A,B,A,B,A,B,B,A,B,A,E,A
210065125540,2024,11,F,2,3,1,1,7,,0,3523107,Itaquaquecetuba,35,SP,H,H,F,F,4,B,C,A,B,B,A,A,B,A,A,A,A,B,A,B,B,C,A
210065125758,2024,2,F,1,3,2,2,0,1,0,3523107,Itaquaquecetuba,35,SP,D,E,C,A,4,B,B,A,B,C,B,A,B,A,B,B,A,B,A,B,B,C,A
210065125841,2024,2,F,1,1,1,3,0,,1,3523107,Itaquaquecetuba,35,SP,E,E,B,B,3,A,C,A,B,B,A,A,B,A,A,A,A,B,A,A,A,B,A
210065126019,2024,3,M,1,3,1,2,0,1,0,3523107,Itaquaquecetuba,35,SP,C,B,D,F,4,A,C,A,C,D,B,A,B,A,B,B,B,C,B,B,C,E,A
210065127368,2024,2,M,1,2,1,2,0,1,0,3523107,Itaquaquecetuba,35,SP,D,D,C,F,3,B,D,A,B,C,A,A,B,A,A,A,A,C,A,B,B,D,A
210065128331,2024,2,F,1,2,1,2,0,1,0,3523107,Itaquaquecetuba,35,SP,E,D,B,F,4,A,C,A,B,C,A,A,B,A,B,B,A,B,A,B,B,E,A
210065129067,2024,7,F,1,1,1,1,5,,0,3523107,Itaquaquecetuba,35,SP,E,D,B,B,4,B,B,A,B,C,B,A,B,A,B,B,A,B,A,B,B,E,A
210065129745,2024,1,F,1,1,1,3,0,,1,3523107,Itaquaquecetuba,35,SP,C,G,E,D,4,A,L,A,D,D,C,A,C,B,B,B,B,C,B,B,D,D,D
210065131515,2024,7,F,1,3,1,1,5,,0,3523107,Itaquaquecetuba,35,SP,C,B,B,B,2,A,B,A,B,B,A,A,B,A,A,B,A,B,A,B,A,B,A
210065133594,2024,15,F,2,3,1,1,18,,0,3523107,Itaquaquecetuba,35,SP,B,B,C,B,2,B,B,A,B,B,B,A,B,A,B,A,A,B,A,B,B,B,A
210065134215,2024,6,F,1,1,1,1,3,,0,3523107,Itaquaquecetuba,35,SP,H,E,B,B,4,A,B,A,C,D,A,A,B,A,B,A,A,C,A,B,A,D,A
210065135381,2024,2,F,1,1,1,2,0,1,0,3523107,Itaquaquecetuba,35,SP,H,D,F,C,2,A,A,A,B,B,A,A,B,A,A,B,A,B,A,B,A,B,A
210065135518,2024,2,M,1,1,1,2,0,1,0,3523107,Itaquaquecetuba,35,SP,E,E,B,B,3,A,B,A,B,B,A,A,B,A,A,A,A,B,A,A,A,D,A
210065135893,2024,9,F,1,1,1,1,7,,0,3523107,Itaquaquecetuba,35,SP,E,E,D,D,4,A,E,A,C,C,A,A,B,A,B,A,B,B,A,B,B,E,A
210065136707,2024,3,F,1,1,1,2,0,1,0,3523107,Itaquaquecetuba,35,SP,B,B,B,A,5,A,C,A,B,C,A,A,B,B,A,B,A,B,A,B,A,E,A
210065137491,2024,2,F,1,1,1,2,0,1,0,3523107,Itaquaquecetuba,35,SP,D,D,C,C,5,A,D,A,B,C,B,A,B,A,B,A,B,B,B,B,B,D,A
210065138956,2024,2,F,1,1,1,3,0,,1,3523107,Itaquaquecetuba,35,SP,C,E,C,B,3,A,C,A,D,D,A,A,B,A,B,B,B,D,A,B,B,D,E
210065139302,2024,2,F,1,1,1,2,0,1,0,3523107,Itaquaquecetuba,35,SP,C,E,C,C,4,A,E,A,B,C,A,A,B,A,A,B,A,B,B,B,A,C,A
210065141997,2024,3,F,1,3,1,2,0,1,0,3523107,Itaquaquecetuba,35,SP,E,E,F,B,2,B,D,A,B,B,A,A,B,A,B,B,B,C,A,B,A,B,A
210065143040,2024,3,M,1,1,1,2,0,1,0,3523107,Itaquaquecetuba,35,SP,F,G,C,D,3,A,H,B,C,D,C,A,B,B,B,B,B,D,B,B,B,D,D
210065145910,2024,11,F,1,1,1,1,10,,0,3523107,Itaquaquecetuba,35,SP,E,E,C,F,2,B,B,A,B,B,A,A,B,A,B,B,A,B,A,B,B,A,A
210065146087,2024,11,F,1,2,1,1,0,,0,3523107,Itaquaquecetuba,35,SP,B,B,D,C,3,A,B,A,B,C,A,A,B,A,B,B,A,B,A,B,B,D,A
210065146113,2024,12,M,1,1,1,1,16,,0,3523107,Itaquaquecetuba,35,SP,B,E,C,B,3,A,B,A,B,A,A,A,B,A,B,A,B,B,A,B,B,B,A
210065147418,2024,2,M,1,1,1,2,0,1,0,3523107,Itaquaquecetuba,35,SP,E,E,C,D,3,A,C,A,B,C,B,A,B,A,B,B,B,C,A,B,B,D,A
210065147600,2024,2,F,1,3,1,2,0,1,0,3523107,Itaquaquecetuba,35,SP,D,F,C,D,4,A,C,A,B,B,B,A,B,A,B,A,B,B,A,B,B,D,A
210065148456,2024,2,F,1,2,1,3,0,,1,3523107,Itaquaquecetuba,35,SP,F,F,F,F,4,A,E,A,B,C,B,A,B,A,B,A,B,C,B,B,D,E,A
210065148528,2024,8,F,1,1,1,1,6,,0,3523107,Itaquaquecetuba,35,SP,E,E,F,B,3,A,B,A,B,B,A,A,B,A,A,A,A,A,A,B,A,C,D
210065149312,2024,1,F,1,1,1,3,0,,1,3523107,Itaquaquecetuba,35,SP,F,G,B,D,4,A,I,A,B,C,C,B,B,A,B,B,B,D,B,B,B,D,A
210065151320,2024,1,F,1,1,1,3,0,,1,3523107,Itaquaquecetuba,35,SP,F,F,D,D,4,A,E,A,B,C,A,A,B,A,B,B,A,B,A,B,D,D,D
210065155229,2024,6,M,0,3,1,1,3,,0,3523107,Itaquaquecetuba,35,SP,H,E,F,B,5,B,D,A,B,C,A,A,B,A,B,B,A,C,A,B,B,C,A
210065155651,2024,5,F,1,1,1,1,2,,0,3523107,Itaquaquecetuba,35,SP,C,E,C,B,3,A,E,A,B,C,B,A,B,A,B,B,A,B,A,B,B,D,A
210065156196,2024,2,M,1,3,1,2,0,1,0,3523107,Itaquaquecetuba,35,SP,H,E,B,B,3,B,C,A,B,B,A,A,B,A,B,B,A,B,A,A,A,C,A
210065156588,2024,2,M,1,4,1,2,0,1,0,3523107,Itaquaquecetuba,35,SP,E,E,C,D,3,B,B,A,B,B,A,A,B,A,B,A,A,B,B,B,A,D,A
210065157964,2024,3,M,1,1,1,2,0,1,0,3523107,Itaquaquecetuba,35,SP,D,E,C,B,4,A,B,A,B,B,B,A,B,A,B,A,A,B,A,B,A,C,A
210065159122,2024,12,M,0,1,1,1,17,,0,3523107,Itaquaquecetuba,35,SP,H,E,F,B,2,A,D,A,B,C,A,A,B,A,B,B,B,B,A,B,B,C,A
210065159901,2024,14,F,2,1,1,1,18,,0,3523107,Itaquaquecetuba,35,SP,E,C,D,A,4,B,H,A,B,C,B,A,B,A,B,B,B,B,A,B,B,C,A
210065160188,2024,3,F,1,1,1,1,1,,0,3523107,Itaquaquecetuba,35,SP,E,E,D,D,5,A,I,A,B,C,B,A,B,A,B,A,A,B,A,B,A,E,A
210065161629,2024,3,F,1,2,1,1,1,,0,3523107,Itaquaquecetuba,35,SP,B,F,D,D,3,A,B,A,B,C,A,A,B,B,A,A,A,B,A,B,A,C,A
210065162206,2024,10,M,1,1,1,1,8,,0,3523107,Itaquaquecetuba,35,SP,G,G,D,D,3,A,B,A,B,C,A,A,B,A,B,B,A,B,A,B,B,C,B
210065163125,2024,2,F,1,3,1,2,0,1,0,3523107,Itaquaquecetuba,35,SP,E,E,C,D,3,A,C,A,B,C,A,A,B,A,B,B,A,B,A,B,B,C,A
210065163678,2024,4,F,1,1,1,1,2,,0,3523107,Itaquaquecetuba,35,SP,F,C,D,B,3,B,C,A,C,D,A,A,B,A,B,B,A,B,A,B,A,D,A
210065165016,2024,5,F,0,1,1,2,0,,0,3523107,Itaquaquecetuba,35,SP,B,C,B,A,3,B,C,A,B,B,A,A,B,A,B,A,A,B,A,B,A,C,A
210065166029,2024,3,M,1,4,1,2,0,1,0,3523107,Itaquaquecetuba,35,SP,H,E,D,B,4,A,B,A,B,C,B,B,B,A,B,A,A,B,A,B,B,D,A
210065169060,2024,9,M,1,2,1,1,7,,0,3523107,Itaquaquecetuba,35,SP,D,C,F,F,1,B,B,A,B,B,A,A,B,A,A,B,A,B,A,B,B,B,A
210065170188,2024,3,F,1,2,1,1,1,,0,3523107,Itaquaquecetuba,35,SP,D,D,A,B,5,B,B,A,B,B,B,A,B,A,B,B,B,B,A,B,A,B,A
210065170788,2024,2,M,1,2,1,3,0,,1,3523107,Itaquaquecetuba,35,SP,E,F,F,F,2,A,A,A,B,C,A,A,B,A,B,B,A,B,A,B,A,C,A
210065171544,2024,4,M,1,5,3,1,1,,0,3523107,Itaquaquecetuba,35,SP,D,D,C,C,6,B,C,A,C,D,A,A,B,A,A,B,A,A,A,B,A,E,A
210065171814,2024,11,F,1,3,1,1,11,,0,3523107,Itaquaquecetuba,35,SP,D,E,C,B,4,B,C,A,B,C,A,A,B,A,B,A,A,C,A,B,B,E,A
210065172094,2024,13,M,2,3,1,1,18,,0,3523107,Itaquaquecetuba,35,SP,C,D,B,B,4,B,C,A,B,C,A,A,B,A,B,A,A,B,A,B,B,C,A
210065172462,2024,2,F,1,1,1,2,0,1,0,3523107,Itaquaquecetuba,35,SP,H,H,F,F,4,A,A,A,A,A,A,A,A,A,A,A,A,A,A,A,A,A,A
210065173490,2024,3,F,1,3,1,3,0,,1,3523107,Itaquaquecetuba,35,SP,B,D,C,F,4,A,B,A,B,C,A,A,B,A,A,A,A,A,A,B,A,B,A
210065173937,2024,12,M,2,1,1,1,15,,0,3523107,Itaquaquecetuba,35,SP,D,D,B,B,5,A,C,A,B,C,B,A,B,A,B,B,A,B,A,B,A,C,A
210065174209,2024,2,F,1,1,1,2,0,1,0,3523107,Itaquaquecetuba,35,SP,G,G,F,E,4,A,D,A,B,C,B,A,B,A,B,A,B,C,A,B,C,D,A
210065179427,2024,12,M,1,3,1,1,13,,0,3523107,Itaquaquecetuba,35,SP,B,D,C,B,3,A,C,A,B,C,B,A,B,A,B,A,A,C,A,B,B,C,A
210065179582,2024,3,M,1,3,1,2,0,1,0,3523107,Itaquaquecetuba,35,SP,C,C,B,A,4,A,E,A,B,C,A,A,B,A,B,A,A,B,A,B,A,D,A
210065179654,2024,2,F,0,1,1,2,0,1,0,3523107,Itaquaquecetuba,35,SP,E,F,B,D,5,A,G,A,C,D,B,A,B,A,B,B,B,B,A,B,B,D,A
210065179732,2024,2,F,1,3,1,2,0,1,0,3523107,Itaquaquecetuba,35,SP,C,C,B,B,5,A,C,A,C,C,B,B,B,A,B,B,B,C,A,B,A,D,A
210065180064,2024,3,F,1,3,1,2,0,1,0,3523107,Itaquaquecetuba,35,SP,B,D,C,B,4,A,B,A,B,C,A,A,B,A,A,A,B,B,A,B,A,C,A
210065180376,2024,5,F,1,4,1,2,0,1,0,3523107,Itaquaquecetuba,35,SP,C,C,F,F,4,A,B,A,B,C,B,A,C,A,B,B,A,C,A,B,B,D,A
210065180421,2024,4,M,3,1,1,1,2,,0,3523107,Itaquaquecetuba,35,SP,E,E,D,D,4,B,F,A,C,C,B,A,B,A,B,B,A,B,A,B,B,E,A
210065183127,2024,2,M,1,2,1,2,0,1,0,3523107,Itaquaquecetuba,35,SP,C,C,B,B,6,B,E,B,B,D,B,A,C,B,B,A,B,D,B,B,B,E,A
210065183297,2024,2,M,1,3,1,2,0,1,0,3523107,Itaquaquecetuba,35,SP,E,E,C,B,4,A,B,A,B,C,B,A,B,A,B,A,A,B,A,B,A,B,A
210065183911,2024,3,M,1,3,1,2,0,1,0,3523107,Itaquaquecetuba,35,SP,E,E,D,C,4,A,G,A,B,C,B,A,B,A,B,B,B,C,B,B,C,D,A
210065184598,2024,2,M,1,3,1,2,0,1,0,3523107,Itaquaquecetuba,35,SP,C,C,C,B,5,A,C,A,B,C,B,A,B,A,B,B,B,B,A,B,A,E,A
210065184687,2024,2,F,1,1,1,2,0,1,0,3523107,Itaquaquecetuba,35,SP,E,E,F,B,3,A,E,A,C,C,B,B,B,A,A,B,A,B,B,B,A,D,A
210065187102,2024,3,M,1,1,1,2,0,1,0,3523107,Itaquaquecetuba,35,SP,E,F,B,D,4,A,G,A,D,D,A,A,B,B,B,B,B,D,A,B,C,E,A
210065187632,2024,1,F,1,1,1,3,0,,1,3523107,Itaquaquecetuba,35,SP,E,E,F,B,5,A,D,A,C,A,A,A,B,A,B,A,A,B,A,B,B,A,A
210065191290,2024,3,M,0,2,1,2,0,1,0,3523107,Itaquaquecetuba,35,SP,D,D,B,B,4,B,B,A,B,C,B,A,B,A,B,A,A,B,A,B,A,D,A
210065192434,2024,2,F,1,1,1,2,0,,0,3523107,Itaquaquecetuba,35,SP,H,E,F,B,3,A,C,A,B,C,B,A,B,A,B,B,B,B,A,B,A,D,A
210065194612,2024,2,F,1,2,1,2,0,1,0,3523107,Itaquaquecetuba,35,SP,D,E,C,B,4,A,B,A,B,C,A,A,B,A,B,A,A,B,A,B,A,C,A
210065194713,2024,3,F,1,1,1,2,0,1,0,3523107,Itaquaquecetuba,35,SP,E,E,F,B,2,B,C,A,A,B,A,A,B,A,B,A,A,B,A,B,A,C,A
210065194895,2024,2,M,1,2,1,2,0,1,0,3523107,Itaquaquecetuba,35,SP,E,E,C,B,4,B,H,A,B,C,B,A,C,B,B,B,B,D,A,B,B,E,A
210065195650,2024,2,M,1,2,1,2,0,1,0,3523107,Itaquaquecetuba,35,SP,B,E,B,D,3,A,E,A,B,C,A,A,B,A,B,B,A,C,A,B,B,D,A
210065195919,2024,3,F,1,3,1,2,0,1,0,3523107,Itaquaquecetuba,35,SP,E,E,B,B,3,A,D,A,B,C,B,A,B,A,B,B,A,B,A,B,C,D,A
210065196215,2024,3,F,1,1,1,2,0,1,0,3523107,Itaquaquecetuba,35,SP,E,E,C,A,5,A,B,A,B,B,C,A,B,A,B,A,A,B,A,B,A,E,C
210065196274,2024,2,F,1,1,1,3,0,,1,3523107,Itaquaquecetuba,35,SP,D,F,D,D,3,A,H,A,B,C,B,A,B,A,B,B,A,C,A,B,C,D,A
210065197039,2024,8,M,0,3,2,1,5,,0,3523107,Itaquaquecetuba,35,SP,D,E,C,D,2,B,C,A,B,B,A,B,B,A,B,B,A,B,A,B,B,C,A
210065197612,2024,2,M,1,3,1,2,0,1,0,3523107,Itaquaquecetuba,35,SP,E,E,E,E,3,B,H,A,B,C,B,A,B,A,A,A,A,A,A,A,A,B,A
210065198125,2024,3,F,1,1,1,2,0,1,0,3523107,Itaquaquecetuba,35,SP,B,B,F,F,2,A,A,A,B,C,A,A,B,A,B,B,A,B,A,A,A,C,A
210065199097,2024,4,F,1,1,1,1,1,,0,3523107,Itaquaquecetuba,35,SP,H,F,F,D,9,A,E,A,B,C,A,A,B,A,B,B,A,B,A,B,A,E,A
210065199561,2024,2,M,1,1,1,2,0,1,0,3523107,Itaquaquecetuba,35,SP,E,E,E,F,4,A,G,A,B,C,B,A,B,A,B,B,A,B,A,B,B,D,B
210065199740,2024,1,M,1,3,1,3,0,,1,3523107,Itaquaquecetuba,35,SP,E,E,C,C,4,A,B,A,B,D,B,B,B,A,B,B,A,B,A,B,B,E,A
210065201869,2024,12,M,2,1,1,1,15,,0,3523107,Itaquaquecetuba,35,SP,C,B,B,B,4,B,C,A,B,B,B,A,B,A,B,B,B,B,A,B,B,B,B
210065201925,2024,3,M,1,1,1,2,0,1,0,3523107,Itaquaquecetuba,35,SP,E,E,C,F,4,B,F,A,B,C,B,B,B,A,B,B,A,C,A,B,B,E,A
210065202670,2024,3,M,1,3,2,2,0,1,0,3523107,Itaquaquecetuba,35,SP,E,D,C,B,2,A,D,A,B,C,B,A,B,B,B,A,A,A,A,B,C,C,A
210065202910,2024,7,M,1,3,3,1,0,,0,3523107,Itaquaquecetuba,35,SP,H,B,F,C,6,A,B,A,B,C,A,A,B,A,A,B,A,B,A,B,A,C,A
210065203739,2024,7,F,1,3,1,1,5,,0,3523107,Itaquaquecetuba,35,SP,E,C,F,B,1,B,B,A,B,B,A,A,B,A,B,B,A,B,B,B,A,B,A
210065203782,2024,2,M,1,3,1,2,0,1,0,3523107,Itaquaquecetuba,35,SP,E,E,C,B,4,A,D,A,B,B,A,A,B,A,B,B,A,B,A,B,B,D,A
210065203899,2024,6,F,1,3,1,1,3,,0,3523107,Itaquaquecetuba,35,SP,C,E,B,B,3,B,B,A,B,B,A,A,B,A,A,B,B,A,A,B,A,D,A
210065205921,2024,14,M,3,1,1,1,18,,0,3523107,Itaquaquecetuba,35,SP,D,B,B,B,3,B,B,A,B,C,C,A,B,A,B,A,B,C,A,B,B,D,A
210065206429,2024,4,M,1,3,1,1,2,,0,3523107,Itaquaquecetuba,35,SP,D,C,F,F,6,A,D,A,C,C,C,A,B,A,A,A,B,B,A,B,B,E,A
210065207017,2024,5,F,1,1,1,1,2,,0,3523107,Itaquaquecetuba,35,SP,B,C,C,F,4,B,C,A,B,C,A,A,B,A,A,A,A,A,A,A,A,C,A
210065207559,2024,10,M,1,1,1,1,7,,0,3523107,Itaquaquecetuba,35,SP,B,B,C,B,4,A,E,A,C,D,B,A,B,A,B,B,B,D,A,B,C,E,A
210065208869,2024,11,F,1,3,1,4,0,,0,3523107,Itaquaquecetuba,35,SP,B,A,A,A,2,A,B,A,B,B,A,A,B,A,A,A,A,B,A,B,A,B,A
210065209292,2024,8,M,1,3,1,1,6,,0,3523107,Itaquaquecetuba,35,SP,D,E,C,B,4,B,C,A,C,D,B,A,B,A,B,B,B,B,A,B,A,E,A
210065209912,2024,14,M,2,1,2,1,0,,0,3523107,Itaquaquecetuba,35,SP,D,E,C,D,4,B,C,A,B,B,B,A,B,A,B,B,A,B,A,B,B,C,A
210065210344,2024,6,M,1,3,1,3,0,,1,3523107,Itaquaquecetuba,35,SP,D,E,C,F,5,A,B,A,B,C,A,A,B,A,B,A,A,C,A,B,B,E,A
210065210847,2024,11,F,0,3,1,1,7,,0,3523107,Itaquaquecetuba,35,SP,B,B,A,B,3,B,A,A,B,B,A,B,B,A,B,B,A,B,A,B,A,C,A
210065211956,2024,3,M,1,1,1,2,0,1,0,3523107,Itaquaquecetuba,35,SP,E,F,C,D,4,A,H,A,C,D,C,A,B,B,B,B,B,B,A,B,C,E,A
210065212998,2024,2,M,1,1,1,2,0,1,0,3523107,Itaquaquecetuba,35,SP,D,G,C,D,4,A,E,A,B,C,B,B,B,A,B,B,A,D,A,B,C,E,A
210065213553,2024,3,M,1,3,1,2,0,1,0,3523107,Itaquaquecetuba,35,SP,H,E,F,C,4,A,E,C,B,C,B,A,B,A,B,B,A,C,A,B,B,D,A
210065215787,2024,3,M,1,3,1,1,1,,0,3523107,Itaquaquecetuba,35,SP,F,F,D,D,5,B,M,A,C,B,B,A,B,A,B,B,B,C,B,B,E,E,D
210065217485,2024,4,M,1,1,1,1,1,,0,3523107,Itaquaquecetuba,35,SP,E,D,D,D,4,A,I,A,B,D,C,A,B,A,B,B,B,B,A,B,C,E,A
210065218003,2024,7,F,1,2,1,1,5,,0,3523107,Itaquaquecetuba,35,SP,E,E,B,F,4,A,D,A,B,B,B,A,B,A,B,B,A,B,A,B,A,D,A
210065220566,2024,2,F,1,3,1,2,0,1,0,3523107,Itaquaquecetuba,35,SP,E,G,C,D,4,A,O,A,C,D,B,A,B,A,B,B,B,D,A,B,D,E,E
210065220923,2024,17,F,3,3,1,1,18,,0,3523107,Itaquaquecetuba,35,SP,E,E,A,A,1,B,A,A,B,A,A,A,B,A,B,A,A,B,A,B,A,B,A
210065221735,2024,1,M,0,1,1,3,0,,1,3523107,Itaquaquecetuba,35,SP,D,G,B,D,4,A,F,A,B,C,B,A,B,A,B,A,A,B,B,B,C,D,D
210065221886,2024,2,M,1,3,4,2,0,1,0,3523107,Itaquaquecetuba,35,SP,H,E,F,B,4,B,B,A,B,C,A,A,B,A,B,A,A,C,A,A,A,E,A
210065222015,2024,2,F,1,1,1,2,0,1,0,3523107,Itaquaquecetuba,35,SP,E,E,D,C,4,A,F,A,B,C,B,A,B,A,B,B,A,B,A,B,A,C,D
210065222593,2024,1,F,1,1,1,3,0,,1,3523107,Itaquaquecetuba,35,SP,C,E,D,F,4,A,C,A,B,C,A,A,B,A,B,B,A,B,A,B,A,C,A
210065224143,2024,12,F,2,3,3,1,10,,0,3523107,Itaquaquecetuba,35,SP,D,A,F,B,3,A,B,A,B,B,A,A,B,A,B,B,A,B,A,B,A,C,A
210065225599,2024,4,F,1,3,1,1,1,,0,3523107,Itaquaquecetuba,35,SP,H,E,F,D,5,B,E,A,B,C,A,A,B,B,B,A,A,B,A,B,A,C,A
210065226414,2024,11,M,1,2,1,1,9,,0,3523107,Itaquaquecetuba,35,SP,B,E,C,D,1,B,G,A,B,B,A,A,B,A,A,A,A,A,A,B,B,B,A
210065227059,2024,7,F,1,3,1,1,5,,0,3523107,Itaquaquecetuba,35,SP,E,E,B,C,5,B,D,A,B,D,A,A,B,A,B,B,A,C,B,B,C,E,A
210065227218,2024,12,F,1,3,1,1,14,,0,3523107,Itaquaquecetuba,35,SP,H,E,B,B,3,B,C,A,B,B,A,A,B,A,A,A,A,B,A,B,A,B,A
210065230027,2024,7,F,1,1,1,1,5,,0,3523107,Itaquaquecetuba,35,SP,B,B,B,B,2,B,B,A,B,C,A,A,B,A,B,B,A,B,A,B,B,C,A
210065230535,2024,3,F,1,1,1,2,0,1,0,3523107,Itaquaquecetuba,35,SP,B,D,B,C,4,A,C,A,B,B,B,A,B,A,B,B,A,B,A,B,B,E,A
210065230913,2024,9,F,1,2,1,1,7,,0,3523107,Itaquaquecetuba,35,SP,E,E,B,C,5,B,C,A,B,D,B,A,B,A,B,B,A,B,B,B,B,E,A
210065231056,2024,2,F,1,1,1,2,0,1,0,3523107,Itaquaquecetuba,35,SP,D,E,C,C,4,A,D,A,B,B,A,A,B,A,B,A,A,B,A,B,B,D,A
210065231435,2024,10,M,1,3,1,1,8,,0,3523107,Itaquaquecetuba,35,SP,E,E,B,D,4,A,C,A,B,C,A,B,B,B,B,B,A,B,A,B,B,E,A
210065232559,2024,4,F,1,2,1,1,1,,0,3523107,Itaquaquecetuba,35,SP,E,E,B,B,3,A,D,A,B,C,B,A,B,A,A,B,A,B,A,B,A,D,A
210065232830,2024,2,F,1,3,1,2,0,1,0,3523107,Itaquaquecetuba,35,SP,H,D,F,D,3,A,B,A,B,C,A,A,B,A,B,B,A,B,A,B,B,D,A
210065233071,2024,11,F,1,1,1,1,12,,0,3523107,Itaquaquecetuba,35,SP,C,E,D,C,3,B,E,A,B,D,B,A,B,B,B,B,A,B,A,B,B,C,A
210065234164,2024,7,M,1,1,1,1,5,,0,3523107,Itaquaquecetuba,35,SP,E,C,C,C,3,B,C,A,B,C,A,A,B,A,B,A,A,B,A,B,B,B,A
210065235328,2024,6,M,1,1,1,1,2,,0,3523107,Itaquaquecetuba,35,SP,E,F,C,D,3,B,G,A,C,C,B,A,B,A,B,B,B,C,B,B,B,D,A
210065236035,2024,2,F,1,1,1,2,0,1,0,3523107,Itaquaquecetuba,35,SP,E,E,B,B,3,A,C,A,B,C,B,A,B,A,B,B,A,D,A,B,B,D,A
210065236863,2024,14,F,3,3,1,1,18,,0,3523107,Itaquaquecetuba,35,SP,B,A,C,B,2,B,C,A,B,C,A,A,B,A,B,B,A,B,A,B,A,C,A
210065237017,2024,7,F,1,1,1,1,5,,0,3523107,Itaquaquecetuba,35,SP,D,D,C,B,4,B,B,A,B,C,A,B,B,A,A,A,A,B,A,B,B,C,A
210065238167,2024,3,F,1,3,1,2,0,1,0,3523107,Itaquaquecetuba,35,SP,B,C,A,F,3,B,B,A,B,A,A,A,B,A,A,A,A,B,A,B,A,C,A
210065239521,2024,3,F,1,1,1,2,0,1,0,3523107,Itaquaquecetuba,35,SP,F,E,C,B,3,A,F,A,B,B,B,A,B,A,B,B,A,B,B,B,B,D,A
210065243312,2024,3,M,1,3,1,2,0,1,0,3523107,Itaquaquecetuba,35,SP,H,E,F,F,4,B,D,A,B,B,A,A,B,A,B,A,A,C,A,B,A,D,A
210065243492,2024,17,F,1,2,1,1,0,,0,3523107,Itaquaquecetuba,35,SP,B,B,A,B,3,B,D,A,B,C,A,A,B,A,B,B,A,B,A,B,A,C,A
210065243630,2024,2,F,1,1,1,2,0,1,0,3523107,Itaquaquecetuba,35,SP,E,E,D,D,4,A,F,A,B,C,C,A,B,A,B,B,B,B,A,B,B,E,A
210065244422,2024,3,F,1,3,1,2,0,1,0,3523107,Itaquaquecetuba,35,SP,H,E,F,B,3,A,A,A,B,C,A,A,B,A,A,A,A,B,A,B,A,D,A
210065245565,2024,4,F,1,3,1,1,1,,0,3523107,Itaquaquecetuba,35,SP,C,G,C,B,4,B,C,A,C,C,B,A,B,A,A,A,A,B,A,B,B,D,A
210065250218,2024,3,F,1,1,1,2,0,1,0,3523107,Itaquaquecetuba,35,SP,E,E,E,B,7,A,D,A,B,C,B,A,B,A,B,B,A,B,A,B,A,D,A
210065250220,2024,4,F,1,3,1,1,2,,0,3523107,Itaquaquecetuba,35,SP,E,E,C,B,4,B,C,A,B,C,A,A,B,B,B,B,A,B,A,B,A,C,A
210065250887,2024,7,M,1,2,1,1,5,,0,3523107,Itaquaquecetuba,35,SP,C,D,C,B,5,A,C,A,B,C,B,A,B,A,B,B,A,B,A,B,A,B,A
210065251330,2024,5,F,1,1,1,1,3,,0,3523107,Itaquaquecetuba,35,SP,A,A,F,B,3,A,D,A,B,B,A,A,B,A,B,B,A,B,A,B,B,D,A
210065251955,2024,4,F,1,1,1,1,2,,0,3523107,Itaquaquecetuba,35,SP,B,G,C,D,5,A,G,A,B,C,B,A,B,A,B,B,B,C,A,B,B,E,A
210065251992,2024,2,F,1,2,1,2,0,1,0,3523107,Itaquaquecetuba,35,SP,B,B,B,B,5,A,B,B,C,D,B,A,B,B,B,A,A,A,B,B,A,E,A
210065252201,2024,1,F,1,1,1,3,0,,1,3523107,Itaquaquecetuba,35,SP,E,G,D,D,3,A,H,A,B,C,B,A,B,A,B,B,B,C,A,B,A,D,D
210065253597,2024,7,F,1,1,1,1,5,,0,3523107,Itaquaquecetuba,35,SP,D,C,C,B,3,A,E,A,B,C,B,B,B,A,B,B,B,B,B,B,B,B,A
210065254728,2024,1,F,1,3,1,3,0,,1,3523107,Itaquaquecetuba,35,SP,D,C,C,D,3,A,D,A,B,B,B,A,B,A,B,B,A,B,A,B,A,D,A
210065256603,2024,4,M,1,1,1,2,0,1,0,3523107,Itaquaquecetuba,35,SP,H,H,F,F,5,A,B,D,B,B,B,A,B,A,B,B,A,B,A,A,A,E,A
210065259016,2024,4,F,1,1,1,1,1,,0,3523107,Itaquaquecetuba,35,SP,E,E,C,B,3,B,C,A,B,C,A,A,B,A,B,A,A,B,A,B,B,C,A
210065260372,2024,7,F,1,3,1,1,7,,0,3523107,Itaquaquecetuba,35,SP,B,D,C,C,4,B,C,A,B,C,B,A,B,A,B,B,A,B,A,B,B,B,A
210065262826,2024,15,F,1,2,1,1,18,,0,3523107,Itaquaquecetuba,35,SP,A,B,B,B,3,B,E,A,B,C,A,A,B,A,B,A,A,C,A,B,C,C,A
210065262981,2024,4,F,1,1,1,1,1,,0,3523107,Itaquaquecetuba,35,SP,E,G,C,D,5,A,G,A,B,C,B,A,B,A,B,B,A,C,A,B,B,D,E
210065266008,2024,3,F,1,3,1,2,0,1,0,3523107,Itaquaquecetuba,35,SP,B,E,D,D,8,A,E,A,C,D,C,A,C,B,B,B,B,D,A,B,C,E,A
210065267856,2024,3,F,1,1,1,2,0,1,0,3523107,Itaquaquecetuba,35,SP,C,D,C,B,4,A,C,A,B,B,A,A,B,A,A,A,A,B,A,B,A,D,A
210065268098,2024,3,M,1,1,1,2,0,1,0,3523107,Itaquaquecetuba,35,SP,E,F,C,F,4,A,B,A,B,B,A,A,B,A,A,B,A,B,A,B,A,C,A
210065268300,2024,4,M,1,1,1,1,2,,0,3523107,Itaquaquecetuba,35,SP,D,D,F,C,3,B,D,A,B,C,A,A,B,B,B,B,A,B,A,B,A,D,A
210065269014,2024,15,F,2,1,1,1,18,,0,3523107,Itaquaquecetuba,35,SP,C,D,B,B,4,A,E,A,B,C,B,A,B,A,B,B,B,B,A,B,E,E,A
210065269365,2024,3,F,0,1,1,2,0,1,0,3523107,Itaquaquecetuba,35,SP,E,E,D,D,4,A,H,A,C,C,B,A,B,A,B,B,B,C,B,B,B,D,D
210065271628,2024,2,M,1,2,1,2,0,1,0,3523107,Itaquaquecetuba,35,SP,E,D,C,B,3,A,E,A,B,C,A,A,B,A,B,B,A,D,A,B,B,D,A
210065271648,2024,2,F,1,1,1,2,0,1,0,3523107,Itaquaquecetuba,35,SP,E,E,C,B,3,A,B,A,B,C,A,B,B,A,B,B,A,A,A,B,B,D,A
210065273600,2024,4,F,1,2,1,1,2,,0,3523107,Itaquaquecetuba,35,SP,B,B,C,B,8,A,G,A,B,D,B,A,C,A,B,B,A,B,A,B,D,E,A
210065275523,2024,2,M,1,1,1,2,0,1,0,3523107,Itaquaquecetuba,35,SP,F,G,F,F,2,B,F,A,B,C,A,A,B,A,B,B,B,A,B,B,B,C,D
210065276169,2024,2,M,1,3,1,2,0,1,0,3523107,Itaquaquecetuba,35,SP,F,E,E,A,4,A,G,A,B,B,B,A,B,A,A,B,A,B,A,B,A,C,A
210065278280,2024,2,F,1,3,1,2,0,1,0,3523107,Itaquaquecetuba,35,SP,C,E,C,B,4,A,B,A,B,C,A,A,B,A,A,A,A,B,A,B,A,E,A
210065280904,2024,2,M,1,3,1,2,0,1,0,3523107,Itaquaquecetuba,35,SP,E,E,D,B,4,A,G,A,B,C,B,A,B,A,B,B,A,C,A,B,B,E,D
210065281808,2024,2,M,1,2,1,2,0,1,0,3523107,Itaquaquecetuba,35,SP,F,G,D,D,4,A,C,A,B,C,B,A,B,A,B,B,A,B,A,B,B,E,A
210065281907,2024,8,F,1,3,1,1,6,,0,3523107,Itaquaquecetuba,35,SP,B,A,B,F,2,A,B,A,B,B,A,A,B,A,A,A,A,B,A,B,B,B,A
210065282305,2024,2,F,1,3,1,3,0,,1,3523107,Itaquaquecetuba,35,SP,D,F,C,D,4,A,E,A,B,C,B,A,B,A,B,B,B,B,A,B,C,E,A
210065284510,2024,5,F,1,3,1,1,4,,0,3523107,Itaquaquecetuba,35,SP,E,D,C,B,4,A,C,A,B,C,A,A,B,B,B,B,A,B,A,B,A,B,A
210065284626,2024,2,F,1,3,1,3,0,,1,3523107,Itaquaquecetuba,35,SP,C,E,B,B,3,A,E,A,B,C,A,A,B,A,B,B,A,C,A,B,B,D,E
210065284980,2024,8,M,1,3,1,1,5,,0,3523107,Itaquaquecetuba,35,SP,D,D,D,B,2,B,D,A,B,B,A,A,B,B,B,A,A,B,A,B,A,B,A
210065286781,2024,2,M,1,3,1,2,0,1,0,3523107,Itaquaquecetuba,35,SP,E,C,F,B,4,A,B,A,B,C,A,A,B,A,A,B,A,B,A,B,B,D,A
210065292961,2024,3,F,1,3,1,2,0,1,0,3523107,Itaquaquecetuba,35,SP,E,E,C,F,5,A,B,A,C,D,B,A,B,A,A,B,B,B,A,B,B,E,A
210065293552,2024,1,F,1,3,1,3,0,,1,3523107,Itaquaquecetuba,35,SP,E,D,F,D,4,A,F,A,B,C,C,B,B,A,B,B,B,C,A,B,B,E,A
210065293709,2024,2,F,1,3,1,3,0,,1,3523107,Itaquaquecetuba,35,SP,E,G,C,D,3,A,D,A,B,C,B,A,B,A,B,B,A,B,A,B,B,D,A
210065293710,2024,2,M,1,1,1,2,0,1,0,3523107,Itaquaquecetuba,35,SP,B,E,F,B,4,A,B,A,B,D,A,B,B,A,B,A,A,A,A,B,A,E,A
210065294618,2024,3,M,1,1,1,2,0,1,0,3523107,Itaquaquecetuba,35,SP,E,E,C,C,2,A,C,A,B,C,B,A,B,A,B,B,B,C,B,B,A,C,A
210065294971,2024,3,M,1,3,1,2,0,1,0,3523107,Itaquaquecetuba,35,SP,G,E,D,D,4,B,G,A,B,D,B,B,B,A,B,B,B,B,A,B,B,E,A
210065296569,2024,3,M,1,3,1,2,0,1,0,3523107,Itaquaquecetuba,35,SP,E,B,A,A,6,A,B,A,B,C,A,A,B,B,B,B,A,B,A,B,B,D,A
210065297407,2024,3,F,1,1,1,2,0,1,0,3523107,Itaquaquecetuba,35,SP,E,E,C,F,5,A,D,A,B,C,B,A,B,A,B,B,A,B,A,B,B,D,A
210065297438,2024,12,F,1,3,1,1,0,,0,3523107,Itaquaquecetuba,35,SP,E,E,B,B,3,B,B,A,B,C,A,A,B,A,A,A,A,A,A,A,A,B,A
210065297745,2024,16,F,2,1,1,2,0,,0,3523107,Itaquaquecetuba,35,SP,B,C,F,F,7,A,B,A,C,C,A,A,B,A,A,A,A,B,A,B,A,B,A
210065299193,2024,3,F,1,1,1,2,0,1,0,3523107,Itaquaquecetuba,35,SP,E,E,D,F,3,A,D,A,B,C,C,A,B,A,B,B,B,C,A,B,C,D,A
210065300333,2024,4,F,1,1,1,1,2,,0,3523107,Itaquaquecetuba,35,SP,E,D,C,B,5,A,B,A,B,C,B,A,B,A,B,B,A,B,A,B,A,D,A
210065300992,2024,9,F,1,1,1,1,7,,0,3523107,Itaquaquecetuba,35,SP,D,C,B,B,3,A,D,A,B,C,B,A,B,A,A,B,A,B,A,B,B,B,A
210065301063,2024,12,M,2,3,1,1,0,,0,3523107,Itaquaquecetuba,35,SP,D,B,B,C,4,B,C,A,B,B,A,A,B,A,B,A,A,B,A,B,A,B,A
210065301531,2024,3,M,1,2,1,2,0,1,0,3523107,Itaquaquecetuba,35,SP,H,E,C,F,4,A,A,A,B,C,A,A,B,A,B,B,A,B,A,B,B,B,A
210065302986,2024,8,M,1,1,1,1,5,,0,3523107,Itaquaquecetuba,35,SP,H,E,A,B,3,A,B,A,B,B,A,A,B,A,B,B,A,B,A,B,B,C,A
210065303311,2024,12,F,1,3,1,1,17,,0,3523107,Itaquaquecetuba,35,SP,B,E,C,F,2,B,C,A,B,B,A,A,B,A,B,B,A,B,A,B,B,C,A
210065303810,2024,3,M,1,3,1,1,1,,0,3523107,Itaquaquecetuba,35,SP,E,E,C,B,3,B,E,A,B,C,A,A,B,A,B,B,B,B,A,B,B,D,A
210065304130,2024,1,M,1,1,1,3,0,,1,3523107,Itaquaquecetuba,35,SP,F,F,E,E,3,A,H,A,B,D,B,A,B,A,B,B,A,D,B,B,C,D,D
210065304180,2024,2,F,1,1,1,2,0,1,0,3523107,Itaquaquecetuba,35,SP,E,E,C,B,5,B,E,A,B,C,B,A,B,A,B,B,B,D,B,B,B,E,A
210065304569,2024,2,F,1,3,1,2,0,1,0,3523107,Itaquaquecetuba,35,SP,B,B,B,D,4,A,D,A,B,C,A,A,B,A,A,A,A,B,A,B,A,D,A
210065305128,2024,2,F,1,2,1,2,0,1,0,3523107,Itaquaquecetuba,35,SP,C,E,F,B,6,A,D,A,B,C,A,A,B,A,B,A,A,B,A,B,A,B,A
210065305356,2024,11,M,1,2,1,1,10,,0,3523107,Itaquaquecetuba,35,SP,D,C,C,B,4,B,E,A,B,D,A,A,B,A,A,B,A,C,A,B,B,D,A
210065305381,2024,5,F,1,3,1,1,2,,0,3523107,Itaquaquecetuba,35,SP,H,D,A,A,2,A,B,A,B,B,A,A,A,A,A,A,A,A,A,B,A,B,A
210065305404,2024,2,F,1,2,1,2,0,1,0,3523107,Itaquaquecetuba,35,SP,B,E,C,C,3,B,C,A,B,C,A,A,B,A,B,B,A,D,A,B,A,D,A
210065306292,2024,5,F,1,1,1,1,2,,0,3523107,Itaquaquecetuba,35,SP,H,E,F,B,4,B,B,A,C,D,B,A,B,A,B,B,A,B,A,B,B,E,A
210065306972,2024,3,M,1,3,1,2,0,1,0,3523107,Itaquaquecetuba,35,SP,E,B,C,C,5,A,D,C,D,D,C,B,C,B,B,A,A,C,A,B,C,E,A
210065313454,2024,7,M,1,1,1,1,4,,0,3523107,Itaquaquecetuba,35,SP,C,E,D,F,5,A,D,A,B,C,C,A,B,A,B,B,B,B,A,B,C,E,A
210065313543,2024,14,F,3,3,1,1,18,,0,3523107,Itaquaquecetuba,35,SP,C,B,B,B,1,B,B,A,B,B,A,A,B,A,A,B,A,B,A,B,B,B,A
210065317952,2024,2,F,1,1,1,2,0,1,0,3523107,Itaquaquecetuba,35,SP,G,G,E,D,3,A,H,A,C,C,B,B,B,A,B,B,B,C,B,B,C,D,D
210065318863,2024,3,M,1,3,1,2,0,1,0,3523107,Itaquaquecetuba,35,SP,E,E,C,B,5,A,G,A,C,D,B,A,B,A,B,B,B,C,B,B,B,E,D
210065319098,2024,2,F,1,0,1,2,0,1,0,3523107,Itaquaquecetuba,35,SP,E,E,B,C,4,A,B,A,B,B,A,A,B,A,B,B,A,A,A,B,A,E,A
210065321580,2024,2,F,3,3,1,2,0,1,0,3523107,Itaquaquecetuba,35,SP,E,G,F,D,3,A,F,A,B,C,B,A,B,A,B,B,B,C,A,B,D,D,A
210065324107,2024,3,M,1,3,1,2,0,1,0,3523107,Itaquaquecetuba,35,SP,G,E,B,B,4,A,C,A,B,B,A,A,B,A,B,B,A,B,A,B,A,B,A
210065324877,2024,15,M,2,3,1,1,18,,0,3523107,Itaquaquecetuba,35,SP,G,F,A,D,3,B,B,A,C,D,B,A,B,A,B,B,B,C,A,B,C,D,A
210065328251,2024,2,F,1,1,1,2,0,1,0,3523107,Itaquaquecetuba,35,SP,H,H,F,F,4,A,A,A,B,C,A,A,B,A,A,B,A,B,A,B,A,B,A
210065329562,2024,4,M,1,2,1,2,0,1,0,3523107,Itaquaquecetuba,35,SP,H,E,F,D,7,A,B,A,C,C,A,A,C,A,B,B,A,D,A,B,B,E,A
210065329567,2024,2,F,1,3,1,3,0,,1,3523107,Itaquaquecetuba,35,SP,E,B,F,D,3,A,B,A,C,D,A,A,B,B,B,B,B,D,A,B,C,D,A
210065329654,2024,1,M,1,1,1,3,0,,1,3523107,Itaquaquecetuba,35,SP,E,E,B,B,2,A,B,A,B,A,A,A,B,A,A,A,A,B,A,B,A,C,A
210065329811,2024,2,F,1,3,1,2,0,1,0,3523107,Itaquaquecetuba,35,SP,H,D,F,C,3,A,C,A,B,C,A,A,B,A,B,A,A,B,A,B,A,D,A
210065329997,2024,3,M,1,2,1,2,0,1,0,3523107,Itaquaquecetuba,35,SP,E,E,D,F,4,B,B,A,B,B,B,A,B,A,B,B,A,B,A,B,A,D,A
210065331639,2024,2,F,1,1,1,3,0,,1,3523107,Itaquaquecetuba,35,SP,C,D,B,D,2,A,C,A,B,C,A,A,B,B,B,B,A,B,A,B,A,C,A
210065332783,2024,2,F,1,1,1,3,0,,1,3523107,Itaquaquecetuba,35,SP,D,E,C,B,2,A,B,A,B,C,A,A,B,A,A,A,A,B,A,B,A,B,A
210065333042,2024,3,M,1,3,1,2,0,1,0,3523107,Itaquaquecetuba,35,SP,D,D,B,B,4,B,B,A,B,C,A,A,B,A,B,B,A,B,B,B,B,D,A
210065333044,2024,3,F,1,3,1,2,0,1,0,3523107,Itaquaquecetuba,35,SP,E,E,C,C,3,A,C,A,C,C,B,A,B,A,B,B,A,A,A,B,A,B,A
210065333588,2024,1,F,1,1,1,3,0,,1,3523107,Itaquaquecetuba,35,SP,D,E,D,D,3,B,F,A,B,C,A,A,B,A,B,B,B,B,A,B,B,C,A
210065333648,2024,3,F,1,4,1,2,0,1,0,3523107,Itaquaquecetuba,35,SP,H,C,F,B,3,B,C,A,D,D,B,A,B,B,B,B,A,A,A,B,A,D,A
210065334821,2024,3,F,1,3,1,2,0,1,0,3523107,Itaquaquecetuba,35,SP,D,B,A,F,5,A,B,A,B,B,A,A,B,A,A,A,A,A,A,A,A,C,A
210065335434,2024,3,M,1,1,1,2,0,1,0,3523107,Itaquaquecetuba,35,SP,D,D,F,A,8,A,B,A,B,B,B,A,B,A,A,A,A,B,A,B,A,B,A
210065335921,2024,2,M,1,3,1,2,0,1,0,3523107,Itaquaquecetuba,35,SP,G,F,D,C,4,A,F,A,C,C,B,A,B,A,B,A,A,C,A,B,A,D,A
210065337288,2024,11,F,1,1,1,1,8,,0,3523107,Itaquaquecetuba,35,SP,C,C,F,B,4,A,B,A,B,D,B,A,B,A,A,B,A,C,A,B,A,D,A
210065337511,2024,3,M,1,2,1,2,0,1,0,3523107,Itaquaquecetuba,35,SP,H,E,F,C,10,B,B,A,C,C,B,B,B,B,B,B,A,A,B,B,B,E,A
210065339747,2024,3,F,1,1,1,2,0,1,0,3523107,Itaquaquecetuba,35,SP,B,E,F,C,3,A,D,A,B,C,A,A,B,A,B,B,A,A,A,B,A,C,A
210065339763,2024,3,M,1,3,1,2,0,1,0,3523107,Itaquaquecetuba,35,SP,D,D,C,F,5,A,D,A,B,C,C,A,B,B,B,B,B,C,A,B,C,D,A
210065341495,2024,3,F,1,3,1,2,0,1,0,3523107,Itaquaquecetuba,35,SP,E,E,C,C,4,A,B,A,B,C,B,A,B,A,B,A,A,B,A,B,A,D,A
210065341762,2024,5,M,1,3,1,1,1,,0,3523107,Itaquaquecetuba,35,SP,E,E,B,D,6,B,G,A,B,C,B,A,B,B,A,B,A,B,A,B,B,E,A
210065342444,2024,8,F,0,2,1,1,5,,0,3523107,Itaquaquecetuba,35,SP,H,E,C,B,3,B,B,A,B,C,A,A,B,A,A,A,A,B,A,B,B,C,A
210065344314,2024,1,F,1,2,1,3,0,,1,3523107,Itaquaquecetuba,35,SP,F,E,F,B,8,A,B,A,B,B,A,A,B,A,B,A,A,B,A,B,A,C,A
210065344465,2024,3,M,1,1,1,2,0,1,0,3523107,Itaquaquecetuba,35,SP,C,E,F,B,8,A,A,A,B,C,A,A,B,A,A,B,A,B,A,A,A,C,A
210065346503,2024,3,F,1,3,1,2,0,1,0,3523107,Itaquaquecetuba,35,SP,E,E,C,C,3,A,E,A,B,C,B,A,B,A,B,B,A,B,A,B,A,D,A
210065348180,2024,3,F,1,1,1,2,0,1,0,3523107,Itaquaquecetuba,35,SP,E,E,D,B,4,A,G,A,B,C,B,A,B,A,B,B,B,C,A,B,B,E,D
210065349474,2024,6,M,1,3,1,1,3,,0,3523107,Itaquaquecetuba,35,SP,E,E,C,B,6,B,C,A,B,C,A,A,B,A,A,A,A,B,A,B,A,D,A
210065349801,2024,8,M,1,3,1,1,5,,0,3523107,Itaquaquecetuba,35,SP,B,H,B,A,4,B,C,A,B,C,B,A,B,A,B,B,A,B,A,B,A,D,A
210065353075,2024,5,M,1,3,1,1,3,,0,3523107,Itaquaquecetuba,35,SP,B,D,B,B,2,B,B,A,B,B,A,A,B,A,B,B,A,B,A,B,B,C,A
210065353308,2024,4,M,1,3,1,1,2,,0,3523107,Itaquaquecetuba,35,SP,E,E,B,F,4,A,B,A,B,B,A,A,B,A,A,A,A,A,A,B,A,E,A
210065353505,2024,2,F,1,1,1,2,0,1,0,3523107,Itaquaquecetuba,35,SP,E,E,C,B,4,A,D,A,B,B,B,A,B,A,A,B,A,B,A,B,A,C,A
210065354404,2024,2,F,1,3,1,2,0,1,0,3523107,Itaquaquecetuba,35,SP,F,G,D,D,3,A,H,A,B,C,A,A,B,B,B,B,A,B,A,B,B,B,E
210065356614,2024,5,F,1,1,1,1,3,,0,3523107,Itaquaquecetuba,35,SP,D,E,B,B,3,B,F,A,B,C,A,A,B,A,B,B,A,C,A,B,B,D,A
210065359109,2024,1,M,1,3,1,3,0,,1,3523107,Itaquaquecetuba,35,SP,B,E,C,B,3,A,B,A,B,B,B,A,B,A,A,B,A,B,A,B,B,B,A
210065359169,2024,5,M,1,3,1,1,2,,0,3523107,Itaquaquecetuba,35,SP,A,E,C,D,5,B,E,A,B,C,A,A,B,A,A,A,A,B,A,B,B,D,A
210065359215,2024,3,M,1,1,1,2,0,1,0,3523107,Itaquaquecetuba,35,SP,C,C,C,C,4,A,C,A,B,C,B,A,B,A,B,B,A,C,B,B,A,D,A
210065363405,2024,2,F,1,2,1,2,0,1,0,3523107,Itaquaquecetuba,35,SP,E,E,B,B,4,A,F,A,C,C,B,A,B,A,B,B,A,C,A,B,A,E,A
210065364860,2024,3,F,1,1,1,2,0,1,0,3523107,Itaquaquecetuba,35,SP,E,D,F,B,6,B,D,A,B,D,A,A,B,A,B,B,A,B,A,B,B,D,A
210065365133,2024,12,F,2,3,1,2,0,1,0,3523107,Itaquaquecetuba,35,SP,B,B,C,B,4,B,D,A,B,C,B,A,B,A,B,B,A,C,A,B,A,C,A
210065366221,2024,7,F,1,3,1,1,5,,0,3523107,Itaquaquecetuba,35,SP,H,C,B,B,9,A,B,A,B,D,A,A,B,A,B,A,A,B,A,B,A,D,A
210065366774,2024,4,F,1,2,1,1,2,,0,3523107,Itaquaquecetuba,35,SP,B,C,F,B,4,B,D,A,B,D,B,A,B,A,B,A,B,B,A,B,A,E,A
210065367623,2024,2,F,1,2,1,2,0,1,0,3523107,Itaquaquecetuba,35,SP,E,E,C,B,5,A,E,A,B,B,B,A,B,A,A,B,A,B,A,B,A,D,A
210065368251,2024,3,F,1,1,1,2,0,1,0,3523107,Itaquaquecetuba,35,SP,H,E,F,B,2,A,A,A,B,B,A,A,A,A,A,A,A,A,A,A,A,B,A
210065368343,2024,3,F,1,1,1,2,0,1,0,3523107,Itaquaquecetuba,35,SP,E,E,C,B,5,A,C,A,B,C,B,A,B,A,A,B,A,C,A,B,B,D,A
210065368517,2024,2,M,1,2,1,2,0,1,0,3523107,Itaquaquecetuba,35,SP,D,D,C,B,4,A,C,A,B,C,A,A,B,A,B,A,A,B,A,B,A,D,A
210065369535,2024,2,F,1,1,1,2,0,1,0,3523107,Itaquaquecetuba,35,SP,C,D,D,D,2,B,B,A,C,C,A,A,B,A,B,B,A,B,A,B,A,C,A
210065370092,2024,11,M,1,1,1,1,10,,0,3523107,Itaquaquecetuba,35,SP,C,C,C,C,2,A,C,A,B,C,A,A,B,A,A,B,A,B,A,B,B,B,A
210065370699,2024,2,F,1,1,1,2,0,1,0,3523107,Itaquaquecetuba,35,SP,D,E,B,B,5,A,B,A,D,D,B,A,B,A,B,A,A,B,A,B,C,E,A
210065371504,2024,3,M,1,1,1,2,0,1,0,3523107,Itaquaquecetuba,35,SP,D,E,C,F,4,A,E,A,B,C,B,B,B,A,A,B,A,B,A,B,B,C,A
210065373352,2024,3,F,1,1,1,2,0,1,0,3523107,Itaquaquecetuba,35,SP,E,E,D,D,3,A,B,A,B,C,A,A,B,A,B,A,A,B,A,B,B,D,A
210065374950,2024,12,M,3,3,1,1,1,,0,3523107,Itaquaquecetuba,35,SP,B,C,A,B,1,B,B,A,B,B,A,A,B,A,A,A,A,A,A,B,A,B,B
210065375076,2024,3,F,1,3,1,1,1,,0,3523107,Itaquaquecetuba,35,SP,B,B,A,A,1,A,A,A,B,C,A,A,B,A,A,B,A,A,B,B,A,A,A
210065375731,2024,3,M,1,1,1,2,0,1,0,3523107,Itaquaquecetuba,35,SP,H,H,F,F,3,A,A,A,B,B,A,A,A,A,A,A,A,A,A,B,A,A,A
210065377671,2024,2,F,1,3,1,2,0,1,0,3523107,Itaquaquecetuba,35,SP,E,E,B,B,3,A,A,A,B,B,A,A,B,A,B,B,A,B,A,B,A,D,A
210065378098,2024,3,F,1,3,1,2,0,1,0,3523107,Itaquaquecetuba,35,SP,H,F,F,E,4,A,G,A,C,D,B,A,C,A,B,B,A,D,A,B,C,E,A
210065378542,2024,3,M,3,1,1,2,0,1,0,3523107,Itaquaquecetuba,35,SP,F,F,F,C,2,A,A,A,B,C,A,A,B,A,B,B,B,B,A,B,B,D,A
210065379471,2024,8,F,1,1,1,1,5,,0,3523107,Itaquaquecetuba,35,SP,B,E,B,B,2,B,C,A,B,B,A,A,B,A,A,A,A,B,A,B,A,A,A
210065382396,2024,2,F,1,3,1,2,0,1,0,3523107,Itaquaquecetuba,35,SP,E,E,B,B,7,A,B,A,B,A,A,A,B,A,A,A,A,B,A,A,A,B,A
210065383037,2024,13,M,1,1,1,1,18,,0,3523107,Itaquaquecetuba,35,SP,D,E,D,B,1,B,B,A,B,B,A,A,B,A,B,B,A,B,A,B,B,B,A
210065383960,2024,1,M,1,3,1,3,0,,1,3523107,Itaquaquecetuba,35,SP,E,E,C,D,5,A,D,A,B,C,B,A,B,A,B,B,A,B,B,B,A,C,A
210065384036,2024,3,M,1,2,1,2,0,1,0,3523107,Itaquaquecetuba,35,SP,B,A,B,B,4,A,B,A,B,B,A,A,B,A,B,A,A,B,A,B,A,D,A
210065384541,2024,3,F,1,3,1,2,0,1,0,3523107,Itaquaquecetuba,35,SP,B,E,B,A,4,B,A,A,B,B,A,A,B,A,A,A,A,B,A,B,A,C,A
210065385486,2024,3,F,1,1,1,1,1,,0,3523107,Itaquaquecetuba,35,SP,E,E,C,B,3,B,C,A,B,C,B,A,B,A,A,B,A,A,A,B,A,C,A
210065386536,2024,4,M,1,3,1,1,2,,0,3523107,Itaquaquecetuba,35,SP,E,E,C,B,4,A,E,A,B,C,B,A,B,A,B,B,A,B,A,B,A,D,A
210065388281,2024,2,M,1,1,1,2,0,1,0,3523107,Itaquaquecetuba,35,SP,H,H,F,B,2,B,B,A,B,B,A,A,B,A,B,A,A,B,A,B,A,B,A
210065389278,2024,3,F,1,3,1,2,0,1,0,3523107,Itaquaquecetuba,35,SP,E,E,C,B,4,B,D,A,C,D,B,A,B,A,B,B,A,C,A,B,A,E,A
210065389348,2024,2,F,1,3,1,2,0,1,0,3523107,Itaquaquecetuba,35,SP,E,E,C,B,5,A,B,A,C,C,B,A,B,B,B,B,A,D,B,B,C,E,A
210065389395,2024,4,M,1,1,1,1,5,,0,3523107,Itaquaquecetuba,35,SP,H,D,C,B,3,A,C,A,C,C,A,A,B,A,A,B,A,C,A,B,B,C,A
210065391361,2024,11,F,0,1,1,1,12,,0,3523107,Itaquaquecetuba,35,SP,E,E,C,F,2,A,C,A,B,B,A,A,B,A,A,B,B,B,A,B,C,C,A
210065391426,2024,2,M,1,1,1,2,0,2,0,3523107,Itaquaquecetuba,35,SP,F,E,C,C,4,B,E,A,B,D,B,A,B,A,B,B,B,C,A,B,C,E,A
210065391597,2024,2,F,1,1,1,2,0,1,0,3523107,Itaquaquecetuba,35,SP,F,E,B,D,3,A,D,A,B,C,B,A,B,A,B,A,A,B,A,A,A,D,A
210065392561,2024,1,F,1,1,1,3,0,,1,3523107,Itaquaquecetuba,35,SP,F,G,D,D,4,A,M,A,C,D,B,A,B,A,B,B,A,B,B,B,B,D,D
210065392930,2024,12,M,2,3,1,1,16,,0,3523107,Itaquaquecetuba,35,SP,D,E,C,B,6,B,E,A,B,C,C,A,B,A,B,B,A,B,A,A,B,E,A
210065393656,2024,2,F,1,1,1,3,0,,1,3523107,Itaquaquecetuba,35,SP,F,G,D,D,4,A,J,A,B,C,B,A,B,A,B,B,B,C,B,B,D,E,D
210065397199,2024,3,F,1,3,1,2,0,1,0,3523107,Itaquaquecetuba,35,SP,E,E,C,F,5,A,E,A,B,C,B,A,B,A,B,B,B,B,A,B,B,D,A
210065397522,2024,5,F,1,1,1,1,3,,0,3523107,Itaquaquecetuba,35,SP,D,D,C,D,4,B,D,A,C,C,A,A,C,A,B,B,B,B,A,B,C,E,A
210065399859,2024,2,F,1,3,1,2,0,1,0,3523107,Itaquaquecetuba,35,SP,C,C,C,F,6,A,C,A,C,C,B,A,B,A,A,A,A,C,A,B,B,D,A
210065400011,2024,2,M,1,1,1,2,0,1,0,3523107,Itaquaquecetuba,35,SP,C,F,B,B,3,A,B,A,B,C,A,A,B,A,B,B,B,C,B,B,C,D,A
210065401748,2024,5,F,1,1,1,1,2,,0,3523107,Itaquaquecetuba,35,SP,C,A,B,B,2,B,B,A,B,C,A,A,B,A,B,B,A,A,A,B,B,C,A
210065404270,2024,3,F,1,1,1,2,0,1,0,3523107,Itaquaquecetuba,35,SP,D,C,C,C,3,B,I,A,B,C,B,A,B,A,B,B,A,C,B,B,A,D,A
210065404404,2024,2,F,1,1,1,2,0,1,0,3523107,Itaquaquecetuba,35,SP,B,H,F,F,5,B,C,A,B,B,A,A,B,A,B,B,A,B,B,B,A,E,A
210065404723,2024,3,F,1,1,1,2,0,1,0,3523107,Itaquaquecetuba,35,SP,B,E,C,B,4,A,F,A,C,D,A,A,C,A,B,B,B,B,B,B,B,E,A
210065406579,2024,12,F,2,3,1,1,14,,0,3523107,Itaquaquecetuba,35,SP,B,B,A,A,3,B,B,A,B,A,A,A,B,A,A,B,A,B,A,A,A,B,A
210065406642,2024,3,M,1,3,1,2,0,1,0,3523107,Itaquaquecetuba,35,SP,E,E,D,B,3,A,C,A,B,B,B,A,B,A,B,B,A,B,A,B,B,D,B
210065407402,2024,3,F,1,1,1,2,0,1,0,3523107,Itaquaquecetuba,35,SP,H,E,C,B,5,A,C,A,B,C,A,A,B,A,B,B,A,B,A,B,A,E,A
210065407577,2024,2,M,1,3,1,2,0,1,0,3523107,Itaquaquecetuba,35,SP,E,C,B,B,2,A,B,A,B,B,A,A,B,A,A,A,A,A,A,B,A,D,A
210065409319,2024,5,M,1,1,1,1,2,,0,3523107,Itaquaquecetuba,35,SP,E,E,C,C,4,B,J,A,C,D,B,A,B,A,B,B,B,C,A,B,D,B,A
210065409602,2024,2,F,1,1,1,2,0,1,0,3523107,Itaquaquecetuba,35,SP,F,E,C,B,3,A,B,A,B,C,A,A,B,A,B,B,A,B,A,A,A,C,A
210065410559,2024,4,F,1,2,1,1,1,,0,3523107,Itaquaquecetuba,35,SP,E,F,B,B,6,A,C,A,B,B,A,A,B,A,B,B,A,B,A,B,A,D,A
210065411541,2024,4,F,1,1,1,2,0,1,0,3523107,Itaquaquecetuba,35,SP,D,B,C,B,6,A,B,A,B,C,A,A,B,A,B,A,A,B,A,B,A,C,A
210065412522,2024,17,F,2,3,1,2,0,,0,3523107,Itaquaquecetuba,35,SP,A,A,A,B,3,B,D,A,B,B,B,A,B,A,A,B,A,B,A,B,A,B,A
210065413165,2024,4,F,1,1,1,2,0,1,0,3523107,Itaquaquecetuba,35,SP,C,D,B,B,3,A,B,A,B,C,B,A,B,A,B,A,A,C,A,B,A,C,A
210065414100,2024,2,F,1,3,1,2,0,1,0,3523107,Itaquaquecetuba,35,SP,E,E,B,B,3,A,C,A,B,C,B,B,B,A,A,A,A,B,A,B,B,D,A
210065414732,2024,5,F,1,1,1,1,2,,0,3523107,Itaquaquecetuba,35,SP,B,E,C,A,4,B,E,A,B,C,B,A,B,A,A,A,A,B,A,B,A,C,A
210065415057,2024,1,F,1,1,1,3,0,,1,3523107,Itaquaquecetuba,35,SP,E,F,C,D,5,A,F,A,C,D,C,A,C,A,B,B,B,C,A,B,B,E,A
210065416926,2024,2,F,1,1,1,2,0,1,0,3523107,Itaquaquecetuba,35,SP,E,E,B,B,4,B,E,A,B,C,B,B,B,A,B,B,A,B,A,B,B,E,A
210065421710,2024,6,M,1,1,1,1,3,,0,3523107,Itaquaquecetuba,35,SP,E,E,C,C,3,B,B,A,B,B,A,A,B,A,A,A,A,B,A,B,A,C,A
210065422902,2024,2,F,1,3,1,2,0,1,0,3523107,Itaquaquecetuba,35,SP,C,C,F,B,4,A,C,A,B,C,B,A,B,A,B,A,A,A,A,B,A,C,A
210065423462,2024,4,F,1,1,1,1,1,,0,3523107,Itaquaquecetuba,35,SP,H,C,F,B,3,A,B,A,B,B,A,A,B,A,A,B,A,B,A,B,A,C,A
210065423664,2024,2,M,1,1,1,2,0,1,0,3523107,Itaquaquecetuba,35,SP,G,E,F,D,4,B,M,A,D,D,C,A,B,A,B,B,B,D,B,B,E,E,A
210065426078,2024,2,F,1,1,1,3,0,,1,3523107,Itaquaquecetuba,35,SP,H,G,F,D,4,A,L,A,B,C,B,B,B,A,B,B,B,C,A,B,C,D,A
210065426977,2024,2,F,1,3,1,2,0,1,0,3523107,Itaquaquecetuba,35,SP,E,E,B,C,3,A,B,A,C,C,B,A,B,A,B,A,B,B,A,B,B,D,A
210065428183,2024,10,F,1,3,1,1,8,,0,3523107,Itaquaquecetuba,35,SP,E,D,C,B,3,A,B,A,B,C,A,A,B,A,B,B,A,B,A,B,A,B,A
210065428887,2024,2,F,1,3,1,2,0,1,0,3523107,Itaquaquecetuba,35,SP,H,F,D,B,3,A,C,A,B,B,A,A,B,A,B,A,B,B,A,B,B,B,A
210065429746,2024,16,F,0,3,1,1,18,,0,3523107,Itaquaquecetuba,35,SP,C,C,F,F,2,A,B,A,B,C,A,A,B,A,B,B,A,B,A,B,B,B,A
210065429988,2024,3,F,1,1,1,3,0,,1,3523107,Itaquaquecetuba,35,SP,E,E,C,F,4,B,E,A,C,C,B,A,B,A,B,B,B,C,A,B,C,E,A
210065430426,2024,2,M,1,1,1,2,0,1,0,3523107,Itaquaquecetuba,35,SP,D,B,C,B,3,B,E,A,B,C,B,A,B,A,B,B,A,B,B,B,B,D,A
210065432126,2024,2,M,1,3,1,3,0,,1,3523107,Itaquaquecetuba,35,SP,F,G,D,D,4,A,L,A,B,C,B,B,B,A,B,B,B,C,A,B,C,E,A
210065433070,2024,17,M,0,3,1,1,0,,0,3523107,Itaquaquecetuba,35,SP,B,B,B,B,3,B,D,A,C,C,A,C,C,A,B,B,A,C,A,B,B,C,A
210065433132,2024,2,M,1,1,1,2,0,1,0,3523107,Itaquaquecetuba,35,SP,E,E,D,D,5,B,H,A,C,D,B,B,B,A,B,B,B,D,B,B,B,E,A
210065434532,2024,4,F,1,2,1,1,1,,0,3523107,Itaquaquecetuba,35,SP,D,E,C,C,2,A,C,A,B,B,A,A,B,A,A,A,A,B,A,B,B,C,E
210065435907,2024,2,F,1,1,1,2,0,1,0,3523107,Itaquaquecetuba,35,SP,F,G,D,D,5,A,E,A,B,C,B,A,B,A,B,B,B,B,A,B,B,C,B
210065437036,2024,11,M,1,3,1,1,8,,0,3523107,Itaquaquecetuba,35,SP,B,E,B,B,1,A,A,A,B,B,A,A,B,A,A,A,A,B,A,A,A,B,A
210065437192,2024,5,M,1,3,1,1,2,,0,3523107,Itaquaquecetuba,35,SP,G,E,F,B,4,A,F,A,B,D,B,A,B,A,B,B,A,C,A,B,B,E,A
210065437318,2024,12,M,2,2,1,1,14,,0,3523107,Itaquaquecetuba,35,SP,B,E,C,B,4,B,G,A,B,B,A,A,B,A,B,B,A,B,A,B,B,C,A
210065437808,2024,3,M,1,3,1,2,0,1,0,3523107,Itaquaquecetuba,35,SP,F,F,E,D,4,A,D,A,B,B,C,A,B,A,A,B,A,C,A,B,B,E,A
210065438955,2024,2,F,1,1,1,2,0,1,0,3523107,Itaquaquecetuba,35,SP,E,F,C,D,4,A,H,A,C,C,B,B,B,A,B,B,A,B,A,B,A,E,A
210065439262,2024,9,F,1,1,1,1,0,,0,3523107,Itaquaquecetuba,35,SP,C,C,B,B,3,A,A,A,B,C,A,A,B,A,B,B,A,B,A,B,A,B,A
210065441431,2024,3,F,1,2,1,1,1,,0,3523107,Itaquaquecetuba,35,SP,D,G,C,D,5,A,G,A,C,C,B,A,B,A,B,A,A,C,A,B,B,D,A
210065443178,2024,3,M,1,3,1,2,0,1,0,3523107,Itaquaquecetuba,35,SP,E,E,D,C,4,A,F,A,B,C,B,B,B,A,B,B,A,C,A,B,B,D,A
210065445598,2024,2,F,0,3,1,2,0,1,0,3523107,Itaquaquecetuba,35,SP,D,F,B,D,3,A,C,A,B,B,B,A,B,A,A,B,A,B,A,B,A,B,A
210065445846,2024,5,F,1,1,1,1,3,,0,3523107,Itaquaquecetuba,35,SP,E,E,C,B,4,B,F,A,B,C,B,A,B,A,B,B,B,B,B,B,B,D,A
210065446645,2024,2,M,0,3,1,2,0,1,0,3523107,Itaquaquecetuba,35,SP,D,E,F,F,3,B,B,A,B,B,A,A,B,A,B,B,A,B,A,B,B,C,A
210065448548,2024,11,F,1,1,1,1,10,,0,3523107,Itaquaquecetuba,35,SP,E,E,B,B,2,B,D,A,B,B,A,A,B,A,B,B,B,B,A,B,A,B,A
210065449041,2024,2,F,1,3,1,2,0,1,0,3523107,Itaquaquecetuba,35,SP,D,C,C,B,5,A,C,A,B,B,A,A,B,A,B,A,A,B,A,B,A,D,A
210065450128,2024,3,M,1,2,1,2,0,1,0,3523107,Itaquaquecetuba,35,SP,B,E,C,B,3,A,B,A,B,B,A,A,B,A,B,A,A,B,A,B,A,D,A
210065450290,2024,3,F,0,3,1,2,0,1,0,3523107,Itaquaquecetuba,35,SP,B,H,F,F,5,A,B,A,B,C,A,A,C,B,A,B,A,C,A,B,A,D,A
210065450551,2024,3,M,1,1,1,1,1,,0,3523107,Itaquaquecetuba,35,SP,B,D,B,F,4,A,B,A,B,C,A,A,B,A,B,A,A,B,A,B,A,D,A
210065451459,2024,1,M,1,3,1,3,0,,1,3523107,Itaquaquecetuba,35,SP,E,E,F,F,7,A,B,A,B,D,B,A,B,A,B,B,A,B,A,B,B,C,A
210065451601,2024,9,F,2,3,1,1,2,,0,3523107,Itaquaquecetuba,35,SP,E,E,C,C,4,A,E,A,C,D,B,C,B,A,B,B,A,B,A,B,D,E,A
210065451945,2024,3,M,1,2,1,2,0,1,0,3523107,Itaquaquecetuba,35,SP,E,E,D,F,4,A,G,A,C,C,A,A,B,A,B,B,B,B,A,B,B,C,A
210065453001,2024,3,M,1,1,1,2,0,1,0,3523107,Itaquaquecetuba,35,SP,B,C,B,B,4,B,B,A,B,C,A,A,B,A,B,B,B,B,A,B,A,C,A
210065456297,2024,3,F,1,1,1,2,0,1,0,3523107,Itaquaquecetuba,35,SP,E,E,B,B,3,B,A,A,B,B,A,A,B,B,B,B,B,B,A,B,A,D,A
210065456597,2024,8,M,1,2,1,1,0,,0,3523107,Itaquaquecetuba,35,SP,E,D,F,B,6,B,C,A,B,C,A,A,B,A,A,A,A,B,A,B,A,B,A
210065457379,2024,2,F,1,1,1,2,0,1,0,3523107,Itaquaquecetuba,35,SP,C,C,F,B,3,B,B,A,B,B,A,A,B,A,B,A,A,B,A,B,A,C,A
210065459358,2024,1,M,1,3,1,3,0,,1,3523107,Itaquaquecetuba,35,SP,D,F,C,E,4,A,F,A,C,D,C,A,C,A,B,B,B,B,A,B,B,E,A
210065459560,2024,2,M,1,1,1,2,0,1,0,3523107,Itaquaquecetuba,35,SP,H,E,F,F,2,A,A,A,C,B,A,A,C,B,B,B,B,C,A,B,B,C,A
210065460798,2024,8,F,1,1,1,1,5,,0,3523107,Itaquaquecetuba,35,SP,C,E,B,B,2,B,D,A,B,C,B,A,B,A,B,A,A,B,B,B,A,C,A
210065466342,2024,5,M,1,1,1,1,2,,0,3523107,Itaquaquecetuba,35,SP,E,D,B,C,3,A,C,A,B,C,A,A,B,A,B,B,A,B,A,B,A,C,A
210065467055,2024,2,F,1,2,1,3,0,,1,3523107,Itaquaquecetuba,35,SP,E,E,C,C,4,A,B,A,C,C,B,A,B,A,A,B,A,B,A,B,A,B,A
210065467672,2024,3,F,1,2,1,2,0,1,0,3523107,Itaquaquecetuba,35,SP,C,E,C,C,6,A,C,A,B,D,B,A,B,A,B,B,A,C,A,B,A,E,A
210065468271,2024,5,F,1,3,1,1,2,,0,3523107,Itaquaquecetuba,35,SP,F,E,B,B,4,B,C,A,B,C,B,A,B,A,B,B,A,C,A,B,B,E,A
210065468380,2024,4,F,1,1,1,1,1,,0,3523107,Itaquaquecetuba,35,SP,G,E,D,C,4,A,I,A,D,D,C,A,B,B,B,B,B,C,B,B,B,E,A
210065468985,2024,3,F,1,2,1,2,0,1,0,3523107,Itaquaquecetuba,35,SP,E,E,D,D,4,B,C,A,B,B,B,B,B,A,A,A,A,B,A,B,A,D,A
210065469907,2024,7,F,1,3,1,1,4,,0,3523107,Itaquaquecetuba,35,SP,E,C,B,B,3,A,D,A,B,C,A,A,B,A,B,B,B,B,A,B,B,D,A
210065470857,2024,2,F,1,1,1,2,0,1,0,3523107,Itaquaquecetuba,35,SP,E,E,C,F,4,B,D,A,C,C,C,A,B,B,B,B,A,D,B,B,D,E,A
210065472150,2024,2,F,1,2,1,2,0,1,0,3523107,Itaquaquecetuba,35,SP,C,E,A,C,2,B,E,A,B,C,B,A,B,A,A,B,A,B,A,B,A,C,B
210065473914,2024,1,F,1,3,1,3,0,,1,3523107,Itaquaquecetuba,35,SP,E,G,B,D,3,A,F,A,B,C,B,A,B,B,B,B,A,C,B,B,B,D,A
210065474016,2024,2,F,1,3,1,2,0,1,0,3523107,Itaquaquecetuba,35,SP,E,E,F,B,6,A,A,A,B,C,A,A,B,A,B,B,A,B,A,B,A,E,A
210065474740,2024,2,F,1,3,1,2,0,1,0,3523107,Itaquaquecetuba,35,SP,D,C,C,F,3,A,C,A,C,D,B,A,C,A,B,B,B,D,B,B,A,D,A
210065475558,2024,1,M,1,3,1,3,0,,1,3523107,Itaquaquecetuba,35,SP,D,D,B,B,5,A,C,A,C,C,B,A,B,A,B,A,A,B,A,B,B,C,A
210065476366,2024,2,F,1,1,1,2,0,1,0,3523107,Itaquaquecetuba,35,SP,B,E,C,F,3,A,A,A,B,B,A,A,B,A,A,A,A,B,A,A,A,B,A
210065476957,2024,3,M,0,3,1,2,0,1,0,3523107,Itaquaquecetuba,35,SP,D,E,C,D,5,A,H,A,D,D,B,A,B,B,B,B,B,C,A,B,B,B,A
210065477162,2024,2,F,1,3,1,2,0,1,0,3523107,Itaquaquecetuba,35,SP,B,E,B,B,4,A,D,A,B,C,A,A,B,A,B,B,A,B,B,B,A,D,A
210065478604,2024,3,F,1,1,1,2,0,1,0,3523107,Itaquaquecetuba,35,SP,A,B,B,B,5,B,F,A,C,D,B,A,B,A,B,B,A,B,A,B,A,E,A
210065481396,2024,1,F,1,2,1,3,0,,1,3523107,Itaquaquecetuba,35,SP,E,C,C,C,4,A,E,A,C,D,B,A,B,A,B,B,A,C,A,B,B,E,A
210065481967,2024,3,M,1,3,1,2,0,1,0,3523107,Itaquaquecetuba,35,SP,D,E,B,A,4,A,C,A,B,C,A,A,B,A,B,B,A,B,A,B,A,C,A
210065482116,2024,4,F,0,4,1,1,1,,0,3523107,Itaquaquecetuba,35,SP,D,E,C,B,4,A,C,A,B,C,A,A,B,A,B,B,A,B,A,B,C,D,A
210065484563,2024,3,M,1,1,1,2,0,1,0,3523107,Itaquaquecetuba,35,SP,D,D,C,C,5,A,B,A,B,B,A,A,B,A,A,A,A,B,A,B,A,C,A
210065484687,2024,3,F,1,1,1,2,0,1,0,3523107,Itaquaquecetuba,35,SP,D,E,B,D,5,A,D,A,B,C,A,A,B,A,B,B,A,B,A,B,A,C,A
210065485079,2024,2,F,1,2,1,2,0,1,0,3523107,Itaquaquecetuba,35,SP,E,E,A,B,2,B,C,A,B,B,A,A,B,A,A,A,A,B,A,B,B,B,A
210065487713,2024,8,M,2,2,1,1,5,,0,3523107,Itaquaquecetuba,35,SP,B,E,B,B,2,B,D,A,B,B,A,A,B,A,B,A,A,A,A,B,B,C,A
210065487915,2024,4,F,1,1,1,1,2,,0,3523107,Itaquaquecetuba,35,SP,F,F,C,D,4,B,G,A,C,C,B,A,B,A,B,A,B,C,B,B,A,E,A
210065487969,2024,5,M,1,3,1,1,2,,0,3523107,Itaquaquecetuba,35,SP,C,C,B,B,4,A,E,A,B,C,B,A,B,A,B,B,B,A,A,B,B,E,A
210065489338,2024,3,F,1,1,1,2,0,1,0,3523107,Itaquaquecetuba,35,SP,B,E,B,F,3,A,C,A,C,C,C,B,B,A,B,B,B,C,B,B,B,D,A
210065489871,2024,3,M,1,0,1,2,0,1,0,3523107,Itaquaquecetuba,35,SP,H,E,F,F,4,A,C,A,B,D,A,A,B,A,B,B,A,C,A,B,A,D,A
210065491052,2024,10,F,0,3,1,1,8,,0,3523107,Itaquaquecetuba,35,SP,C,D,B,B,3,A,B,A,C,C,A,A,B,A,B,A,A,C,B,B,B,C,B
210065491132,2024,4,F,1,3,1,1,1,,0,3523107,Itaquaquecetuba,35,SP,D,D,B,D,3,A,C,A,B,C,A,A,B,A,B,B,A,B,A,B,B,C,A
210065491214,2024,2,F,1,1,1,3,0,,1,3523107,Itaquaquecetuba,35,SP,D,E,D,B,5,A,D,A,B,C,B,A,B,A,B,A,A,C,A,B,A,E,A
210065492584,2024,3,F,1,1,1,2,0,1,0,3523107,Itaquaquecetuba,35,SP,E,E,F,B,4,A,C,A,B,C,B,A,B,A,B,B,A,B,A,B,A,D,A
210065499137,2024,2,M,1,2,1,2,0,1,0,3523107,Itaquaquecetuba,35,SP,D,G,C,D,4,B,C,A,B,C,A,A,B,A,B,A,B,B,A,B,B,D,A
210065499300,2024,3,F,1,3,1,2,0,1,0,3523107,Itaquaquecetuba,35,SP,H,D,A,A,4,A,B,A,D,C,B,B,C,B,A,B,A,B,B,B,B,D,D
210065500044,2024,1,F,1,3,1,3,0,,1,3523107,Itaquaquecetuba,35,SP,B,G,D,E,3,A,H,A,C,C,B,A,B,A,B,A,A,C,A,B,B,D,D
210065501929,2024,10,M,1,3,1,1,7,,0,3523107,Itaquaquecetuba,35,SP,H,E,F,C,3,B,E,A,B,C,C,A,B,A,B,A,B,C,A,B,B,D,A
210065505205,2024,2,M,1,1,1,2,0,1,0,3523107,Itaquaquecetuba,35,SP,E,D,F,F,5,A,B,A,C,D,A,A,C,B,B,B,A,B,A,B,A,E,A
210065507601,2024,5,F,1,3,1,1,3,,0,3523107,Itaquaquecetuba,35,SP,H,D,C,C,1,A,A,A,B,B,A,A,B,A,B,B,A,B,A,B,A,B,A
210065507728,2024,3,F,1,1,1,2,0,1,0,3523107,Itaquaquecetuba,35,SP,E,E,C,F,3,A,C,A,B,C,B,A,B,A,B,B,A,B,A,B,A,C,A
210065508158,2024,2,F,3,1,1,2,0,1,0,3523107,Itaquaquecetuba,35,SP,H,E,C,C,5,A,B,A,B,C,C,A,B,A,B,A,A,B,A,B,B,E,A
210065508738,2024,2,F,1,2,1,3,0,,1,3523107,Itaquaquecetuba,35,SP,E,B,C,B,5,A,B,A,B,C,A,A,B,A,A,B,A,B,A,B,A,C,A
210065509011,2024,3,F,1,3,1,2,0,1,0,3523107,Itaquaquecetuba,35,SP,B,D,C,B,4,B,E,A,B,C,B,A,B,A,A,B,A,B,A,B,A,D,A
210065511943,2024,3,M,1,3,1,2,0,1,0,3523107,Itaquaquecetuba,35,SP,H,B,C,F,4,A,B,A,C,C,B,A,B,A,B,B,A,C,A,B,B,D,A
210065512202,2024,4,F,1,3,1,1,2,,0,3523107,Itaquaquecetuba,35,SP,E,B,C,B,2,A,C,A,B,C,A,A,B,A,B,B,A,B,A,A,A,C,A
210065512481,2024,1,F,1,1,1,3,0,,1,3523107,Itaquaquecetuba,35,SP,F,E,D,B,3,A,C,A,B,B,A,A,B,A,B,B,A,B,A,B,B,C,A
210065513741,2024,3,F,0,5,1,2,0,1,0,3523107,Itaquaquecetuba,35,SP,E,E,C,C,5,A,C,A,C,C,B,A,B,A,B,B,A,C,A,B,A,D,A
210065514731,2024,3,F,1,3,1,2,0,1,0,3523107,Itaquaquecetuba,35,SP,E,E,C,C,3,A,B,A,B,B,A,A,B,A,B,B,A,B,A,B,A,D,A
210065516210,2024,3,F,1,4,1,2,0,1,0,3523107,Itaquaquecetuba,35,SP,E,E,C,F,7,B,B,A,B,C,A,A,B,A,B,B,B,B,A,B,A,B,A
210065516308,2024,3,F,1,2,1,2,0,1,0,3523107,Itaquaquecetuba,35,SP,H,D,C,B,2,A,B,A,B,C,B,A,B,A,A,A,A,B,B,B,A,B,A
210065517143,2024,11,F,1,1,1,1,12,,0,3523107,Itaquaquecetuba,35,SP,B,E,C,B,4,B,E,A,B,D,B,A,B,A,A,A,B,C,A,B,B,D,A
210065518496,2024,3,M,1,1,1,2,0,1,0,3523107,Itaquaquecetuba,35,SP,E,E,F,F,4,A,C,A,C,D,B,A,B,B,B,A,B,D,B,B,A,E,A
210065519667,2024,3,F,1,2,1,2,0,1,0,3523107,Itaquaquecetuba,35,SP,E,D,C,C,4,A,B,A,B,C,B,A,B,A,B,B,A,D,A,B,A,E,A
210065520826,2024,2,M,1,2,1,2,0,1,0,3523107,Itaquaquecetuba,35,SP,D,E,C,A,6,A,C,A,C,C,B,B,B,A,B,A,B,B,A,B,A,E,A
210065521263,2024,3,F,1,1,1,2,0,1,0,3523107,Itaquaquecetuba,35,SP,E,E,F,C,5,A,H,A,B,C,A,A,B,A,A,B,B,B,A,B,B,E,A
210065521277,2024,4,F,1,1,1,1,2,,0,3523107,Itaquaquecetuba,35,SP,H,H,F,F,2,A,B,A,B,B,B,B,B,A,A,A,A,B,A,B,A,B,A
210065522392,2024,2,F,1,1,1,2,0,1,0,3523107,Itaquaquecetuba,35,SP,E,E,B,C,2,A,B,A,B,C,B,A,B,A,B,B,A,B,A,B,A,C,B
210065523845,2024,3,M,2,3,1,2,0,1,0,3523107,Itaquaquecetuba,35,SP,B,B,F,F,4,A,A,A,B,C,B,A,C,A,B,B,A,B,A,B,A,E,A
210065524678,2024,3,F,1,3,1,2,0,1,0,3523107,Itaquaquecetuba,35,SP,E,E,C,D,3,B,E,A,C,C,B,B,B,A,B,B,A,B,B,B,B,C,A
210065525246,2024,15,F,1,3,1,1,18,,0,3523107,Itaquaquecetuba,35,SP,A,A,A,A,3,A,B,A,B,B,A,A,B,A,A,B,A,B,A,A,A,B,A
210065525471,2024,2,F,1,1,1,3,0,,1,3523107,Itaquaquecetuba,35,SP,E,E,B,B,6,A,C,A,C,D,A,A,C,A,B,B,A,C,A,B,B,E,A
210065525843,2024,2,M,1,1,1,2,0,1,0,3523107,Itaquaquecetuba,35,SP,F,E,C,C,3,A,E,A,C,C,B,A,B,A,B,B,A,C,A,B,B,D,E
210065526118,2024,2,F,1,2,1,2,0,1,0,3523107,Itaquaquecetuba,35,SP,E,F,F,D,3,B,F,A,C,C,A,A,B,A,B,B,B,B,B,B,A,D,B
210065526557,2024,4,F,1,2,1,1,1,,0,3523107,Itaquaquecetuba,35,SP,B,C,C,B,3,A,A,A,C,C,A,A,B,B,B,B,A,B,A,B,A,C,A
210065527090,2024,14,F,3,3,3,1,0,,0,3523107,Itaquaquecetuba,35,SP,D,C,A,A,4,A,A,A,B,C,A,A,B,A,A,A,A,B,A,B,A,B,A
210065528655,2024,4,F,1,1,1,2,0,1,0,3523107,Itaquaquecetuba,35,SP,B,B,C,B,5,A,B,A,B,C,A,A,B,A,A,A,A,B,A,A,A,C,A
210065531083,2024,12,F,3,1,1,1,18,,0,3523107,Itaquaquecetuba,35,SP,E,E,F,D,1,B,I,A,D,D,A,A,B,B,B,B,B,B,A,B,B,B,A
210065534547,2024,12,F,2,1,1,1,17,,0,3523107,Itaquaquecetuba,35,SP,A,A,C,C,4,A,B,A,B,C,A,A,B,A,B,B,A,B,A,B,B,B,A
210065537458,2024,3,M,1,0,1,2,0,1,0,3523107,Itaquaquecetuba,35,SP,E,D,F,F,6,B,E,A,B,C,B,A,B,A,B,A,A,B,A,B,A,E,A
210065540590,2024,2,M,0,4,1,2,0,1,0,3523107,Itaquaquecetuba,35,SP,E,E,C,F,6,A,C,A,B,C,B,A,B,A,A,A,A,B,A,B,A,D,A
210065541050,2024,2,F,1,1,1,2,0,1,0,3523107,Itaquaquecetuba,35,SP,E,E,D,D,2,B,C,B,C,C,B,A,C,B,B,B,B,C,B,B,B,B,A
210065541239,2024,2,M,1,1,1,2,0,1,0,3523107,Itaquaquecetuba,35,SP,F,E,C,C,5,B,C,A,B,C,B,A,B,A,B,B,A,B,A,B,C,D,A
210065541792,2024,2,M,0,3,1,2,0,1,0,3523107,Itaquaquecetuba,35,SP,D,D,C,A,4,B,E,A,C,D,A,A,B,A,B,B,A,B,A,B,C,E,A
210065543122,2024,8,M,1,3,1,1,6,,0,3523107,Itaquaquecetuba,35,SP,E,E,B,F,4,A,D,A,C,C,A,A,B,A,B,A,A,B,A,B,B,D,A
210065544526,2024,3,M,1,3,1,2,0,1,0,3523107,Itaquaquecetuba,35,SP,A,A,B,B,3,A,B,A,B,B,C,A,B,A,B,B,A,B,A,B,A,B,A
210065547568,2024,13,M,2,2,1,1,18,,0,3523107,Itaquaquecetuba,35,SP,B,B,C,B,2,B,B,A,B,B,B,A,B,B,B,B,B,B,A,B,B,C,A
210065548491,2024,2,F,1,3,1,2,0,1,0,3523107,Itaquaquecetuba,35,SP,B,F,C,D,4,A,E,A,B,C,A,A,B,A,A,A,A,B,A,B,A,C,A
210065549430,2024,2,M,1,3,1,2,0,1,0,3523107,Itaquaquecetuba,35,SP,C,C,B,B,5,A,C,A,B,C,A,A,B,A,B,A,A,B,A,A,A,B,A
210065551921,2024,2,F,1,3,1,2,0,1,0,3523107,Itaquaquecetuba,35,SP,E,C,C,F,4,A,B,A,C,C,B,A,B,A,A,A,A,B,A,B,A,C,A
210065554862,2024,11,F,1,1,1,1,9,,0,3523107,Itaquaquecetuba,35,SP,B,D,C,C,4,A,C,A,B,C,B,A,B,A,B,B,A,B,A,B,B,E,A
210065557898,2024,7,F,1,1,1,1,3,,0,3523107,Itaquaquecetuba,35,SP,C,B,B,B,4,B,B,A,B,B,A,A,B,A,A,A,A,B,A,A,A,B,A
210065558645,2024,14,M,2,1,1,1,18,,0,3523107,Itaquaquecetuba,35,SP,E,C,C,B,3,B,B,A,B,B,A,A,B,A,A,B,A,B,A,B,B,C,F
210065561188,2024,2,F,1,1,1,2,0,1,0,3523107,Itaquaquecetuba,35,SP,E,G,D,D,3,A,E,A,B,C,B,A,B,A,B,B,A,C,B,B,C,D,D
210065561695,2024,3,M,1,1,1,1,0,,0,3523107,Itaquaquecetuba,35,SP,E,G,C,D,5,A,F,A,C,C,B,A,B,A,B,B,A,C,A,B,B,D,A
210065562500,2024,3,F,1,1,1,2,0,1,0,3523107,Itaquaquecetuba,35,SP,E,D,D,B,3,A,D,A,B,C,A,A,B,A,B,B,A,B,A,B,A,D,A
210065562593,2024,11,F,2,3,1,1,12,,0,3523107,Itaquaquecetuba,35,SP,E,E,C,C,4,B,E,A,B,B,B,B,B,A,A,B,A,B,A,B,A,C,A
210065562708,2024,14,M,2,2,1,1,18,,0,3523107,Itaquaquecetuba,35,SP,G,E,C,B,7,B,C,A,C,C,C,A,B,A,B,B,A,B,A,B,B,D,A
210065563461,2024,3,M,1,1,1,2,0,1,0,3523107,Itaquaquecetuba,35,SP,E,E,D,B,4,B,M,A,D,C,B,A,B,A,B,B,B,D,A,B,D,D,D
210065563739,2024,2,F,1,1,1,2,0,1,0,3523107,Itaquaquecetuba,35,SP,E,E,D,B,5,A,F,A,B,C,B,A,B,A,B,B,A,B,A,B,A,D,A
210065564074,2024,3,M,1,3,1,2,0,1,0,3523107,Itaquaquecetuba,35,SP,B,C,B,B,2,A,B,A,B,B,A,A,B,A,A,B,A,B,A,A,A,C,A
210065564345,2024,14,F,3,1,1,1,18,,0,3523107,Itaquaquecetuba,35,SP,D,D,C,B,3,B,F,A,D,D,A,A,B,B,B,B,B,D,B,B,B,B,A
210065565794,2024,3,F,1,4,1,2,0,1,0,3523107,Itaquaquecetuba,35,SP,E,E,C,F,4,A,C,A,B,C,B,A,B,A,A,B,A,B,A,B,A,C,A
210065565885,2024,1,F,1,1,1,3,0,,1,3523107,Itaquaquecetuba,35,SP,E,F,C,D,2,A,H,A,D,C,B,A,C,A,B,B,B,D,A,B,C,C,D
210065569461,2024,7,F,1,3,1,1,5,,0,3523107,Itaquaquecetuba,35,SP,D,D,C,C,3,B,E,A,C,C,B,B,B,A,B,B,B,D,A,B,A,D,A
210065569974,2024,13,F,3,3,1,1,18,,0,3523107,Itaquaquecetuba,35,SP,B,C,C,B,2,A,B,A,B,B,A,A,B,A,A,A,A,B,A,B,A,B,A
210065570495,2024,8,F,1,1,1,1,6,,0,3523107,Itaquaquecetuba,35,SP,B,E,A,A,5,B,C,A,B,C,A,B,B,A,B,A,A,B,A,B,B,D,A
210065570607,2024,2,M,1,1,1,2,0,1,0,3523107,Itaquaquecetuba,35,SP,E,E,E,F,4,B,M,B,D,D,B,A,B,A,B,B,B,D,B,B,C,E,D
210065570681,2024,3,F,1,1,1,2,0,1,0,3523107,Itaquaquecetuba,35,SP,E,E,C,C,4,A,E,A,C,C,B,A,B,B,B,B,A,C,B,B,B,D,A
210065571836,2024,10,F,1,1,1,1,8,,0,3523107,Itaquaquecetuba,35,SP,E,G,D,D,3,A,H,A,B,C,B,A,B,A,B,B,A,B,A,B,B,D,A
210065572421,2024,2,F,1,1,1,2,0,1,0,3523107,Itaquaquecetuba,35,SP,H,C,F,B,2,A,A,A,B,C,A,A,B,A,B,B,A,B,A,B,A,B,A
210065574559,2024,3,F,1,2,1,2,0,1,0,3523107,Itaquaquecetuba,35,SP,E,D,F,B,4,A,A,A,B,B,A,A,B,A,B,A,A,B,A,B,B,C,A
210065574592,2024,2,F,1,1,1,2,0,1,0,3523107,Itaquaquecetuba,35,SP,E,E,C,D,4,B,F,A,B,C,B,C,B,A,B,B,B,B,A,B,B,E,A
210065575350,2024,3,F,1,3,1,2,0,1,0,3523107,Itaquaquecetuba,35,SP,H,E,F,B,4,B,C,A,B,C,A,A,B,A,B,B,A,B,A,B,A,C,A
210065575402,2024,3,F,1,3,1,1,1,,0,3523107,Itaquaquecetuba,35,SP,C,D,B,B,3,A,E,A,C,C,B,A,B,A,B,B,B,B,A,B,A,D,A
210065576615,2024,4,F,1,3,1,1,0,,0,3523107,Itaquaquecetuba,35,SP,A,D,B,B,4,A,C,A,C,C,A,A,C,A,B,B,A,C,A,B,A,E,A
210065577306,2024,4,F,1,2,1,2,0,1,0,3523107,Itaquaquecetuba,35,SP,E,E,F,F,3,A,B,A,B,C,A,A,B,A,A,B,A,B,A,A,A,C,A
210065578180,2024,4,F,1,1,1,1,2,,0,3523107,Itaquaquecetuba,35,SP,H,C,F,B,4,B,B,A,B,C,A,A,B,A,A,B,A,B,A,B,B,D,A
210065580324,2024,3,F,1,3,1,2,0,1,0,3523107,Itaquaquecetuba,35,SP,E,G,D,D,4,B,G,A,C,D,C,A,B,B,B,B,B,B,B,B,C,E,D
210065581647,2024,2,F,1,1,1,2,0,1,0,3523107,Itaquaquecetuba,35,SP,C,E,D,B,4,A,B,A,B,C,A,A,B,A,B,A,A,B,A,B,A,C,A
210065582114,2024,3,M,1,1,1,1,1,,0,3523107,Itaquaquecetuba,35,SP,D,G,D,D,4,A,Q,A,D,D,C,A,B,A,B,B,B,C,A,B,C,E,A
210065582910,2024,11,F,1,3,1,1,0,,0,3523107,Itaquaquecetuba,35,SP,A,B,B,B,5,A,B,A,B,B,A,A,B,A,B,B,A,B,A,B,A,C,A
210065583878,2024,2,M,1,3,1,3,0,,1,3523107,Itaquaquecetuba,35,SP,F,C,E,B,3,A,C,A,B,C,B,A,B,B,B,B,A,C,A,B,B,D,A
210065584956,2024,2,F,1,3,1,2,0,1,0,3523107,Itaquaquecetuba,35,SP,B,D,C,F,5,A,C,A,C,D,B,A,B,A,B,B,B,D,B,B,D,E,A
210065585264,2024,3,F,1,1,1,2,0,1,0,3523107,Itaquaquecetuba,35,SP,E,E,C,B,4,A,D,A,B,C,B,A,B,A,B,A,A,C,B,B,A,D,A
210065585414,2024,14,M,3,3,1,1,18,,0,3523107,Itaquaquecetuba,35,SP,D,E,B,C,3,B,B,A,B,B,B,B,B,A,B,B,B,B,A,B,A,B,A
210065586242,2024,3,F,1,1,1,2,0,1,0,3523107,Itaquaquecetuba,35,SP,D,C,D,B,2,A,B,A,C,D,B,A,B,A,B,B,B,C,B,B,B,C,A
210065587120,2024,9,M,1,3,1,1,6,,0,3523107,Itaquaquecetuba,35,SP,A,D,A,A,1,B,B,A,B,B,A,A,B,A,A,A,A,B,A,B,B,B,A
210065590495,2024,8,F,1,2,1,1,4,,0,3523107,Itaquaquecetuba,35,SP,H,H,A,A,4,B,B,A,B,C,A,A,B,A,A,A,A,B,A,B,A,B,A
210065591884,2024,4,F,1,1,1,1,1,,0,3523107,Itaquaquecetuba,35,SP,B,E,D,B,4,A,A,A,B,C,A,A,B,A,A,B,A,B,A,B,A,C,A
210065593720,2024,3,M,1,3,1,2,0,1,0,3523107,Itaquaquecetuba,35,SP,B,C,C,C,4,A,B,A,C,C,A,A,B,A,A,A,B,B,A,B,B,E,A
210065594346,2024,2,M,1,1,1,3,0,,1,3523107,Itaquaquecetuba,35,SP,D,E,F,F,2,A,A,A,B,B,A,A,B,A,A,A,A,B,A,B,A,B,A
210065594477,2024,2,F,1,1,1,2,0,1,0,3523107,Itaquaquecetuba,35,SP,D,C,A,F,4,A,B,A,B,B,A,A,B,A,A,A,A,C,A,B,A,D,A
210065594682,2024,7,M,1,1,1,1,2,,0,3523107,Itaquaquecetuba,35,SP,G,E,C,B,2,B,C,A,B,C,A,A,B,A,A,A,A,A,A,B,C,C,A
210065596183,2024,3,F,1,1,1,2,0,1,0,3523107,Itaquaquecetuba,35,SP,E,F,B,B,4,B,C,A,B,C,C,A,B,A,B,A,A,B,A,B,C,E,A
210065597179,2024,10,M,1,3,1,1,8,,0,3523107,Itaquaquecetuba,35,SP,E,D,C,B,3,B,B,A,B,C,A,A,B,A,B,B,B,B,A,B,A,B,A
210065599141,2024,12,M,2,3,1,1,17,,0,3523107,Itaquaquecetuba,35,SP,E,E,B,B,6,B,B,A,C,C,A,A,B,A,B,B,A,B,A,B,A,D,A
210065600818,2024,9,M,1,3,1,1,7,,0,3523107,Itaquaquecetuba,35,SP,H,G,F,D,4,A,B,A,C,C,B,A,B,A,B,B,A,C,A,B,D,C,A
210065601587,2024,5,F,1,1,1,1,3,,0,3523107,Itaquaquecetuba,35,SP,C,D,C,D,5,A,B,A,B,D,B,A,B,B,B,B,B,B,A,B,A,D,A
210065604339,2024,3,M,0,1,1,2,0,1,0,3523107,Itaquaquecetuba,35,SP,G,G,D,D,4,A,G,A,B,B,B,A,B,A,B,B,B,B,A,B,A,D,A
210065606070,2024,3,M,1,1,1,2,0,1,0,3523107,Itaquaquecetuba,35,SP,C,F,C,F,3,B,D,A,B,C,B,A,B,A,B,A,A,B,A,B,B,C,A
210065608824,2024,5,F,1,3,1,1,2,,0,3523107,Itaquaquecetuba,35,SP,E,E,B,B,2,B,C,A,B,C,A,A,B,A,A,A,A,B,A,B,B,B,A
210065609727,2024,2,M,1,1,1,3,0,,1,3523107,Itaquaquecetuba,35,SP,F,E,C,F,3,A,G,A,B,C,B,A,B,A,B,B,B,B,A,B,B,D,B
210065610836,2024,3,F,1,1,1,2,0,1,0,3523107,Itaquaquecetuba,35,SP,H,D,F,C,6,A,C,A,B,C,B,A,B,A,B,B,B,C,B,B,B,E,A
210065612668,2024,8,M,1,3,1,1,0,,0,3523107,Itaquaquecetuba,35,SP,E,G,C,B,4,A,C,A,B,C,B,A,B,A,B,A,A,B,A,B,B,E,A
210065615211,2024,3,F,1,3,1,2,0,1,0,3523107,Itaquaquecetuba,35,SP,E,E,C,B,7,A,B,A,B,A,A,A,B,A,A,A,A,A,A,A,A,B,A
210065615426,2024,3,M,1,3,1,2,0,1,0,3523107,Itaquaquecetuba,35,SP,E,E,B,B,4,A,E,A,B,D,A,A,B,A,B,B,A,B,A,B,A,E,A
210065616169,2024,3,F,1,1,1,2,0,1,0,3523107,Itaquaquecetuba,35,SP,B,E,B,B,3,A,B,A,C,C,B,A,B,A,B,B,B,B,A,A,A,D,A
210065617418,2024,2,F,1,1,1,2,0,1,0,3523107,Itaquaquecetuba,35,SP,B,E,F,B,6,A,B,A,B,C,A,A,B,A,B,A,A,B,A,B,A,D,A
210065619233,2024,2,M,1,1,1,2,0,1,0,3523107,Itaquaquecetuba,35,SP,E,D,C,C,3,A,A,A,B,C,A,A,B,A,A,A,A,C,A,B,A,C,A
210065619247,2024,3,F,1,3,1,1,1,,0,3523107,Itaquaquecetuba,35,SP,C,F,B,D,3,A,E,A,B,C,A,A,B,A,B,B,A,C,A,B,A,E,A
210065619729,2024,2,M,0,1,1,2,0,1,0,3523107,Itaquaquecetuba,35,SP,C,B,C,B,3,A,B,A,B,B,A,A,B,A,B,A,A,B,A,B,B,B,A
210065622877,2024,3,M,1,1,1,2,0,1,0,3523107,Itaquaquecetuba,35,SP,C,E,E,B,3,A,G,A,C,D,C,A,B,A,B,B,A,D,A,B,B,D,A
210065623390,2024,4,M,1,3,1,1,2,,0,3523107,Itaquaquecetuba,35,SP,C,E,C,B,3,A,E,A,B,C,B,A,B,A,B,B,A,B,A,B,B,D,A
210065624818,2024,3,M,0,3,1,2,0,1,0,3523107,Itaquaquecetuba,35,SP,E,E,B,B,3,A,D,A,B,B,B,A,B,A,B,A,A,B,A,B,A,B,A
210065624882,2024,6,M,1,1,1,1,3,,0,3523107,Itaquaquecetuba,35,SP,E,E,C,B,3,A,F,A,B,C,B,A,B,A,B,B,B,D,A,B,C,D,A
210065626131,2024,2,F,1,3,1,2,0,1,0,3523107,Itaquaquecetuba,35,SP,D,F,B,D,4,B,G,B,B,C,C,A,B,A,B,B,B,C,B,B,C,E,D
210065627277,2024,11,F,0,1,1,1,0,,0,3523107,Itaquaquecetuba,35,SP,D,E,B,B,5,A,C,A,B,D,A,B,B,A,B,A,A,D,A,B,D,E,A
210065628800,2024,3,F,1,1,1,1,1,,0,3523107,Itaquaquecetuba,35,SP,D,E,D,D,3,A,G,A,B,C,B,A,B,B,B,B,A,C,B,B,B,D,A
210065628812,2024,1,F,1,1,1,3,0,,1,3523107,Itaquaquecetuba,35,SP,E,G,C,D,3,A,L,A,C,D,C,A,B,A,B,B,B,D,A,B,D,D,D
210065629075,2024,3,F,1,1,1,2,0,1,0,3523107,Itaquaquecetuba,35,SP,C,C,B,B,2,A,C,A,C,C,B,A,B,A,B,B,A,A,A,B,A,B,A
210065629389,2024,11,M,2,1,1,1,9,,0,3523107,Itaquaquecetuba,35,SP,C,D,C,C,2,B,F,A,B,B,A,A,B,A,B,A,A,A,A,B,B,B,A
210065629958,2024,3,M,1,3,1,2,0,1,0,3523107,Itaquaquecetuba,35,SP,H,H,F,A,5,B,B,A,B,C,C,B,B,B,B,B,A,C,A,B,C,E,A
210065631062,2024,5,F,1,3,1,1,2,,0,3523107,Itaquaquecetuba,35,SP,D,E,C,C,7,A,G,A,C,D,B,A,B,A,B,A,A,B,A,B,B,E,B
210065632210,2024,2,F,1,3,1,3,0,,1,3523107,Itaquaquecetuba,35,SP,E,E,B,B,3,A,D,A,C,D,B,B,B,B,B,B,B,B,A,B,B,D,A
210065632572,2024,4,M,1,2,1,1,1,,0,3523107,Itaquaquecetuba,35,SP,C,G,C,D,4,A,G,A,D,C,D,A,B,A,B,B,A,B,B,B,B,B,A
210065634302,2024,3,M,1,3,1,2,0,1,0,3523107,Itaquaquecetuba,35,SP,F,F,D,F,5,B,C,A,B,C,C,A,C,B,B,A,B,D,A,B,A,D,A
210065637599,2024,13,F,2,1,1,1,0,,0,3523107,Itaquaquecetuba,35,SP,C,B,C,B,1,B,D,A,B,C,A,A,B,B,B,A,A,B,A,B,B,B,A
210065640052,2024,9,F,1,3,1,1,7,,0,3523107,Itaquaquecetuba,35,SP,E,C,F,B,4,B,B,A,B,B,A,A,B,A,A,A,A,A,A,A,A,B,A
210065641900,2024,2,F,1,1,1,2,0,2,0,3523107,Itaquaquecetuba,35,SP,E,D,B,B,4,A,B,A,B,B,B,A,B,A,A,A,A,B,A,B,A,C,A
210065641951,2024,2,F,1,1,1,2,0,1,0,3523107,Itaquaquecetuba,35,SP,H,H,C,B,2,A,A,A,B,C,A,A,B,A,A,A,A,B,A,B,A,B,A
210065642459,2024,3,F,1,3,1,2,0,1,0,3523107,Itaquaquecetuba,35,SP,H,E,C,B,4,A,D,A,C,D,B,A,B,A,B,B,A,B,A,B,A,D,A
210065643862,2024,4,F,1,1,1,1,2,,0,3523107,Itaquaquecetuba,35,SP,C,B,B,F,3,A,C,A,B,C,B,A,B,A,B,B,A,B,A,B,B,D,A
210065643951,2024,13,F,0,1,1,1,18,,0,3523107,Itaquaquecetuba,35,SP,A,A,B,A,3,A,A,A,B,C,A,A,B,A,B,B,A,B,A,B,A,B,A
210065644611,2024,2,M,1,1,1,2,0,1,0,3523107,Itaquaquecetuba,35,SP,D,C,C,B,3,A,A,A,B,B,A,A,B,A,B,A,A,B,A,A,A,C,A
210065647146,2024,3,M,1,5,1,2,0,1,0,3523107,Itaquaquecetuba,35,SP,E,E,B,B,5,A,B,A,B,C,A,A,B,A,B,B,A,B,A,B,A,C,A
210065647446,2024,3,F,0,3,1,2,0,1,0,3523107,Itaquaquecetuba,35,SP,F,E,B,B,3,A,E,A,C,C,A,A,B,A,B,B,B,B,B,B,A,D,A
210065648063,2024,2,M,1,2,1,2,0,1,0,3523107,Itaquaquecetuba,35,SP,C,E,F,D,4,A,C,A,B,D,A,A,B,A,B,A,A,C,A,B,C,E,A
210065648305,2024,1,F,1,1,1,3,0,,1,3523107,Itaquaquecetuba,35,SP,E,E,C,C,4,A,D,A,B,D,B,B,B,A,B,B,A,C,B,B,B,E,A
210065649301,2024,6,M,1,3,1,1,3,,0,3523107,Itaquaquecetuba,35,SP,E,C,F,F,2,B,C,A,B,B,B,A,B,B,B,B,A,B,A,B,A,D,A
210065650801,2024,8,F,1,1,1,1,6,,0,3523107,Itaquaquecetuba,35,SP,D,C,C,B,2,A,A,A,B,C,A,A,B,A,A,B,A,C,A,B,B,C,A
210065650846,2024,3,F,1,3,1,2,0,1,0,3523107,Itaquaquecetuba,35,SP,E,E,F,F,4,B,A,A,B,B,A,A,B,A,A,A,A,A,A,B,A,C,A
210065651385,2024,3,M,1,3,1,2,0,1,0,3523107,Itaquaquecetuba,35,SP,H,H,D,B,4,B,B,A,C,D,C,A,B,A,B,B,A,B,A,A,A,D,A
210065652993,2024,3,F,1,1,1,2,0,1,0,3523107,Itaquaquecetuba,35,SP,E,E,C,C,3,A,B,A,B,C,A,A,B,A,B,A,B,B,A,B,A,D,A
210065653039,2024,4,M,1,3,1,1,1,,0,3523107,Itaquaquecetuba,35,SP,H,D,F,B,6,A,B,A,B,B,A,A,B,A,A,A,A,B,A,A,A,B,A
210065655227,2024,3,F,3,3,1,2,0,1,0,3523107,Itaquaquecetuba,35,SP,G,E,E,E,4,B,F,A,B,D,B,A,B,A,B,B,A,B,A,B,B,E,A
210065656101,2024,3,M,1,3,1,2,0,1,0,3523107,Itaquaquecetuba,35,SP,C,E,C,B,4,B,C,A,B,C,A,A,B,A,B,A,B,B,A,B,B,E,A
210065656688,2024,3,F,1,3,1,2,0,1,0,3523107,Itaquaquecetuba,35,SP,E,H,F,B,8,B,E,A,C,D,B,A,B,B,B,A,A,C,B,B,B,B,A
210065656693,2024,3,M,1,3,1,2,0,1,0,3523107,Itaquaquecetuba,35,SP,E,E,F,F,3,A,C,A,B,C,A,A,B,A,B,B,A,C,A,B,B,D,A
210065657501,2024,3,F,1,1,1,2,0,1,0,3523107,Itaquaquecetuba,35,SP,B,E,B,C,2,B,B,A,B,C,B,A,B,B,B,B,A,C,A,B,A,D,A
210065657880,2024,3,F,1,1,1,2,0,1,0,3523107,Itaquaquecetuba,35,SP,F,E,D,B,5,A,G,A,C,D,B,A,B,B,B,B,A,B,B,B,C,B,A
210065658263,2024,13,F,2,3,1,1,18,,0,3523107,Itaquaquecetuba,35,SP,B,C,C,B,4,A,B,A,B,B,A,A,B,A,A,A,A,B,A,B,A,B,A
210065658837,2024,16,F,3,3,1,2,0,,0,3523107,Itaquaquecetuba,35,SP,C,B,C,C,2,B,B,A,B,B,A,A,B,A,B,B,B,B,A,B,A,B,A
210065660208,2024,3,F,1,3,1,2,0,1,0,3523107,Itaquaquecetuba,35,SP,B,E,F,F,4,A,E,A,C,D,A,A,B,A,A,A,A,C,A,B,A,E,A
210065660253,2024,4,M,1,2,1,2,0,1,0,3523107,Itaquaquecetuba,35,SP,H,H,F,F,3,B,B,A,D,C,A,A,B,A,B,B,A,B,A,B,A,D,A
210065660254,2024,2,F,1,1,1,2,0,1,0,3523107,Itaquaquecetuba,35,SP,E,E,C,F,4,A,H,A,C,C,B,A,B,A,B,B,A,C,B,B,A,E,A
210065660293,2024,2,F,1,2,1,3,0,,1,3523107,Itaquaquecetuba,35,SP,C,D,C,B,5,A,C,A,B,C,B,A,B,B,B,B,A,C,A,B,B,D,A
210065661619,2024,2,F,1,3,1,3,0,,1,3523107,Itaquaquecetuba,35,SP,H,E,C,B,6,A,B,A,B,C,A,A,B,A,B,A,A,B,A,B,B,C,A
210065661772,2024,2,M,1,1,1,2,0,1,0,3523107,Itaquaquecetuba,35,SP,H,D,C,B,5,B,F,A,B,B,A,A,C,A,B,A,A,B,A,B,B,E,A
210065663130,2024,3,F,1,3,1,2,0,1,0,3523107,Itaquaquecetuba,35,SP,E,E,C,B,4,A,C,A,D,C,B,A,B,A,B,B,B,B,B,B,B,E,A
210065664510,2024,13,F,1,1,1,1,18,,0,3523107,Itaquaquecetuba,35,SP,D,B,C,B,3,A,A,A,B,C,A,A,B,A,B,B,B,B,A,B,C,D,A
210065665989,2024,14,F,1,3,1,1,18,,0,3523107,Itaquaquecetuba,35,SP,E,E,B,B,1,A,A,A,B,B,A,A,B,A,A,A,A,B,A,B,A,A,A
210065667042,2024,5,F,1,2,1,1,2,,0,3523107,Itaquaquecetuba,35,SP,H,E,F,F,3,A,A,A,C,C,B,A,B,A,B,B,A,B,A,B,B,B,A
210065667139,2024,2,F,1,1,1,2,0,1,0,3523107,Itaquaquecetuba,35,SP,D,E,C,D,5,A,F,A,C,C,B,A,B,A,B,B,A,C,A,B,A,E,A
210065667167,2024,3,F,0,2,1,2,0,1,0,3523107,Itaquaquecetuba,35,SP,E,E,B,B,3,A,B,A,B,B,A,A,B,A,A,B,A,B,A,B,A,B,A
210065667202,2024,4,F,1,3,1,2,0,1,0,3523107,Itaquaquecetuba,35,SP,D,E,F,B,4,A,E,A,C,C,B,A,B,A,B,A,B,B,A,B,B,E,E
210065667230,2024,13,F,0,3,1,1,18,,0,3523107,Itaquaquecetuba,35,SP,B,B,B,B,3,B,B,A,C,C,A,A,B,A,B,A,A,B,B,B,B,C,A
210065668513,2024,3,F,1,2,1,2,0,1,0,3523107,Itaquaquecetuba,35,SP,D,C,C,B,6,A,B,A,B,D,A,A,B,A,A,B,A,B,A,B,A,E,A
210065669033,2024,2,M,0,3,3,2,0,1,0,3523107,Itaquaquecetuba,35,SP,E,C,F,B,5,A,A,A,B,B,A,A,B,A,B,A,A,B,A,B,A,C,A
210065669099,2024,3,F,1,2,1,2,0,1,0,3523107,Itaquaquecetuba,35,SP,E,E,C,B,2,B,B,A,B,C,B,A,B,A,B,B,A,B,B,B,B,C,A
210065669302,2024,1,F,1,3,1,3,0,,1,3523107,Itaquaquecetuba,35,SP,D,E,C,B,4,A,B,A,B,C,A,A,B,A,A,B,A,A,A,B,A,C,A
210065672443,2024,12,M,1,3,1,1,16,,0,3523107,Itaquaquecetuba,35,SP,C,C,C,C,4,A,C,A,B,C,A,A,B,A,B,A,A,B,A,B,B,D,A
210065673053,2024,8,F,1,3,3,1,6,,0,3523107,Itaquaquecetuba,35,SP,C,C,C,C,11,A,C,A,B,B,B,A,B,A,B,A,A,B,A,B,A,E,A
210065673063,2024,3,F,1,1,1,2,0,1,0,3523107,Itaquaquecetuba,35,SP,C,C,F,F,3,B,E,A,D,D,A,A,B,B,B,B,A,C,A,B,A,B,A
210065674740,2024,2,M,1,1,1,3,0,,1,3523107,Itaquaquecetuba,35,SP,C,G,D,D,5,A,H,A,C,D,C,A,B,A,B,B,B,B,A,B,B,E,D
210065677920,2024,7,F,1,3,1,1,3,,0,3523107,Itaquaquecetuba,35,SP,B,C,C,B,6,B,B,A,C,C,A,A,B,A,B,A,B,B,A,B,A,E,A
210065679197,2024,8,F,1,3,1,1,6,,0,3523107,Itaquaquecetuba,35,SP,C,B,C,B,5,A,E,A,D,C,A,A,B,A,B,A,B,B,A,B,B,B,A
210065681496,2024,7,F,1,1,1,1,5,,0,3523107,Itaquaquecetuba,35,SP,B,B,C,B,3,B,E,A,B,C,B,A,B,A,B,B,A,A,A,B,B,C,A
210065682212,2024,2,F,1,3,1,2,0,1,0,3523107,Itaquaquecetuba,35,SP,B,E,A,C,4,A,C,A,B,C,A,A,B,A,B,B,A,B,A,B,A,C,A
210065682309,2024,2,F,1,3,2,2,0,1,0,3523107,Itaquaquecetuba,35,SP,E,D,F,F,4,A,B,A,C,C,B,A,B,B,B,B,A,C,B,B,A,D,A
210065683776,2024,2,F,1,2,1,2,0,1,0,3523107,Itaquaquecetuba,35,SP,A,A,C,B,3,A,B,A,B,B,A,A,B,A,B,A,A,B,A,B,A,C,A
210065684793,2024,3,F,1,3,1,2,0,1,0,3523107,Itaquaquecetuba,35,SP,F,G,C,D,4,A,G,A,B,C,B,A,B,A,B,A,B,B,A,B,B,E,A
210065686662,2024,3,F,1,2,1,2,0,1,0,3523107,Itaquaquecetuba,35,SP,H,B,F,F,20,A,A,A,B,B,A,A,B,A,B,B,A,B,A,B,B,B,E
210065687559,2024,3,F,1,1,1,2,0,1,0,3523107,Itaquaquecetuba,35,SP,F,F,D,D,4,A,K,A,D,C,B,B,B,A,B,B,B,D,B,B,C,E,D
210065687804,2024,3,F,1,1,1,2,0,1,0,3523107,Itaquaquecetuba,35,SP,D,B,F,F,7,A,C,A,B,D,B,A,B,A,B,B,A,B,A,B,A,E,A
210065688273,2024,3,F,1,1,1,2,0,1,0,3523107,Itaquaquecetuba,35,SP,E,G,C,B,3,B,F,A,B,B,C,A,B,A,B,B,A,B,A,B,B,D,A
210065688639,2024,2,F,1,2,1,2,0,1,0,3523107,Itaquaquecetuba,35,SP,D,B,C,B,3,A,C,A,B,D,B,A,B,A,B,B,B,D,A,B,A,D,A
210065689063,2024,4,M,1,1,1,1,1,,0,3523107,Itaquaquecetuba,35,SP,D,E,D,D,4,A,C,A,B,C,B,A,B,A,B,B,A,B,A,B,B,E,A
210065689181,2024,3,F,1,1,1,2,0,2,0,3523107,Itaquaquecetuba,35,SP,E,F,B,D,2,A,C,A,C,C,B,A,B,A,B,B,B,B,A,B,B,C,A
210065691489,2024,15,F,1,1,1,1,18,,0,3523107,Itaquaquecetuba,35,SP,B,B,B,B,3,B,E,A,B,C,A,A,B,A,B,B,A,B,A,B,B,B,A
210065691708,2024,3,F,1,1,1,1,1,,0,3523107,Itaquaquecetuba,35,SP,F,G,D,D,2,A,G,B,B,C,B,A,B,A,B,B,A,B,B,B,C,B,E
210065691853,2024,3,F,1,3,1,1,1,,0,3523107,Itaquaquecetuba,35,SP,B,B,B,F,3,A,C,A,B,C,B,A,B,A,B,B,A,B,A,B,A,D,A
210065698176,2024,3,F,1,1,1,2,0,1,0,3523107,Itaquaquecetuba,35,SP,F,E,C,B,4,A,B,A,C,D,B,A,B,A,A,B,A,B,A,B,A,E,A
210065698720,2024,3,F,1,3,1,2,0,1,0,3523107,Itaquaquecetuba,35,SP,G,E,D,D,4,A,G,A,C,C,A,A,B,A,B,A,A,B,A,B,B,E,A
210065698790,2024,3,F,1,1,1,2,0,1,0,3523107,Itaquaquecetuba,35,SP,G,G,D,D,6,A,I,A,C,D,B,A,B,A,B,B,A,C,B,B,B,E,A
210065699436,2024,3,M,1,1,1,3,0,,1,3523107,Itaquaquecetuba,35,SP,E,D,D,B,4,A,I,A,B,C,B,A,B,A,B,B,A,B,B,B,B,E,A
210065699868,2024,11,F,1,2,1,1,12,,0,3523107,Itaquaquecetuba,35,SP,B,C,C,B,4,A,C,A,B,B,A,A,B,A,B,B,A,B,A,B,A,B,A
210065701849,2024,2,F,1,3,1,2,0,1,0,3523107,Itaquaquecetuba,35,SP,B,E,C,F,4,A,C,A,B,C,B,A,B,A,B,B,B,B,A,B,A,E,A
210065705695,2024,5,M,1,3,1,1,2,,0,3523107,Itaquaquecetuba,35,SP,E,C,F,C,3,B,F,A,B,B,B,A,B,A,B,B,B,B,A,B,B,D,A
210065710024,2024,1,F,1,3,1,3,0,,1,3523107,Itaquaquecetuba,35,SP,C,C,C,B,6,A,B,A,B,B,B,A,A,A,A,A,A,A,A,A,A,B,A
210065713207,2024,4,M,1,3,1,1,2,,0,3523107,Itaquaquecetuba,35,SP,E,E,B,B,3,A,E,A,B,C,B,B,B,A,B,B,A,B,A,B,B,B,A
210065714810,2024,3,F,1,1,1,2,0,1,0,3523107,Itaquaquecetuba,35,SP,E,B,F,B,9,A,C,A,B,C,B,A,B,B,B,A,A,B,A,B,B,E,A
210065716102,2024,11,F,2,2,1,1,11,,0,3523107,Itaquaquecetuba,35,SP,H,H,B,B,3,B,A,A,B,B,A,A,B,A,B,B,A,B,A,B,A,C,A
210065716512,2024,1,M,1,3,1,3,0,,1,3523107,Itaquaquecetuba,35,SP,E,F,C,B,4,A,B,A,B,C,A,A,B,A,B,B,A,B,A,B,B,B,A
210065717448,2024,1,M,1,1,1,3,0,,1,3523107,Itaquaquecetuba,35,SP,G,G,D,D,4,A,O,A,C,D,B,A,C,A,B,B,B,D,A,B,D,E,C
210065717813,2024,5,M,0,3,1,1,2,,0,3523107,Itaquaquecetuba,35,SP,H,D,C,B,4,B,B,A,B,B,A,B,B,A,B,B,A,B,A,B,A,E,A
210065720021,2024,3,F,1,1,1,2,0,1,0,3523107,Itaquaquecetuba,35,SP,C,H,C,F,3,A,B,A,B,B,A,A,B,A,B,A,A,A,A,B,A,C,A
210065720745,2024,3,F,1,3,1,2,0,1,0,3523107,Itaquaquecetuba,35,SP,E,E,D,B,6,A,F,A,C,D,C,B,B,A,B,B,B,D,A,B,C,E,A
210065721683,2024,5,F,1,3,1,1,2,,0,3523107,Itaquaquecetuba,35,SP,E,E,B,B,5,B,C,A,B,C,A,A,B,A,B,A,A,B,A,B,A,D,A
210065721747,2024,14,F,3,1,1,1,18,,0,3523107,Itaquaquecetuba,35,SP,B,A,A,A,1,B,B,A,B,B,A,A,B,A,A,A,A,B,A,B,A,B,A
210065723405,2024,8,F,1,0,1,1,6,,0,3523107,Itaquaquecetuba,35,SP,B,D,B,B,3,A,B,A,B,C,A,A,B,A,A,A,A,B,A,B,A,D,A
210065723898,2024,3,F,1,3,1,2,0,1,0,3523107,Itaquaquecetuba,35,SP,F,F,B,B,4,A,E,A,B,B,B,A,B,A,B,B,A,B,A,B,B,B,A
210065724795,2024,3,F,1,3,1,2,0,1,0,3523107,Itaquaquecetuba,35,SP,H,C,F,B,4,A,B,A,B,B,A,A,B,A,A,A,A,B,A,B,A,B,A
210065725064,2024,2,M,1,0,1,2,0,1,0,3523107,Itaquaquecetuba,35,SP,H,D,F,B,3,A,C,A,B,C,B,A,B,A,B,A,A,A,A,B,B,D,A
210065729440,2024,2,F,1,3,1,2,0,1,0,3523107,Itaquaquecetuba,35,SP,C,B,C,D,4,A,B,A,B,A,A,A,B,A,B,A,A,B,A,B,A,C,A
210065730360,2024,2,F,1,3,1,3,0,,1,3523107,Itaquaquecetuba,35,SP,B,E,C,B,4,A,D,A,C,D,B,A,B,A,B,B,B,D,A,B,C,E,A
210065731357,2024,3,M,1,1,1,2,0,1,0,3523107,Itaquaquecetuba,35,SP,E,D,D,B,4,A,E,A,B,D,B,A,B,A,B,B,B,A,B,B,C,E,A
210065732774,2024,3,F,1,1,1,2,0,1,0,3523107,Itaquaquecetuba,35,SP,B,G,B,F,3,A,F,A,B,C,B,A,B,A,B,B,A,B,A,B,B,D,A
210065733535,2024,13,M,0,3,1,1,18,,0,3523107,Itaquaquecetuba,35,SP,D,B,C,B,4,B,C,A,B,C,B,B,B,A,B,B,A,B,A,B,C,C,A
210065734188,2024,2,M,1,1,1,2,0,1,0,3523107,Itaquaquecetuba,35,SP,E,C,C,F,3,A,A,A,B,B,B,A,B,A,B,B,A,B,A,B,B,C,A
210065734202,2024,10,F,0,3,1,1,8,,0,3523107,Itaquaquecetuba,35,SP,B,F,C,D,3,A,A,A,B,B,B,A,B,A,B,B,A,B,A,B,B,B,A
210065735278,2024,2,F,1,1,1,3,0,,1,3523107,Itaquaquecetuba,35,SP,E,E,B,D,4,A,F,A,B,C,A,A,B,A,B,A,A,B,A,B,B,D,A
210065736413,2024,3,F,1,3,1,2,0,1,0,3523107,Itaquaquecetuba,35,SP,F,E,B,C,4,A,D,A,B,C,A,A,B,A,B,B,A,B,A,B,A,D,A
210065741925,2024,1,F,1,3,1,3,0,,1,3523107,Itaquaquecetuba,35,SP,C,C,C,F,3,A,D,A,B,C,B,A,B,A,A,B,A,B,A,B,B,C,A
210065742282,2024,4,M,1,3,4,2,0,1,0,3523107,Itaquaquecetuba,35,SP,C,C,F,F,4,B,B,A,B,B,A,A,B,A,B,A,A,B,A,B,A,B,B
210065743112,2024,2,M,1,3,1,2,0,1,0,3523107,Itaquaquecetuba,35,SP,H,E,B,C,3,A,C,A,B,C,A,A,B,A,B,B,B,C,A,B,C,D,A
210065743146,2024,4,M,1,3,1,1,1,,0,3523107,Itaquaquecetuba,35,SP,C,D,C,C,3,B,F,A,B,C,A,B,B,A,B,B,B,C,A,B,B,D,A
210065744796,2024,3,M,1,1,1,2,0,1,0,3523107,Itaquaquecetuba,35,SP,E,E,C,B,3,A,D,A,B,B,A,A,B,A,B,B,A,B,A,B,B,D,A
210065744847,2024,6,F,1,2,2,1,3,,0,3523107,Itaquaquecetuba,35,SP,A,A,A,A,2,A,D,A,B,B,A,A,B,B,B,A,A,B,A,A,A,B,A
210065745346,2024,2,M,1,3,1,2,0,1,0,3523107,Itaquaquecetuba,35,SP,F,D,E,F,5,A,G,A,B,C,B,A,B,B,B,B,B,D,B,B,C,E,A
210065745697,2024,7,F,1,2,1,1,5,,0,3523107,Itaquaquecetuba,35,SP,E,C,F,F,5,A,E,A,B,C,B,B,B,B,B,B,B,B,A,B,B,E,A
210065747577,2024,2,F,1,1,1,2,0,1,0,3523107,Itaquaquecetuba,35,SP,E,E,C,B,7,B,H,A,B,C,B,A,B,A,A,B,A,A,A,B,B,C,A
210065747971,2024,6,M,1,3,1,1,3,,0,3523107,Itaquaquecetuba,35,SP,C,E,C,B,4,A,A,A,B,B,B,A,B,A,B,B,A,B,A,B,B,D,A
210065749277,2024,11,F,1,2,1,1,9,,0,3523107,Itaquaquecetuba,35,SP,B,B,B,B,6,A,B,A,B,B,A,A,B,A,A,A,A,B,A,A,A,C,A
210065749870,2024,4,M,1,2,1,1,1,,0,3523107,Itaquaquecetuba,35,SP,G,F,E,D,3,B,B,A,C,C,B,A,B,A,B,B,B,B,B,B,B,B,E
210065750168,2024,8,F,1,1,1,1,6,,0,3523107,Itaquaquecetuba,35,SP,G,G,D,D,6,B,L,A,D,D,C,A,B,B,B,B,A,D,B,B,B,E,A
210065751185,2024,2,M,1,3,1,2,0,1,0,3523107,Itaquaquecetuba,35,SP,D,B,C,B,4,B,G,A,D,D,B,A,B,A,B,B,A,D,B,B,C,E,A
210065752626,2024,11,F,1,1,1,1,9,,0,3523107,Itaquaquecetuba,35,SP,C,B,D,D,2,A,B,A,C,C,A,A,B,A,B,B,A,C,A,B,A,C,A
210065753134,2024,4,F,1,1,1,1,2,,0,3523107,Itaquaquecetuba,35,SP,B,E,C,C,3,A,F,A,C,C,B,A,B,A,B,B,A,C,B,B,A,D,A
210065755152,2024,2,M,1,1,1,2,0,1,0,3523107,Itaquaquecetuba,35,SP,H,D,B,B,2,B,C,A,B,C,A,A,B,B,A,A,A,B,A,B,A,C,A
210065755445,2024,14,M,2,3,1,1,18,,0,3523107,Itaquaquecetuba,35,SP,C,C,F,B,4,B,E,A,B,C,B,B,B,A,B,B,B,B,A,B,B,E,A
210065756732,2024,2,F,1,3,1,3,0,,1,3523107,Itaquaquecetuba,35,SP,H,H,F,F,5,A,B,A,B,B,A,A,B,A,A,A,A,B,A,B,A,B,A
210065758625,2024,4,F,1,3,1,1,2,,0,3523107,Itaquaquecetuba,35,SP,E,E,E,D,7,A,E,A,C,D,B,A,C,A,B,B,B,C,B,B,B,E,D
210065758954,2024,3,F,1,1,1,2,0,1,0,3523107,Itaquaquecetuba,35,SP,F,G,D,D,4,A,F,A,C,D,B,A,B,A,B,B,B,C,A,B,C,E,A
210065758994,2024,3,F,1,3,1,2,0,1,0,3523107,Itaquaquecetuba,35,SP,E,C,B,F,3,A,E,A,B,C,B,A,B,A,B,B,B,C,A,B,D,B,D
210065759114,2024,1,F,1,3,1,3,0,,1,3523107,Itaquaquecetuba,35,SP,E,E,C,B,4,A,G,A,B,C,B,A,B,A,B,B,A,C,A,B,B,D,A
210065759212,2024,2,F,1,1,1,3,0,,1,3523107,Itaquaquecetuba,35,SP,D,D,D,D,4,A,E,A,D,C,B,A,B,A,B,B,A,C,A,B,B,D,A
210065759651,2024,4,M,1,1,1,2,0,1,0,3523107,Itaquaquecetuba,35,SP,D,D,C,F,5,A,L,A,D,D,B,A,B,A,B,B,B,C,B,B,E,E,A
210065759746,2024,1,F,1,1,1,3,0,,1,3523107,Itaquaquecetuba,35,SP,F,F,D,D,5,A,H,A,B,C,C,A,B,A,B,B,B,C,A,B,A,E,E
210065760828,2024,3,F,1,3,1,2,0,1,0,3523107,Itaquaquecetuba,35,SP,C,D,C,B,7,A,B,A,B,C,B,A,B,A,B,A,A,B,A,B,A,B,A
210065761410,2024,3,F,1,3,1,2,0,1,0,3523107,Itaquaquecetuba,35,SP,C,E,F,D,2,A,A,A,B,B,B,A,B,A,B,B,A,C,B,B,B,C,A
210065761952,2024,1,F,1,1,1,4,0,,0,3523107,Itaquaquecetuba,35,SP,B,G,E,D,4,A,L,A,D,D,C,A,C,B,B,B,B,D,B,B,D,D,D
210065762487,2024,8,M,1,2,1,1,6,,0,3523107,Itaquaquecetuba,35,SP,H,B,B,B,4,A,C,A,B,C,A,A,B,A,B,B,B,C,A,B,A,E,A
210065762792,2024,2,F,1,1,1,2,0,1,0,3523107,Itaquaquecetuba,35,SP,G,G,D,D,4,A,I,A,C,C,B,B,B,A,B,B,B,B,B,B,B,D,B
210065763384,2024,5,F,1,1,1,1,2,,0,3523107,Itaquaquecetuba,35,SP,H,C,F,C,2,B,D,A,B,C,B,A,B,A,B,B,A,A,A,B,A,C,A
210065763387,2024,2,F,1,1,1,3,0,,1,3523107,Itaquaquecetuba,35,SP,C,D,C,C,7,A,B,A,C,D,B,A,B,A,B,A,A,C,A,B,A,E,A
210065763802,2024,10,F,2,1,1,1,0,,0,3523107,Itaquaquecetuba,35,SP,H,E,D,B,4,A,C,A,B,C,A,A,B,A,A,B,A,B,A,B,A,C,A
210065765608,2024,1,F,1,1,1,3,0,,1,3523107,Itaquaquecetuba,35,SP,E,G,C,D,3,A,G,A,C,C,B,A,B,A,B,B,A,C,B,B,B,D,D
210065766478,2024,3,F,1,1,1,2,0,1,0,3523107,Itaquaquecetuba,35,SP,G,E,D,F,2,B,A,A,B,B,A,A,B,A,B,A,A,B,A,B,A,B,A
210065766975,2024,3,M,1,1,1,2,0,1,0,3523107,Itaquaquecetuba,35,SP,E,E,D,D,3,B,A,A,C,C,B,A,B,A,B,B,B,C,A,B,C,D,A
210065767789,2024,2,F,1,3,1,2,0,1,0,3523107,Itaquaquecetuba,35,SP,E,E,C,D,4,A,E,A,C,C,C,A,B,A,B,B,B,C,A,B,B,D,A
210065768411,2024,8,F,1,3,1,1,6,,0,3523107,Itaquaquecetuba,35,SP,E,B,B,B,4,A,C,A,B,C,A,A,B,A,B,A,A,B,A,B,A,E,A
210065768809,2024,3,F,1,3,1,2,0,1,0,3523107,Itaquaquecetuba,35,SP,H,E,F,B,4,A,B,A,B,C,A,A,B,A,B,B,A,C,A,B,B,D,A
210065769378,2024,2,F,1,1,1,2,0,1,0,3523107,Itaquaquecetuba,35,SP,G,E,D,D,3,A,O,B,D,D,C,A,C,A,B,B,B,D,B,B,E,E,D
210065769693,2024,13,M,3,3,1,1,18,,0,3523107,Itaquaquecetuba,35,SP,B,E,C,C,1,B,D,A,B,C,A,A,B,A,B,A,B,B,A,B,B,B,A
210065769934,2024,5,M,1,3,1,2,0,1,0,3523107,Itaquaquecetuba,35,SP,C,D,C,B,5,B,C,A,B,C,B,A,B,A,B,A,A,B,A,B,A,E,A
210065770006,2024,2,M,1,1,1,2,0,1,0,3523107,Itaquaquecetuba,35,SP,F,E,D,D,4,A,I,B,D,D,B,A,B,B,B,B,B,D,A,B,D,E,D
210065772066,2024,19,F,3,1,1,1,18,,0,3523107,Itaquaquecetuba,35,SP,C,C,B,B,2,B,C,A,C,C,B,A,B,A,B,B,B,C,A,B,B,C,A
210065772185,2024,2,M,1,1,1,2,0,1,0,3523107,Itaquaquecetuba,35,SP,H,G,F,F,4,A,E,A,B,C,A,A,B,A,B,B,A,B,A,B,A,C,A
210065772914,2024,3,F,1,1,1,2,0,1,0,3523107,Itaquaquecetuba,35,SP,D,C,D,D,4,A,E,A,D,D,B,A,B,B,B,B,A,C,A,B,A,D,A
210065773917,2024,3,F,1,1,1,1,1,,0,3523107,Itaquaquecetuba,35,SP,E,E,B,C,4,A,D,A,B,C,B,A,B,A,A,A,A,B,A,B,B,D,A
210065774409,2024,2,F,1,1,1,2,0,1,0,3523107,Itaquaquecetuba,35,SP,E,G,C,D,2,B,C,A,B,B,A,A,B,A,B,A,A,B,A,B,B,C,A
210065776238,2024,11,F,1,1,1,1,9,,0,3523107,Itaquaquecetuba,35,SP,E,D,F,B,3,A,C,A,B,C,A,A,B,A,B,B,B,C,A,B,B,D,A
210065778148,2024,2,M,1,1,1,2,0,1,0,3523107,Itaquaquecetuba,35,SP,H,E,F,D,4,B,E,A,B,C,B,A,B,A,B,A,B,D,A,B,B,D,A
210065779480,2024,1,F,1,3,1,3,0,,1,3523107,Itaquaquecetuba,35,SP,E,C,B,D,4,A,B,A,B,B,B,A,B,A,B,A,A,B,A,B,B,C,A
210065779734,2024,11,M,1,3,1,1,13,,0,3523107,Itaquaquecetuba,35,SP,C,C,B,C,5,A,C,A,B,B,A,A,B,A,B,B,A,B,B,B,B,D,A
210065780613,2024,2,F,1,3,1,2,0,1,0,3523107,Itaquaquecetuba,35,SP,E,E,B,B,4,A,C,A,B,C,B,A,B,A,A,A,A,B,A,B,B,D,A
210065782826,2024,3,M,1,1,1,2,0,1,0,3523107,Itaquaquecetuba,35,SP,E,F,B,D,3,A,E,A,B,B,B,A,B,A,B,A,A,B,A,B,B,D,A
210065782834,2024,7,M,1,1,1,2,0,,0,3523107,Itaquaquecetuba,35,SP,E,C,D,B,2,B,E,C,B,B,A,A,B,A,B,A,A,B,A,B,B,C,A
210065785207,2024,5,M,1,3,1,1,2,,0,3523107,Itaquaquecetuba,35,SP,E,F,D,D,4,A,C,A,D,D,B,A,B,A,A,A,A,B,A,B,B,E,A
210065785228,2024,15,M,2,1,1,1,18,,0,3523107,Itaquaquecetuba,35,SP,A,B,B,B,3,B,J,A,B,C,C,A,B,A,B,B,B,B,A,B,C,D,A
210065785509,2024,3,F,1,1,1,2,0,1,0,3523107,Itaquaquecetuba,35,SP,H,H,B,F,6,A,E,A,B,C,C,B,B,A,A,B,A,B,A,B,A,E,A
210065785916,2024,3,M,1,3,1,2,0,1,0,3523107,Itaquaquecetuba,35,SP,B,F,C,D,4,A,C,A,B,C,B,A,B,A,B,A,A,B,B,B,B,E,A
210065786148,2024,4,M,1,1,1,1,2,,0,3523107,Itaquaquecetuba,35,SP,G,G,E,E,3,A,N,A,C,C,B,A,B,A,B,B,B,D,A,B,C,D,D
210065786415,2024,3,M,1,1,1,2,0,1,0,3523107,Itaquaquecetuba,35,SP,F,F,D,D,4,A,N,A,C,D,B,B,B,A,B,B,B,D,A,B,C,E,A
210065786729,2024,2,M,1,3,1,2,0,1,0,3523107,Itaquaquecetuba,35,SP,D,F,C,A,3,A,E,A,B,B,A,A,B,A,B,B,A,B,A,B,B,D,A
210065787940,2024,3,M,1,3,1,2,0,1,0,3523107,Itaquaquecetuba,35,SP,B,B,C,B,6,A,C,A,B,C,A,A,B,A,B,A,A,B,A,B,A,C,A
210065788026,2024,15,F,1,3,1,1,0,,0,3523107,Itaquaquecetuba,35,SP,E,B,A,A,3,B,C,A,B,C,A,A,B,A,A,B,A,B,A,B,A,C,A
210065789869,2024,3,F,1,2,1,2,0,1,0,3523107,Itaquaquecetuba,35,SP,H,E,F,B,3,A,C,A,B,B,A,A,B,A,A,B,A,C,A,B,A,D,A
210065790222,2024,3,F,1,3,3,2,0,1,0,3523107,Itaquaquecetuba,35,SP,E,C,C,C,8,B,B,A,C,C,A,A,C,A,A,A,A,B,A,B,A,E,A
210065790250,2024,3,M,1,1,1,2,0,1,0,3523107,Itaquaquecetuba,35,SP,B,D,B,B,3,A,B,A,B,B,A,A,B,A,B,B,A,C,A,A,B,C,A
210065791605,2024,1,F,1,2,1,3,0,,1,3523107,Itaquaquecetuba,35,SP,F,D,B,B,4,A,E,A,C,C,B,A,B,A,B,B,A,B,A,B,B,E,A
210065793405,2024,3,M,1,2,1,1,1,,0,3523107,Itaquaquecetuba,35,SP,D,E,D,D,4,A,E,A,C,C,B,A,B,A,B,B,A,C,A,B,B,E,A
210065794512,2024,3,M,1,3,1,2,0,1,0,3523107,Itaquaquecetuba,35,SP,D,E,C,B,3,A,C,A,B,C,B,A,B,A,B,A,B,B,A,B,B,D,A
210065797246,2024,3,M,1,3,1,2,0,1,0,3523107,Itaquaquecetuba,35,SP,E,E,B,C,2,B,B,A,B,C,A,A,B,A,B,A,A,B,A,B,B,C,A
210065798920,2024,4,F,1,1,1,1,2,,0,3523107,Itaquaquecetuba,35,SP,F,E,E,B,1,B,B,A,B,B,A,A,B,A,A,B,A,B,A,B,B,B,A
210065798937,2024,1,M,1,3,1,3,0,,1,3523107,Itaquaquecetuba,35,SP,D,D,C,B,5,A,F,A,C,D,C,A,B,B,B,B,B,B,A,B,B,E,A
210065800113,2024,7,M,1,3,1,1,5,,0,3523107,Itaquaquecetuba,35,SP,E,E,D,B,4,B,H,A,D,C,B,A,B,A,B,A,B,B,B,B,B,D,A
210065800445,2024,2,M,1,1,1,3,0,,1,3523107,Itaquaquecetuba,35,SP,E,E,D,F,5,A,C,A,D,C,C,B,B,A,B,B,A,C,A,B,A,D,A
210065802024,2024,3,F,1,1,1,2,0,1,0,3523107,Itaquaquecetuba,35,SP,E,D,B,F,4,A,C,A,B,C,A,A,B,A,B,A,A,B,A,B,A,C,A
210065802084,2024,2,F,1,3,1,2,0,1,0,3523107,Itaquaquecetuba,35,SP,D,E,F,F,4,B,C,A,C,D,C,B,C,A,B,B,B,D,B,B,B,E,A
210065802953,2024,3,M,1,3,1,2,0,1,0,3523107,Itaquaquecetuba,35,SP,F,D,C,B,5,A,B,A,B,C,B,A,B,A,B,B,A,A,A,A,A,B,A
210065804170,2024,3,F,1,1,1,1,1,,0,3523107,Itaquaquecetuba,35,SP,E,D,C,B,5,A,G,A,B,D,B,A,C,A,B,B,B,C,B,B,B,D,A
210065804992,2024,9,F,1,1,1,1,7,,0,3523107,Itaquaquecetuba,35,SP,F,F,D,D,4,A,F,A,B,D,C,B,C,A,B,B,B,D,A,B,D,D,D
210065805429,2024,2,M,0,1,1,2,0,1,0,3523107,Itaquaquecetuba,35,SP,H,B,F,B,3,B,B,A,B,C,A,A,B,A,B,B,A,B,A,A,A,D,A
210065805567,2024,3,M,1,3,1,2,0,1,0,3523107,Itaquaquecetuba,35,SP,E,E,F,F,5,A,B,A,B,B,A,A,B,B,B,B,A,C,A,B,B,D,A
210065806436,2024,1,F,1,3,1,3,0,,1,3523107,Itaquaquecetuba,35,SP,B,F,F,D,4,A,G,A,B,C,C,A,B,A,B,B,A,C,A,B,B,D,A
210065806447,2024,6,F,1,3,1,1,3,,0,3523107,Itaquaquecetuba,35,SP,F,E,D,A,2,A,B,A,B,B,A,A,B,A,A,A,A,B,A,A,A,B,A
210065810339,2024,6,F,1,2,1,1,4,,0,3523107,Itaquaquecetuba,35,SP,E,E,B,B,3,B,E,A,B,C,A,A,B,A,B,A,A,A,A,B,A,D,A
210065812759,2024,2,M,1,3,1,2,0,1,0,3523107,Itaquaquecetuba,35,SP,E,E,B,C,5,A,B,A,B,C,A,A,B,B,B,A,A,B,A,B,A,D,D
210065813295,2024,1,F,1,2,1,3,0,,1,3523107,Itaquaquecetuba,35,SP,C,G,C,D,3,A,E,A,C,D,B,B,B,A,B,B,B,D,B,B,C,D,E
210065814499,2024,3,F,1,3,1,2,0,1,0,3523107,Itaquaquecetuba,35,SP,C,G,C,D,5,A,E,A,B,D,B,B,B,A,B,A,B,B,A,B,B,E,A
210065816952,2024,3,M,1,1,1,2,0,1,0,3523107,Itaquaquecetuba,35,SP,E,E,B,F,4,A,B,A,B,C,A,A,B,A,B,B,A,B,A,B,A,E,A
210065816977,2024,3,F,1,3,1,2,0,1,0,3523107,Itaquaquecetuba,35,SP,D,E,B,B,3,A,E,A,B,C,B,A,B,A,A,A,A,B,A,B,A,D,A
210065817569,2024,3,F,1,3,1,2,0,1,0,3523107,Itaquaquecetuba,35,SP,E,E,F,F,4,A,F,A,C,C,B,A,C,A,B,B,A,B,A,B,B,E,A
210065817658,2024,5,F,1,2,1,1,1,,0,3523107,Itaquaquecetuba,35,SP,C,F,C,D,4,A,D,A,B,C,A,A,B,A,A,B,A,B,B,B,A,D,A
210065818079,2024,5,M,1,1,1,1,3,,0,3523107,Itaquaquecetuba,35,SP,B,F,D,D,5,B,B,A,B,D,B,A,B,B,B,B,A,B,A,B,B,E,E
210065818099,2024,3,F,1,3,1,2,0,1,0,3523107,Itaquaquecetuba,35,SP,C,C,C,F,5,A,E,A,C,D,A,A,B,A,B,B,A,C,A,B,A,E,A
210065818450,2024,2,F,1,3,1,3,0,,1,3523107,Itaquaquecetuba,35,SP,E,F,D,D,5,B,C,A,B,D,B,A,B,A,B,B,B,C,A,B,B,D,A
210065822179,2024,2,F,1,3,1,2,0,1,0,3523107,Itaquaquecetuba,35,SP,E,F,D,D,4,B,F,A,C,D,B,B,B,B,B,A,B,B,B,B,C,E,A
210065823560,2024,3,F,1,3,1,1,1,,0,3523107,Itaquaquecetuba,35,SP,B,E,B,B,3,A,C,A,B,B,A,A,B,A,A,A,A,B,A,B,A,D,A
210065824177,2024,11,F,1,0,1,1,11,,0,3523107,Itaquaquecetuba,35,SP,B,E,C,B,1,A,B,A,B,B,A,A,B,A,B,A,A,B,A,B,B,B,A
210065826485,2024,2,F,1,3,1,2,0,1,0,3523107,Itaquaquecetuba,35,SP,H,E,F,B,5,A,B,A,B,B,A,A,B,A,A,A,A,A,A,A,A,B,A
210065827267,2024,6,F,0,2,1,1,3,,0,3523107,Itaquaquecetuba,35,SP,C,C,F,B,1,A,B,A,B,B,A,A,B,A,A,A,A,B,A,B,A,B,A
210065828557,2024,15,F,3,3,1,1,0,,0,3523107,Itaquaquecetuba,35,SP,A,B,A,B,2,B,E,A,B,B,A,A,B,B,A,A,A,B,B,B,B,C,A
210065829182,2024,3,M,1,3,1,2,0,,0,3523107,Itaquaquecetuba,35,SP,B,B,F,F,6,A,B,A,B,C,A,A,B,A,B,B,A,B,A,B,A,B,A
210065829237,2024,2,M,1,1,1,2,0,1,0,3523107,Itaquaquecetuba,35,SP,E,D,F,F,4,B,B,A,B,C,C,A,B,A,B,B,A,B,A,B,A,E,A
210065829247,2024,6,M,1,3,1,1,4,,0,3523107,Itaquaquecetuba,35,SP,H,H,C,C,7,A,C,A,B,D,B,A,B,A,A,A,A,B,A,B,B,E,A
210065829705,2024,4,F,1,1,1,1,2,,0,3523107,Itaquaquecetuba,35,SP,H,E,F,B,4,B,C,A,B,C,A,A,B,A,B,B,A,B,A,B,A,C,A
210065830028,2024,3,F,1,3,1,2,0,1,0,3523107,Itaquaquecetuba,35,SP,E,D,B,F,9,A,B,A,B,C,A,A,B,A,B,A,A,B,A,A,A,B,A
210065831567,2024,3,F,1,3,1,2,0,1,0,3523107,Itaquaquecetuba,35,SP,D,G,D,D,4,A,E,A,C,C,C,A,B,A,B,B,A,B,A,B,B,E,A
210065831617,2024,3,F,1,3,1,2,0,1,0,3523107,Itaquaquecetuba,35,SP,H,H,C,D,4,A,B,A,B,C,A,A,B,A,B,B,A,B,A,B,B,E,A
210065833115,2024,3,F,1,1,1,2,0,1,0,3523107,Itaquaquecetuba,35,SP,F,F,F,D,3,A,B,A,B,B,A,A,B,A,A,A,A,B,A,B,A,B,A
210065833368,2024,3,F,1,3,1,2,0,1,0,3523107,Itaquaquecetuba,35,SP,D,D,A,A,4,A,A,A,B,B,A,A,B,A,A,A,A,B,A,B,A,A,A
210065833384,2024,3,M,1,1,1,2,0,1,0,3523107,Itaquaquecetuba,35,SP,E,E,F,C,6,A,B,A,D,D,A,A,B,A,A,A,A,B,A,B,B,D,A
210065833499,2024,2,F,1,3,1,2,0,1,0,3523107,Itaquaquecetuba,35,SP,B,C,C,B,2,A,B,A,C,D,A,A,B,A,B,B,A,B,A,B,B,C,A
210065834383,2024,6,F,1,1,1,1,3,,0,3523107,Itaquaquecetuba,35,SP,F,C,C,B,4,B,I,A,C,C,C,B,B,A,B,B,A,D,A,B,B,E,A
210065834823,2024,3,F,1,3,1,2,0,1,0,3523107,Itaquaquecetuba,35,SP,E,E,C,B,4,A,A,A,B,C,A,A,B,A,A,B,A,B,A,B,B,C,A
210065836398,2024,3,M,1,1,1,2,0,1,0,3523107,Itaquaquecetuba,35,SP,E,E,F,B,3,A,B,A,A,B,B,A,B,A,A,A,A,B,A,B,A,D,A
210065836682,2024,3,M,1,2,1,2,0,1,0,3523107,Itaquaquecetuba,35,SP,E,E,F,F,6,A,B,A,B,C,A,A,B,A,B,A,A,B,B,B,A,E,A
210065838338,2024,2,F,1,1,1,2,0,1,0,3523107,Itaquaquecetuba,35,SP,E,D,C,D,5,A,C,A,C,C,B,A,B,A,B,B,A,B,A,B,B,E,A
210065839899,2024,4,M,1,3,1,1,2,,0,3523107,Itaquaquecetuba,35,SP,E,F,C,F,5,A,E,A,C,D,B,A,B,A,A,B,B,B,A,B,B,D,A
210065840109,2024,3,F,1,1,1,2,0,1,0,3523107,Itaquaquecetuba,35,SP,D,D,C,C,4,A,B,A,B,C,A,A,B,A,A,A,A,B,A,B,A,C,A
210065840785,2024,2,F,1,3,1,2,0,1,0,3523107,Itaquaquecetuba,35,SP,E,E,B,D,4,A,C,A,B,C,B,A,B,A,B,B,A,C,B,B,A,D,A
210065843223,2024,5,F,1,1,1,1,3,,0,3523107,Itaquaquecetuba,35,SP,D,D,C,C,3,A,B,A,B,C,A,A,B,A,B,A,A,B,A,B,A,B,A
210065849242,2024,9,F,2,1,1,1,7,,0,3523107,Itaquaquecetuba,35,SP,E,E,B,A,5,B,B,A,B,C,A,A,B,A,B,B,A,B,A,B,A,C,A
210065849850,2024,2,F,0,1,1,3,0,,1,3523107,Itaquaquecetuba,35,SP,D,C,D,B,3,A,C,A,B,B,B,A,B,A,B,B,B,B,A,B,A,D,A
210065851443,2024,13,M,3,1,1,1,18,,0,3523107,Itaquaquecetuba,35,SP,D,B,B,A,1,B,G,A,D,D,A,A,B,A,B,B,B,B,B,B,B,B,A
210065856022,2024,12,M,1,2,1,1,17,,0,3523107,Itaquaquecetuba,35,SP,H,B,F,C,3,B,F,A,D,C,A,A,B,A,B,B,A,C,A,B,B,D,A
210065857366,2024,3,F,1,1,1,2,0,1,0,3523107,Itaquaquecetuba,35,SP,E,E,C,C,4,B,B,A,B,C,A,B,B,A,B,B,A,B,A,B,B,D,A
210065858284,2024,3,F,2,5,1,2,0,1,0,3523107,Itaquaquecetuba,35,SP,H,E,E,B,2,B,B,A,B,B,A,A,B,A,A,A,A,A,A,A,C,B,A
210065860168,2024,6,F,1,1,1,1,3,,0,3523107,Itaquaquecetuba,35,SP,E,E,B,B,4,B,D,A,C,C,B,A,B,A,B,B,A,B,B,B,A,E,A
210065860426,2024,6,F,1,3,1,1,3,,0,3523107,Itaquaquecetuba,35,SP,H,F,F,B,5,A,B,A,B,C,B,A,B,A,A,A,A,B,A,B,A,D,A
210065861397,2024,1,F,1,1,1,3,0,,1,3523107,Itaquaquecetuba,35,SP,E,E,C,D,4,A,E,A,C,C,B,A,B,A,B,A,A,C,A,B,B,D,B
210065864136,2024,1,M,1,3,1,3,0,,1,3523107,Itaquaquecetuba,35,SP,G,D,D,B,4,A,C,A,C,C,B,A,B,A,B,B,B,D,A,B,B,E,D
210065864414,2024,2,M,1,1,1,2,0,1,0,3523107,Itaquaquecetuba,35,SP,D,C,C,B,4,A,E,A,B,C,A,A,B,A,B,A,A,B,A,B,B,B,A
210065864586,2024,5,M,1,1,1,1,2,,0,3523107,Itaquaquecetuba,35,SP,C,B,C,B,5,B,G,A,B,D,A,A,B,A,B,A,A,C,A,B,B,E,A
210065864707,2024,3,M,1,2,1,2,0,1,0,3523107,Itaquaquecetuba,35,SP,E,F,E,E,3,B,C,A,C,C,B,A,B,A,B,B,B,C,B,B,B,D,A
210065865031,2024,3,F,1,1,1,2,0,1,0,3523107,Itaquaquecetuba,35,SP,B,E,B,B,3,A,C,A,B,A,A,A,B,A,B,A,A,B,A,B,B,C,A
210065866656,2024,12,F,2,3,1,1,15,,0,3523107,Itaquaquecetuba,35,SP,B,B,F,B,2,B,F,A,B,B,B,A,B,B,B,A,B,A,A,B,B,B,A
210065867400,2024,3,F,1,1,1,2,0,1,0,3523107,Itaquaquecetuba,35,SP,E,E,F,F,5,A,A,A,B,B,A,A,B,A,B,A,A,B,A,B,B,E,A
210065867622,2024,1,F,1,3,1,3,0,,1,3523107,Itaquaquecetuba,35,SP,H,H,C,D,4,B,E,A,B,B,A,A,B,A,B,B,A,B,A,B,A,D,A
210065868475,2024,1,F,1,1,1,3,0,,1,3523107,Itaquaquecetuba,35,SP,E,E,C,B,3,A,G,A,B,C,B,A,B,A,B,B,A,B,A,B,B,D,A
210065868551,2024,9,F,2,3,1,1,7,,0,3523107,Itaquaquecetuba,35,SP,B,D,B,B,2,B,A,A,B,B,A,A,B,A,B,A,A,B,A,A,A,B,A
210065872300,2024,9,F,1,1,1,1,7,,0,3523107,Itaquaquecetuba,35,SP,C,E,B,B,4,A,F,A,B,C,A,A,B,A,B,A,A,B,A,B,B,E,A
210065872358,2024,3,F,1,1,1,2,0,1,0,3523107,Itaquaquecetuba,35,SP,B,B,B,F,4,A,A,A,C,C,B,A,B,B,B,A,A,A,A,B,A,B,A
210065872953,2024,3,F,1,3,1,2,0,1,0,3523107,Itaquaquecetuba,35,SP,B,D,B,C,4,A,C,A,B,C,B,A,B,A,B,B,A,B,A,B,A,E,A
210065873685,2024,14,F,1,1,1,1,18,,0,3523107,Itaquaquecetuba,35,SP,B,B,B,C,3,B,D,A,B,C,B,A,B,A,B,B,A,C,A,B,B,D,A
210065873860,2024,2,M,1,3,1,2,0,1,0,3523107,Itaquaquecetuba,35,SP,F,F,D,D,4,A,F,A,C,D,B,A,B,A,B,B,A,B,A,B,B,E,A
210065874647,2024,13,F,2,3,1,1,17,,0,3523107,Itaquaquecetuba,35,SP,H,B,F,B,2,B,B,A,B,B,A,A,B,A,B,B,A,B,A,A,A,B,A
210065875792,2024,5,M,1,3,1,1,5,,0,3523107,Itaquaquecetuba,35,SP,H,D,F,B,2,B,C,A,B,C,A,A,B,A,A,A,A,A,A,B,B,C,B
210065877731,2024,2,M,1,2,1,3,0,,1,3523107,Itaquaquecetuba,35,SP,H,E,F,B,5,A,B,A,B,B,A,A,B,A,B,A,A,B,A,B,A,B,A
210065879225,2024,9,F,1,3,1,1,6,,0,3523107,Itaquaquecetuba,35,SP,E,B,B,B,4,A,B,A,B,C,B,A,B,A,A,A,A,B,A,B,A,C,A
210065879815,2024,3,M,1,3,1,2,0,1,0,3523107,Itaquaquecetuba,35,SP,F,E,D,B,2,A,B,A,B,C,A,A,B,A,B,B,B,C,A,B,C,B,A
210065880293,2024,3,F,1,1,1,3,0,,1,3523107,Itaquaquecetuba,35,SP,B,C,C,B,2,A,B,A,C,C,A,A,B,A,B,B,A,B,A,B,B,B,A
210065881277,2024,2,M,1,1,1,2,0,1,0,3523107,Itaquaquecetuba,35,SP,E,E,D,D,4,A,O,B,B,C,B,A,B,A,B,B,B,B,A,B,C,E,D
210065882461,2024,2,F,1,1,1,2,0,1,0,3523107,Itaquaquecetuba,35,SP,E,E,E,B,3,A,B,A,B,B,A,A,B,B,B,B,A,B,A,B,B,C,A
210065882724,2024,4,F,1,0,1,1,2,,0,3523107,Itaquaquecetuba,35,SP,C,C,C,B,4,A,C,A,B,C,A,A,B,A,B,B,A,C,A,B,A,E,A
210065885411,2024,10,F,1,3,2,1,8,,0,3523107,Itaquaquecetuba,35,SP,H,D,F,F,3,B,C,A,B,C,A,A,B,A,B,B,A,B,A,B,A,D,A
210065886204,2024,9,F,1,2,1,1,7,,0,3523107,Itaquaquecetuba,35,SP,D,B,C,B,4,B,E,A,B,B,A,A,B,A,B,A,A,B,A,B,A,E,A
210065887309,2024,2,F,1,1,1,2,0,1,0,3523107,Itaquaquecetuba,35,SP,H,H,F,F,3,A,B,A,B,C,B,A,B,A,A,B,A,B,A,B,B,D,A
210065887434,2024,3,F,1,3,1,1,1,,0,3523107,Itaquaquecetuba,35,SP,C,E,B,C,6,A,G,A,B,D,C,A,B,A,B,B,A,C,A,B,C,E,A
210065888058,2024,6,F,1,2,1,1,3,,0,3523107,Itaquaquecetuba,35,SP,D,F,C,B,3,B,B,A,B,C,A,A,B,A,B,B,A,B,A,B,A,D,A
210065888937,2024,4,F,1,3,1,1,1,,0,3523107,Itaquaquecetuba,35,SP,F,E,E,E,5,B,E,B,C,C,C,A,C,A,B,B,B,B,A,B,B,E,D
210065888952,2024,3,F,1,1,1,2,0,1,0,3523107,Itaquaquecetuba,35,SP,E,E,F,F,3,A,C,A,B,C,A,A,B,A,A,A,A,A,A,A,A,C,A
210065890875,2024,2,M,1,1,1,2,0,1,0,3523107,Itaquaquecetuba,35,SP,D,E,F,F,3,B,E,A,C,C,C,A,B,A,B,B,B,D,B,B,A,C,A
210065891672,2024,2,M,1,2,1,2,0,1,0,3523107,Itaquaquecetuba,35,SP,F,E,C,B,5,A,E,A,C,D,B,A,B,A,B,B,B,C,B,B,B,E,A
210065892734,2024,2,M,1,1,1,3,0,,1,3523107,Itaquaquecetuba,35,SP,E,E,C,D,4,A,A,A,B,C,A,A,B,A,B,B,B,B,A,B,A,B,A
210065892769,2024,1,M,1,1,1,3,0,,1,3523107,Itaquaquecetuba,35,SP,E,F,D,D,3,A,G,A,D,D,B,A,B,A,B,B,B,D,B,B,D,E,A
210065893618,2024,15,F,0,3,1,1,18,,0,3523107,Itaquaquecetuba,35,SP,A,A,A,A,3,B,B,A,B,B,A,A,B,A,A,A,A,B,A,A,A,B,A
210065894598,2024,14,F,2,1,1,1,18,,0,3523107,Itaquaquecetuba,35,SP,H,A,F,F,3,A,B,A,B,C,A,A,B,A,B,A,A,B,A,B,B,D,A
210065895730,2024,3,F,1,1,1,1,1,,0,3523107,Itaquaquecetuba,35,SP,E,D,B,B,3,A,E,A,C,C,B,A,B,A,B,B,A,B,A,B,A,D,A
210065896247,2024,2,F,1,3,1,2,0,1,0,3523107,Itaquaquecetuba,35,SP,B,D,F,B,3,A,C,A,B,C,A,A,B,A,B,B,A,B,A,B,A,D,A
210065897191,2024,3,M,1,2,1,2,0,1,0,3523107,Itaquaquecetuba,35,SP,B,B,B,A,6,B,B,A,B,B,A,A,B,A,B,B,A,C,B,B,A,D,A
210065898764,2024,13,F,1,2,1,1,17,,0,3523107,Itaquaquecetuba,35,SP,B,C,C,B,2,B,B,A,B,B,A,A,B,A,A,A,A,B,A,A,A,B,A
210065899157,2024,2,F,1,1,1,2,0,1,0,3523107,Itaquaquecetuba,35,SP,E,E,B,B,2,A,B,A,B,C,A,A,B,A,B,B,B,C,A,B,A,C,A
210065899362,2024,3,F,1,2,1,2,0,1,0,3523107,Itaquaquecetuba,35,SP,H,E,E,F,5,A,K,A,B,C,B,A,B,A,B,B,B,D,B,B,B,E,B
210065899955,2024,3,M,1,3,1,1,1,,0,3523107,Itaquaquecetuba,35,SP,E,F,B,D,3,A,J,A,B,B,A,A,B,A,B,B,A,B,A,B,A,B,A
210065900247,2024,3,F,1,3,1,2,0,1,0,3523107,Itaquaquecetuba,35,SP,D,E,C,F,2,A,A,A,B,B,B,A,B,A,B,A,A,B,A,A,A,C,A
210065902330,2024,3,M,1,3,1,2,0,1,0,3523107,Itaquaquecetuba,35,SP,F,D,E,B,3,A,E,A,C,C,A,A,B,A,B,B,A,B,B,B,B,C,A
210065904085,2024,3,M,0,1,1,2,0,1,0,3523107,Itaquaquecetuba,35,SP,D,D,E,F,4,B,I,A,D,C,D,B,B,A,B,B,B,C,B,B,A,E,A
210065906103,2024,1,F,1,1,1,3,0,,1,3523107,Itaquaquecetuba,35,SP,D,E,D,D,4,A,D,A,C,D,A,A,B,A,B,B,B,C,B,B,B,E,A
210065908281,2024,14,F,3,3,1,1,0,,0,3523107,Itaquaquecetuba,35,SP,C,E,B,B,5,B,B,A,B,B,A,A,B,A,B,A,A,B,A,B,B,C,A
210065908287,2024,1,F,1,3,1,3,0,,1,3523107,Itaquaquecetuba,35,SP,E,E,C,F,5,A,E,A,B,C,A,A,B,A,B,A,A,B,A,B,B,D,A
210065908316,2024,3,F,1,3,1,2,0,1,0,3523107,Itaquaquecetuba,35,SP,H,H,C,F,4,A,D,A,B,C,B,A,B,A,B,B,A,C,A,B,B,D,A
210065909456,2024,6,M,1,3,1,1,2,,0,3523107,Itaquaquecetuba,35,SP,E,E,B,C,4,A,C,A,D,D,B,A,D,B,B,A,A,B,A,B,B,D,A
210065909852,2024,2,F,1,1,1,3,0,,1,3523107,Itaquaquecetuba,35,SP,E,G,D,D,3,A,B,A,B,B,A,A,B,A,B,A,A,B,A,B,B,C,D
210065910784,2024,3,F,1,1,1,2,0,1,0,3523107,Itaquaquecetuba,35,SP,C,E,B,B,5,A,D,A,B,C,B,A,B,B,B,B,A,C,A,B,A,D,A
210065910931,2024,11,F,1,1,1,1,13,,0,3523107,Itaquaquecetuba,35,SP,C,F,B,D,1,B,H,A,B,B,A,A,B,A,B,B,A,B,A,B,A,B,D
210065911503,2024,2,M,1,1,1,2,0,1,0,3523107,Itaquaquecetuba,35,SP,H,E,C,B,3,A,C,A,C,D,B,A,B,A,B,A,B,C,A,B,A,B,A
210065913690,2024,11,M,1,3,1,1,12,,0,3523107,Itaquaquecetuba,35,SP,E,A,B,B,3,A,E,A,B,C,B,A,B,A,B,B,A,B,A,A,B,D,A
210065913726,2024,3,M,1,3,1,2,0,1,0,3523107,Itaquaquecetuba,35,SP,E,E,E,B,4,A,H,A,C,C,C,A,B,B,B,B,B,D,A,B,B,E,B
210065916406,2024,5,M,1,1,1,1,3,,0,3523107,Itaquaquecetuba,35,SP,F,E,D,D,2,A,E,A,B,C,A,A,B,A,B,B,B,C,A,B,A,C,D
210065916651,2024,1,M,1,1,1,3,0,,1,3523107,Itaquaquecetuba,35,SP,E,G,D,D,3,A,H,A,B,C,B,A,B,A,B,B,B,C,B,B,D,D,A
210065917875,2024,6,F,1,1,1,1,3,,0,3523107,Itaquaquecetuba,35,SP,C,D,B,B,3,B,C,A,B,B,A,A,B,A,B,A,A,B,A,A,A,A,A
210065918209,2024,12,F,1,3,1,1,16,,0,3523107,Itaquaquecetuba,35,SP,B,B,A,A,5,B,I,A,C,D,B,A,B,A,B,B,A,D,B,B,C,E,A
210065918498,2024,10,M,1,1,1,1,8,,0,3523107,Itaquaquecetuba,35,SP,D,E,B,B,4,A,E,A,B,C,B,A,B,A,B,B,B,A,A,B,B,E,A
210065919471,2024,2,M,1,3,1,2,0,1,0,3523107,Itaquaquecetuba,35,SP,F,E,C,B,4,A,E,A,C,C,B,A,C,A,B,A,A,C,A,B,B,D,A
210065919935,2024,14,F,1,3,1,1,18,,0,3523107,Itaquaquecetuba,35,SP,C,C,F,F,3,B,F,A,C,D,B,A,B,A,B,B,B,A,A,B,A,C,A
210065920401,2024,2,F,1,3,1,2,0,1,0,3523107,Itaquaquecetuba,35,SP,H,E,F,C,4,A,C,A,B,B,A,A,B,A,A,B,A,B,A,B,A,D,A
210065920576,2024,3,F,1,1,1,2,0,1,0,3523107,Itaquaquecetuba,35,SP,E,E,C,C,4,A,D,A,B,C,B,A,B,A,A,B,A,B,B,B,B,D,A
210065921570,2024,3,F,1,2,1,2,0,1,0,3523107,Itaquaquecetuba,35,SP,H,E,C,B,2,B,B,A,B,B,A,A,B,A,B,B,B,B,A,B,B,C,A
210065924196,2024,1,F,1,1,2,3,0,,1,3523107,Itaquaquecetuba,35,SP,F,E,C,B,3,A,H,A,C,C,B,A,B,A,B,B,A,C,B,B,A,D,D
210065924636,2024,2,F,1,3,1,2,0,1,0,3523107,Itaquaquecetuba,35,SP,D,D,B,B,4,A,D,A,B,C,B,A,B,A,B,B,B,B,A,B,B,D,A
210065924749,2024,2,M,1,1,1,2,0,1,0,3523107,Itaquaquecetuba,35,SP,E,E,D,C,4,A,D,A,C,C,B,A,B,A,B,B,A,B,A,B,B,D,A
210065925043,2024,4,M,1,3,1,2,0,,0,3523107,Itaquaquecetuba,35,SP,H,H,F,A,4,A,C,A,B,B,B,A,B,B,B,B,B,B,B,B,B,E,A
210065926093,2024,2,F,1,1,1,2,0,1,0,3523107,Itaquaquecetuba,35,SP,D,D,B,A,2,A,A,A,B,C,A,A,B,A,A,A,A,B,A,B,A,B,A
210065927401,2024,7,F,1,3,1,1,5,,0,3523107,Itaquaquecetuba,35,SP,G,G,E,E,4,B,L,A,C,D,C,A,B,B,B,B,A,B,A,B,B,E,A
210065927754,2024,5,F,1,2,1,1,2,,0,3523107,Itaquaquecetuba,35,SP,B,E,C,B,4,A,B,A,B,B,A,A,B,A,A,B,A,B,A,B,A,B,A
210065929025,2024,3,F,1,1,1,2,0,1,0,3523107,Itaquaquecetuba,35,SP,H,D,F,B,4,B,C,A,B,C,B,B,B,A,B,B,A,C,A,B,A,E,A
210065930935,2024,3,F,1,3,1,2,0,1,0,3523107,Itaquaquecetuba,35,SP,H,D,F,F,6,A,A,A,C,C,B,A,C,B,B,B,B,C,B,B,C,E,A
210065933090,2024,2,M,1,3,1,2,0,1,0,3523107,Itaquaquecetuba,35,SP,G,F,D,F,5,A,D,A,C,D,B,A,B,A,B,B,A,B,A,B,A,E,A
210065937017,2024,1,F,1,1,1,3,0,,1,3523107,Itaquaquecetuba,35,SP,B,B,C,A,3,A,D,A,B,C,B,A,B,B,B,B,A,B,A,B,A,D,A
210065937342,2024,3,M,1,1,1,2,0,1,0,3523107,Itaquaquecetuba,35,SP,E,E,D,B,3,A,E,A,B,B,B,A,B,A,B,B,A,B,A,B,A,D,A
210065937372,2024,2,M,1,3,1,2,0,1,0,3523107,Itaquaquecetuba,35,SP,C,E,F,C,3,A,E,A,B,C,B,B,B,B,B,B,A,C,B,B,B,D,A
210065939800,2024,4,M,1,1,1,1,2,,0,3523107,Itaquaquecetuba,35,SP,E,E,B,B,10,A,D,A,C,D,A,A,B,A,A,B,A,B,A,B,B,D,A
210065940017,2024,2,M,3,3,1,2,0,1,0,3523107,Itaquaquecetuba,35,SP,E,C,B,C,3,A,E,A,C,C,C,C,B,B,B,B,B,C,B,B,C,D,A
210065945565,2024,12,F,1,3,1,1,18,,0,3523107,Itaquaquecetuba,35,SP,B,B,B,B,2,A,B,B,B,B,A,A,B,A,A,A,A,B,A,A,B,B,A
210065945731,2024,3,F,1,1,1,2,0,1,0,3523107,Itaquaquecetuba,35,SP,E,E,C,D,4,B,B,A,D,D,C,B,B,A,B,B,A,B,A,B,B,D,D
210065947011,2024,3,F,1,3,1,2,0,,0,3523107,Itaquaquecetuba,35,SP,F,E,D,B,7,A,A,A,B,C,B,A,B,A,B,A,A,B,A,B,A,D,A
210065947433,2024,2,F,1,1,1,2,0,1,0,3523107,Itaquaquecetuba,35,SP,C,E,F,D,4,A,B,A,B,C,A,A,B,A,B,B,A,B,A,B,A,B,A
210065948965,2024,3,M,1,1,1,2,0,1,0,3523107,Itaquaquecetuba,35,SP,D,F,F,B,3,A,F,A,B,B,A,A,B,A,B,B,A,B,A,B,A,C,A
210065952318,2024,11,F,1,1,1,1,12,,0,3523107,Itaquaquecetuba,35,SP,B,B,C,B,3,B,F,A,B,C,B,A,B,A,B,B,A,B,A,B,B,D,A
210065956008,2024,8,M,1,1,1,1,4,,0,3523107,Itaquaquecetuba,35,SP,E,C,D,B,4,A,J,A,C,D,C,A,B,A,B,B,A,D,B,B,B,E,A
210065957122,2024,2,M,1,1,1,2,0,1,0,3523107,Itaquaquecetuba,35,SP,H,E,F,B,5,A,E,A,B,C,A,A,B,A,B,A,A,B,A,B,A,C,E
210065958939,2024,13,M,3,3,1,1,0,,0,3523107,Itaquaquecetuba,35,SP,B,B,B,B,5,B,C,A,C,C,B,A,B,A,B,B,A,C,A,B,B,E,A
210065959092,2024,7,F,1,3,1,1,5,,0,3523107,Itaquaquecetuba,35,SP,B,C,B,B,5,B,B,A,B,B,A,A,B,A,B,B,A,B,A,B,A,D,A
210065959104,2024,14,M,2,3,1,1,18,,0,3523107,Itaquaquecetuba,35,SP,C,A,C,C,4,B,G,A,B,B,A,A,B,A,B,B,A,C,A,B,B,C,A
210065960063,2024,2,M,1,1,1,2,0,1,0,3523107,Itaquaquecetuba,35,SP,A,E,C,C,5,A,G,A,B,D,B,A,B,A,A,A,B,C,A,B,A,B,A
210065960259,2024,2,M,1,1,1,2,0,1,0,3523107,Itaquaquecetuba,35,SP,D,E,C,B,5,A,C,A,B,C,A,A,B,A,B,B,A,A,A,B,A,E,A
210065960756,2024,2,M,1,3,1,2,0,1,0,3523107,Itaquaquecetuba,35,SP,E,E,F,B,2,A,B,A,C,C,A,A,B,A,B,B,A,C,A,B,B,C,A
210065960831,2024,2,F,1,1,1,2,0,1,0,3523107,Itaquaquecetuba,35,SP,C,B,C,B,5,A,B,A,B,B,A,A,B,A,B,B,A,B,A,B,B,D,A
210065962715,2024,5,F,1,3,1,1,2,,0,3523107,Itaquaquecetuba,35,SP,C,C,C,C,6,A,B,A,B,C,A,A,B,A,A,A,A,B,A,B,B,C,A
210065964950,2024,2,F,1,1,1,2,0,1,0,3523107,Itaquaquecetuba,35,SP,E,E,D,D,4,A,B,A,B,B,A,A,B,A,B,A,A,B,A,B,A,C,A
210065965775,2024,2,F,1,1,1,2,0,1,0,3523107,Itaquaquecetuba,35,SP,D,F,B,B,2,A,C,A,C,C,B,A,B,B,B,B,B,B,A,B,A,C,A
210065967289,2024,3,F,1,3,1,2,0,1,0,3523107,Itaquaquecetuba,35,SP,B,B,F,B,4,A,A,A,B,C,A,A,B,A,B,A,A,B,A,B,A,B,A
210065971767,2024,3,M,1,1,1,2,0,1,0,3523107,Itaquaquecetuba,35,SP,D,E,C,B,4,A,H,A,C,D,C,A,B,A,B,B,B,D,A,B,B,E,A
210065972243,2024,2,F,1,1,1,3,0,,1,3523107,Itaquaquecetuba,35,SP,E,E,B,B,4,A,C,A,B,C,B,A,B,A,B,B,B,C,A,B,B,D,A
210065972572,2024,2,F,1,1,1,3,0,,1,3523107,Itaquaquecetuba,35,SP,H,G,C,D,3,A,N,A,C,C,C,A,C,A,B,B,B,D,A,B,D,D,D
210065973491,2024,3,M,1,1,1,2,0,1,0,3523107,Itaquaquecetuba,35,SP,E,E,E,B,3,A,D,A,B,C,A,A,B,A,B,A,B,B,A,B,B,D,A
210065973527,2024,3,F,1,3,1,2,0,1,0,3523107,Itaquaquecetuba,35,SP,A,E,B,B,2,A,B,A,B,D,A,A,B,A,B,B,A,A,A,B,B,B,A
210065973957,2024,3,M,1,3,1,2,0,1,0,3523107,Itaquaquecetuba,35,SP,E,E,B,B,4,A,B,A,B,C,B,A,B,A,B,B,A,B,A,B,A,D,A
210065973970,2024,2,M,1,3,1,2,0,1,0,3523107,Itaquaquecetuba,35,SP,H,H,C,F,2,B,B,A,B,B,A,B,B,A,B,B,A,B,A,A,B,B,A
210065974461,2024,2,M,1,1,1,2,0,1,0,3523107,Itaquaquecetuba,35,SP,H,E,F,B,3,A,B,A,B,C,A,A,B,A,B,A,A,B,A,B,B,B,A
210065974498,2024,6,F,1,3,1,1,4,,0,3523107,Itaquaquecetuba,35,SP,E,E,C,B,4,A,C,A,B,B,A,A,B,A,A,B,A,B,B,B,B,D,A
210065974605,2024,2,M,1,2,2,2,0,1,0,3523107,Itaquaquecetuba,35,SP,E,F,C,E,4,A,B,A,B,C,B,A,B,A,B,A,B,B,B,B,C,D,A
210065975646,2024,13,F,2,1,1,1,18,,0,3523107,Itaquaquecetuba,35,SP,D,F,C,D,3,A,A,A,B,C,B,A,B,A,B,B,A,C,A,B,B,D,A
210065976131,2024,5,F,1,1,1,1,2,,0,3523107,Itaquaquecetuba,35,SP,C,E,F,F,3,A,B,A,B,C,A,A,B,A,B,A,A,B,A,B,A,C,A
210065976604,2024,3,F,1,3,1,1,1,,0,3523107,Itaquaquecetuba,35,SP,D,D,F,B,5,A,C,A,C,C,B,A,B,A,B,B,A,B,A,B,A,D,A
210065977642,2024,2,F,1,3,1,2,0,1,0,3523107,Itaquaquecetuba,35,SP,D,B,F,B,2,A,B,A,B,C,B,B,B,A,A,A,A,B,A,B,A,C,A
210065977735,2024,3,F,1,1,1,2,0,1,0,3523107,Itaquaquecetuba,35,SP,H,E,F,B,6,B,D,A,B,C,B,A,B,A,B,B,A,B,A,B,A,D,A
210065977870,2024,3,M,1,1,1,2,0,1,0,3523107,Itaquaquecetuba,35,SP,E,F,C,D,5,A,E,A,B,C,B,A,B,A,B,A,A,B,A,B,C,D,C
210065978187,2024,3,F,1,3,1,2,0,1,0,3523107,Itaquaquecetuba,35,SP,C,E,C,B,6,A,E,A,B,C,B,A,B,A,B,B,B,C,A,B,A,E,A
210065978301,2024,2,M,1,1,1,3,0,,1,3523107,Itaquaquecetuba,35,SP,D,E,C,B,4,A,E,A,C,C,B,A,B,A,B,B,A,B,B,B,A,E,A
210065979227,2024,4,F,1,1,1,1,2,,0,3523107,Itaquaquecetuba,35,SP,F,F,E,E,3,A,E,B,D,D,B,A,C,A,B,B,B,C,A,B,B,D,D
210065979311,2024,2,F,1,1,1,2,0,1,0,3523107,Itaquaquecetuba,35,SP,D,D,D,C,3,A,G,A,C,C,B,A,B,A,B,B,A,B,B,B,B,C,D
210065979454,2024,8,F,1,3,1,1,5,,0,3523107,Itaquaquecetuba,35,SP,A,H,A,A,2,B,C,A,B,C,A,A,B,A,B,B,A,B,A,B,B,B,A
210065979705,2024,2,F,1,3,3,2,0,1,0,3523107,Itaquaquecetuba,35,SP,H,B,F,F,4,A,B,A,B,C,A,A,B,B,A,A,A,B,A,B,B,D,A
210065980057,2024,16,M,1,2,1,1,18,,0,3523107,Itaquaquecetuba,35,SP,B,D,C,B,3,A,C,A,B,B,B,A,B,A,B,B,A,B,A,A,A,B,A
210065980241,2024,2,F,1,3,1,3,0,,1,3523107,Itaquaquecetuba,35,SP,H,E,F,B,5,B,B,A,B,C,A,A,B,A,B,B,A,B,A,B,A,E,A
210065980246,2024,5,F,1,2,1,1,0,,0,3523107,Itaquaquecetuba,35,SP,C,E,A,B,3,A,D,A,B,C,A,A,B,A,B,B,A,B,A,B,B,D,A
210065980294,2024,3,F,1,1,1,2,0,1,0,3523107,Itaquaquecetuba,35,SP,E,E,C,C,4,A,B,A,B,C,A,A,B,A,B,B,A,B,A,B,A,B,A
210065980572,2024,11,M,1,1,1,1,0,,0,3523107,Itaquaquecetuba,35,SP,C,H,F,B,3,B,C,A,B,C,B,A,B,A,B,B,A,B,A,B,A,C,A
210065981170,2024,3,F,1,3,1,2,0,1,0,3523107,Itaquaquecetuba,35,SP,B,D,B,D,2,B,C,A,B,C,A,A,B,A,B,B,A,B,A,B,B,B,A
210065981304,2024,3,F,1,3,1,2,0,1,0,3523107,Itaquaquecetuba,35,SP,E,E,C,D,4,A,C,A,B,C,B,A,B,A,B,A,B,B,B,B,B,E,A
210065981416,2024,3,M,1,1,1,2,0,1,0,3523107,Itaquaquecetuba,35,SP,D,E,C,C,4,A,F,A,B,C,A,A,B,A,B,B,B,C,A,B,A,E,A
210065981765,2024,3,M,1,2,1,2,0,1,0,3523107,Itaquaquecetuba,35,SP,D,E,E,C,4,A,E,A,B,C,B,A,B,A,B,B,A,C,A,B,A,E,A
210065982248,2024,3,F,1,3,1,2,0,1,0,3523107,Itaquaquecetuba,35,SP,E,E,B,C,4,A,C,A,C,D,A,A,B,A,A,A,A,B,A,B,A,E,A
210065984560,2024,2,M,1,3,1,2,0,1,0,3523107,Itaquaquecetuba,35,SP,D,C,D,F,4,A,B,A,C,D,B,B,B,B,B,B,A,D,A,B,B,E,A
210065984721,2024,2,F,1,3,1,2,0,1,0,3523107,Itaquaquecetuba,35,SP,D,E,C,B,5,A,C,A,B,C,B,A,B,A,B,B,A,C,A,B,B,E,A
210065984954,2024,3,F,1,3,1,2,0,1,0,3523107,Itaquaquecetuba,35,SP,H,H,F,F,4,A,B,A,B,B,A,A,B,A,A,A,A,B,A,A,A,C,A
210065985017,2024,2,M,1,3,2,2,0,1,0,3523107,Itaquaquecetuba,35,SP,E,C,A,F,4,A,B,A,B,D,B,A,B,A,B,B,A,B,B,B,A,C,A
210065985324,2024,3,F,1,3,1,2,0,1,0,3523107,Itaquaquecetuba,35,SP,B,B,C,B,4,A,B,A,B,A,A,A,B,A,A,A,A,B,A,A,A,A,A
210065985900,2024,3,F,1,1,1,2,0,1,0,3523107,Itaquaquecetuba,35,SP,E,E,C,C,3,A,E,A,B,C,B,A,B,A,B,B,A,B,A,B,B,D,A
210065994030,2024,5,F,1,1,1,1,2,,0,3523107,Itaquaquecetuba,35,SP,E,E,D,B,4,A,J,A,B,C,B,A,B,A,B,B,B,D,A,B,B,E,E
210065994632,2024,1,M,1,1,1,3,0,,1,3523107,Itaquaquecetuba,35,SP,E,G,C,D,3,A,I,A,B,C,B,B,B,A,B,B,B,C,A,B,B,C,D
210065997002,2024,4,F,1,1,1,1,2,,0,3523107,Itaquaquecetuba,35,SP,C,B,C,B,4,A,D,A,B,C,A,A,B,A,B,B,A,B,A,B,A,E,A
210065997443,2024,3,F,1,2,1,2,0,1,0,3523107,Itaquaquecetuba,35,SP,H,B,C,B,3,B,B,A,B,B,A,A,B,B,A,B,A,B,A,B,A,C,A
210065999555,2024,4,F,1,1,1,1,2,,0,3523107,Itaquaquecetuba,35,SP,F,E,C,B,4,A,C,A,B,C,B,B,B,A,B,B,A,C,A,B,B,B,A
210065999965,2024,16,M,0,1,1,1,18,,0,3523107,Itaquaquecetuba,35,SP,A,B,C,F,2,B,F,A,B,B,B,A,B,A,A,B,A,B,A,B,A,C,A
210066000074,2024,2,M,1,1,1,2,0,1,0,3523107,Itaquaquecetuba,35,SP,H,H,C,C,6,B,C,B,B,B,A,A,B,B,B,A,A,B,B,B,A,E,A
210066001622,2024,2,F,1,2,1,2,0,1,0,3523107,Itaquaquecetuba,35,SP,D,C,C,B,4,A,B,A,B,C,A,A,B,A,B,B,A,B,A,B,A,C,A
210066002760,2024,3,F,1,4,2,2,0,2,0,3523107,Itaquaquecetuba,35,SP,E,E,F,B,4,B,C,A,B,C,B,A,B,A,A,B,A,B,B,B,B,D,A
210066003687,2024,5,F,1,2,1,1,3,,0,3523107,Itaquaquecetuba,35,SP,E,E,C,B,5,A,C,A,B,B,A,A,B,A,A,A,A,B,A,A,A,C,A
210066003726,2024,3,M,3,3,1,1,1,,0,3523107,Itaquaquecetuba,35,SP,E,E,C,C,5,A,B,A,B,B,B,B,B,A,A,A,A,B,A,A,B,B,A
210066006954,2024,6,M,1,1,1,1,3,,0,3523107,Itaquaquecetuba,35,SP,C,C,B,B,5,A,B,A,A,C,A,A,B,B,A,A,A,A,A,B,A,B,A
210066007251,2024,5,F,0,0,1,1,3,,0,3523107,Itaquaquecetuba,35,SP,H,E,F,B,3,B,C,A,B,B,A,A,B,A,A,A,A,B,A,B,A,B,A
210066009234,2024,4,F,1,3,1,1,1,,0,3523107,Itaquaquecetuba,35,SP,C,D,B,B,4,B,C,A,B,B,A,B,B,A,B,B,A,A,A,B,A,D,A
210066009406,2024,2,F,1,1,1,2,0,1,0,3523107,Itaquaquecetuba,35,SP,E,E,D,B,4,A,C,A,B,C,B,A,B,A,A,A,A,B,A,B,A,C,A
210066009525,2024,2,F,1,3,1,2,0,1,0,3523107,Itaquaquecetuba,35,SP,D,E,D,D,3,B,G,A,B,C,B,B,B,A,B,B,A,B,B,B,B,E,A
210066009568,2024,3,F,1,1,1,2,0,1,0,3523107,Itaquaquecetuba,35,SP,E,D,B,B,4,A,B,A,B,C,B,A,B,A,B,A,A,B,A,B,A,D,A
210066010030,2024,3,F,1,1,1,2,0,1,0,3523107,Itaquaquecetuba,35,SP,E,E,C,C,4,B,C,A,B,C,B,A,B,A,B,B,B,C,A,B,A,E,A
210066012745,2024,4,F,1,3,1,1,1,,0,3523107,Itaquaquecetuba,35,SP,H,C,F,B,5,A,B,A,B,C,A,A,B,A,A,A,A,A,A,B,A,E,A
210066013629,2024,4,F,1,3,1,2,0,1,0,3523107,Itaquaquecetuba,35,SP,D,C,F,B,4,B,C,A,B,C,B,A,B,A,A,A,A,A,A,B,A,D,A
210066014451,2024,2,F,1,4,4,2,0,1,0,3523107,Itaquaquecetuba,35,SP,H,E,B,E,2,A,E,A,B,C,A,A,B,A,B,B,A,B,B,B,B,B,A
210066016206,2024,2,M,1,3,1,2,0,1,0,3523107,Itaquaquecetuba,35,SP,E,E,C,C,2,A,B,A,C,C,A,A,B,A,B,B,A,B,A,B,B,B,A
210066017356,2024,2,F,1,3,1,2,0,1,0,3523107,Itaquaquecetuba,35,SP,D,E,C,C,2,A,B,A,B,B,A,A,B,A,A,B,A,B,A,A,A,B,A
210066019053,2024,5,F,1,1,1,1,2,,0,3523107,Itaquaquecetuba,35,SP,C,C,B,B,2,A,C,A,B,B,A,A,B,A,B,A,A,B,A,B,B,C,A
210066019670,2024,13,M,2,1,1,4,0,,0,3523107,Itaquaquecetuba,35,SP,D,B,B,A,8,B,B,A,C,C,A,A,B,A,B,B,A,B,A,B,A,C,A
210066020140,2024,2,F,1,1,1,2,0,1,0,3523107,Itaquaquecetuba,35,SP,E,F,D,D,3,A,B,A,B,C,B,A,B,A,B,B,B,C,A,B,B,D,A
210066023166,2024,2,F,1,3,1,3,0,,1,3523107,Itaquaquecetuba,35,SP,H,E,F,B,4,B,A,A,C,D,B,A,B,A,B,B,A,C,A,B,B,E,A
210066024104,2024,3,M,1,3,1,2,0,1,0,3523107,Itaquaquecetuba,35,SP,D,B,C,D,5,B,I,A,B,C,B,A,B,A,B,B,B,C,B,B,A,E,A
210066026856,2024,2,F,1,1,1,2,0,1,0,3523107,Itaquaquecetuba,35,SP,F,C,F,B,2,B,B,A,B,B,A,A,B,A,B,A,A,A,A,B,A,C,A
210066028031,2024,2,M,1,3,1,2,0,1,0,3523107,Itaquaquecetuba,35,SP,G,G,E,D,4,A,E,A,C,C,B,A,B,A,B,B,B,C,B,B,B,D,E
210066028368,2024,2,F,1,3,1,2,0,1,0,3523107,Itaquaquecetuba,35,SP,F,F,D,F,4,A,D,A,B,C,B,A,B,A,A,B,A,C,A,B,A,E,A
210066028505,2024,3,M,1,1,1,2,0,1,0,3523107,Itaquaquecetuba,35,SP,B,G,B,D,3,A,F,A,C,C,B,A,B,A,B,B,B,B,A,A,A,E,C
210066028884,2024,3,F,1,2,1,1,1,,0,3523107,Itaquaquecetuba,35,SP,H,B,F,B,6,B,C,A,B,C,A,A,B,A,B,B,A,C,A,B,A,E,A
210066029509,2024,3,F,1,1,1,2,0,1,0,3523107,Itaquaquecetuba,35,SP,E,E,C,B,4,A,B,A,B,C,A,A,B,A,B,A,A,B,A,B,A,C,A
210066029835,2024,7,M,1,1,1,1,5,,0,3523107,Itaquaquecetuba,35,SP,D,C,F,F,3,B,C,A,B,B,B,A,B,A,A,A,A,B,A,B,A,C,A
210066030133,2024,3,F,1,1,1,2,0,1,0,3523107,Itaquaquecetuba,35,SP,H,C,F,C,3,A,D,A,B,C,A,A,B,A,B,B,B,C,B,B,B,D,A
210066035108,2024,3,F,1,3,1,2,0,1,0,3523107,Itaquaquecetuba,35,SP,H,E,F,D,4,A,B,A,B,A,B,A,B,B,A,B,A,B,A,B,B,C,A
210066036220,2024,3,F,1,3,1,2,0,1,0,3523107,Itaquaquecetuba,35,SP,C,E,D,D,2,A,C,A,C,C,B,A,B,A,B,B,B,B,A,B,B,C,B
210066037082,2024,3,F,1,3,1,2,0,1,0,3523107,Itaquaquecetuba,35,SP,E,E,D,F,4,A,F,A,B,C,B,A,B,A,B,A,A,B,A,B,B,D,A
210066037531,2024,3,M,3,1,1,2,0,1,0,3523107,Itaquaquecetuba,35,SP,E,E,F,D,4,A,D,A,C,C,B,A,C,B,B,B,A,C,A,B,B,C,A
210066038272,2024,2,F,1,3,1,3,0,,1,3523107,Itaquaquecetuba,35,SP,E,F,D,D,4,A,K,A,C,C,B,A,B,A,B,B,A,C,B,B,B,E,A
210066038405,2024,13,F,2,1,1,1,18,,0,3523107,Itaquaquecetuba,35,SP,D,B,B,B,5,B,F,A,B,C,B,A,B,A,B,B,A,C,A,B,B,D,A
210066038687,2024,9,M,1,1,1,1,6,,0,3523107,Itaquaquecetuba,35,SP,D,F,B,D,3,A,C,A,B,B,A,A,B,A,B,B,B,B,A,B,B,C,A
210066040305,2024,14,F,1,3,1,1,0,,0,3523107,Itaquaquecetuba,35,SP,B,B,A,A,3,A,B,A,B,C,B,A,B,A,B,A,A,A,A,A,A,D,A
210066042507,2024,10,F,2,3,1,1,8,,0,3523107,Itaquaquecetuba,35,SP,G,D,D,B,2,A,A,A,B,B,A,A,B,A,A,A,A,A,A,B,B,A,A
210066043246,2024,11,F,1,2,1,1,10,,0,3523107,Itaquaquecetuba,35,SP,H,D,B,B,4,A,F,A,B,C,B,A,B,A,B,B,B,C,B,B,B,B,A
210066045730,2024,2,F,1,3,1,2,0,1,0,3523107,Itaquaquecetuba,35,SP,E,E,B,C,5,A,C,A,B,B,A,A,B,A,B,B,A,B,A,B,A,E,A
210066045919,2024,4,F,1,0,1,1,1,,0,3523107,Itaquaquecetuba,35,SP,E,E,B,B,5,A,B,A,B,C,A,A,B,A,A,B,A,B,A,B,B,B,A
210066046843,2024,14,F,1,3,1,1,18,,0,3523107,Itaquaquecetuba,35,SP,H,H,B,B,2,B,B,A,B,D,A,A,B,A,A,B,A,D,A,A,A,C,A
210066047013,2024,2,M,1,3,1,2,0,1,0,3523107,Itaquaquecetuba,35,SP,E,G,C,D,4,A,F,A,C,D,B,B,B,A,B,B,A,B,A,B,B,E,A
210066051254,2024,3,F,1,3,1,1,1,,0,3523107,Itaquaquecetuba,35,SP,E,E,D,B,3,A,D,A,B,B,B,A,B,A,B,A,A,A,A,B,B,D,A
210066055639,2024,4,M,1,3,1,2,0,1,0,3523107,Itaquaquecetuba,35,SP,E,D,F,C,7,B,C,A,B,D,A,A,B,A,B,B,A,B,B,B,A,B,A
210066056749,2024,2,F,1,2,1,2,0,1,0,3523107,Itaquaquecetuba,35,SP,E,E,D,C,4,A,C,A,B,B,A,A,B,A,A,A,A,B,A,A,A,C,A
210066057369,2024,3,M,1,1,1,2,0,1,0,3523107,Itaquaquecetuba,35,SP,E,E,E,E,4,A,O,D,D,D,C,A,D,B,B,B,B,C,B,B,C,D,E
210066057836,2024,7,F,1,2,1,1,5,,0,3523107,Itaquaquecetuba,35,SP,F,G,C,D,2,A,B,A,C,C,A,A,B,A,B,B,A,B,A,B,B,C,D
210066058453,2024,2,F,1,1,1,2,0,1,0,3523107,Itaquaquecetuba,35,SP,E,F,D,D,4,A,B,A,B,B,A,A,B,A,B,A,A,B,A,B,A,C,A
210066059551,2024,1,M,1,3,1,3,0,,1,3523107,Itaquaquecetuba,35,SP,D,D,C,B,4,A,A,A,B,B,A,A,B,A,A,A,A,B,A,B,A,C,A
210066060641,2024,3,M,1,1,1,2,0,1,0,3523107,Itaquaquecetuba,35,SP,B,D,C,C,4,B,F,A,C,C,B,A,B,B,B,B,A,C,A,B,C,E,A
210066060872,2024,3,F,1,3,1,2,0,1,0,3523107,Itaquaquecetuba,35,SP,D,E,F,B,4,A,E,A,B,C,C,A,B,A,B,B,B,A,A,B,B,D,A
210066061154,2024,3,M,1,2,1,3,0,,1,3523107,Itaquaquecetuba,35,SP,E,E,C,B,4,A,A,A,B,C,A,A,B,A,B,B,A,A,A,B,B,D,A
210066061260,2024,3,M,1,1,1,2,0,1,0,3523107,Itaquaquecetuba,35,SP,A,D,C,F,3,B,G,A,B,C,A,A,C,A,B,A,A,C,B,B,A,D,A
210066062108,2024,1,F,1,1,1,3,0,,1,3523107,Itaquaquecetuba,35,SP,B,E,B,D,4,A,D,A,B,C,B,A,B,A,B,A,A,C,A,B,B,D,D
210066063268,2024,5,F,1,3,1,1,2,,0,3523107,Itaquaquecetuba,35,SP,C,B,A,A,3,A,B,A,B,C,B,A,B,A,B,B,A,B,A,B,B,D,A
210066063670,2024,11,M,1,1,1,1,11,,0,3523107,Itaquaquecetuba,35,SP,F,E,C,B,3,B,C,A,B,C,B,A,B,A,A,A,A,C,B,B,B,C,A
210066064151,2024,2,F,1,1,1,2,0,1,0,3523107,Itaquaquecetuba,35,SP,H,D,B,B,1,A,B,A,B,B,B,A,B,B,B,B,A,B,A,B,A,B,A
210066066458,2024,14,F,1,3,1,1,18,,0,3523107,Itaquaquecetuba,35,SP,F,C,B,B,2,A,B,A,B,B,A,A,B,A,A,B,A,B,A,B,B,B,A
210066066634,2024,2,M,1,3,1,2,0,1,0,3523107,Itaquaquecetuba,35,SP,E,E,D,D,5,A,F,A,C,C,B,A,B,A,B,A,A,C,B,B,B,D,A
210066067020,2024,8,F,1,3,1,1,6,,0,3523107,Itaquaquecetuba,35,SP,B,B,D,B,3,A,C,A,C,C,B,A,B,A,B,B,A,B,A,B,B,B,A
210066067259,2024,1,F,1,3,1,3,0,,1,3523107,Itaquaquecetuba,35,SP,F,G,C,D,9,A,I,A,C,D,C,A,B,A,B,B,B,C,B,B,C,E,A
210066069118,2024,12,M,1,1,1,1,13,,0,3523107,Itaquaquecetuba,35,SP,C,E,B,B,4,B,E,A,B,C,B,A,B,A,B,B,A,B,A,B,B,C,A
210066071166,2024,8,M,1,3,1,1,6,,0,3523107,Itaquaquecetuba,35,SP,E,E,C,F,4,B,E,A,C,D,B,A,B,A,B,B,A,D,A,B,B,E,A
210066072854,2024,2,F,1,1,1,3,0,,1,3523107,Itaquaquecetuba,35,SP,G,G,D,D,4,A,H,B,D,D,C,A,C,B,B,B,B,D,B,B,D,E,D
210066073705,2024,8,F,2,3,1,1,6,,0,3523107,Itaquaquecetuba,35,SP,E,E,C,B,2,A,E,A,B,B,B,A,B,A,B,B,A,B,A,B,B,B,A
210066074691,2024,2,M,1,3,1,3,0,,1,3523107,Itaquaquecetuba,35,SP,B,G,D,D,5,A,F,A,B,D,A,A,B,A,B,B,B,C,B,B,B,D,A
210066074846,2024,11,M,2,1,1,1,13,,0,3523107,Itaquaquecetuba,35,SP,D,E,D,C,2,B,G,A,B,B,A,A,B,A,B,B,A,B,A,B,B,B,A
210066075494,2024,3,M,1,4,1,2,0,1,0,3523107,Itaquaquecetuba,35,SP,E,E,F,F,4,B,G,A,B,D,C,A,C,A,B,B,B,B,A,B,C,E,A
210066076073,2024,2,F,1,1,1,2,0,1,0,3523107,Itaquaquecetuba,35,SP,E,E,F,F,6,A,B,A,B,C,A,A,B,A,A,B,A,B,A,B,A,C,A
210066076434,2024,3,F,0,3,1,2,0,1,0,3523107,Itaquaquecetuba,35,SP,H,C,B,B,3,B,C,A,B,C,A,A,B,A,A,B,A,B,B,B,A,C,A
210066078540,2024,2,M,1,3,1,2,0,1,0,3523107,Itaquaquecetuba,35,SP,E,E,D,B,4,A,G,A,B,D,B,A,B,B,B,B,A,D,B,B,C,E,A
210066080233,2024,11,F,2,3,1,1,0,,0,3523107,Itaquaquecetuba,35,SP,C,D,B,B,3,B,D,A,C,C,B,A,B,A,B,B,A,C,B,B,B,D,A
210066080502,2024,3,M,1,3,1,2,0,1,0,3523107,Itaquaquecetuba,35,SP,H,H,F,F,3,B,B,A,B,C,B,A,B,A,B,B,B,B,A,B,A,B,A
210066083030,2024,11,F,1,3,1,1,11,,0,3523107,Itaquaquecetuba,35,SP,C,B,B,A,1,B,D,A,B,B,A,A,B,A,B,B,A,B,A,B,B,B,A
210066083058,2024,13,F,2,4,1,1,18,,0,3523107,Itaquaquecetuba,35,SP,B,B,F,B,2,B,D,A,B,C,B,A,B,A,B,B,A,B,A,B,A,C,A
210066083089,2024,11,F,1,3,1,1,10,,0,3523107,Itaquaquecetuba,35,SP,B,C,B,D,2,B,D,A,B,B,A,A,B,A,B,B,A,B,A,B,B,A,A
210066084333,2024,2,M,1,1,1,2,0,1,0,3523107,Itaquaquecetuba,35,SP,H,H,F,F,4,A,B,A,B,A,A,A,B,A,A,B,A,B,A,B,B,C,A
210066085615,2024,3,F,1,2,1,1,1,,0,3523107,Itaquaquecetuba,35,SP,H,E,C,C,3,B,C,A,D,D,B,A,C,A,B,B,B,D,B,B,B,E,A
210066086256,2024,1,M,1,1,1,3,0,,1,3523107,Itaquaquecetuba,35,SP,G,G,D,D,3,A,I,A,C,D,C,A,B,A,B,B,B,B,A,B,C,D,D
210066086979,2024,2,F,1,1,1,3,0,,1,3523107,Itaquaquecetuba,35,SP,G,G,D,D,2,A,E,A,C,C,B,A,B,A,B,B,B,C,A,B,B,C,D
210066087228,2024,3,F,0,1,1,2,0,1,0,3523107,Itaquaquecetuba,35,SP,C,C,C,B,5,A,B,A,B,D,B,A,B,B,A,B,A,A,A,B,A,D,A
210066090240,2024,7,F,1,1,1,1,5,,0,3523107,Itaquaquecetuba,35,SP,E,E,C,F,3,A,B,A,B,B,A,A,B,A,B,B,A,B,A,B,B,D,A
210066091153,2024,2,F,1,1,1,2,0,1,0,3523107,Itaquaquecetuba,35,SP,E,E,B,B,3,B,E,B,C,D,C,A,C,B,B,B,B,D,A,B,B,D,A
210066091549,2024,2,F,1,3,1,2,0,1,0,3523107,Itaquaquecetuba,35,SP,E,E,F,B,6,B,C,A,D,D,B,A,B,A,B,B,A,D,A,B,B,E,A
210066093489,2024,3,M,1,3,1,1,1,,0,3523107,Itaquaquecetuba,35,SP,B,B,B,B,3,A,B,A,B,B,B,A,B,A,A,B,A,B,A,B,A,C,A
210066094811,2024,3,F,1,1,1,1,1,,0,3523107,Itaquaquecetuba,35,SP,D,E,B,B,2,A,E,A,B,C,B,A,B,A,A,B,A,C,A,B,A,D,A
210066094825,2024,3,M,1,1,1,2,0,1,0,3523107,Itaquaquecetuba,35,SP,E,E,F,F,4,A,G,A,C,D,B,A,B,A,B,B,B,D,A,B,B,E,A
210066095036,2024,2,M,0,2,1,2,0,1,0,3523107,Itaquaquecetuba,35,SP,D,E,C,B,4,B,H,A,B,C,B,B,B,A,B,B,B,D,B,B,C,E,A
210066095366,2024,2,F,1,3,1,2,0,1,0,3523107,Itaquaquecetuba,35,SP,E,E,D,B,4,B,B,A,B,C,B,A,B,A,B,B,A,B,A,B,A,D,A
210066095693,2024,17,F,1,3,1,1,0,,0,3523107,Itaquaquecetuba,35,SP,B,B,B,B,1,A,A,A,B,B,A,A,B,A,A,B,A,B,A,B,B,B,A
210066100552,2024,2,F,1,3,3,3,0,,1,3523107,Itaquaquecetuba,35,SP,E,E,C,C,4,A,C,A,B,C,A,A,B,A,B,A,A,B,A,B,B,C,A
210066101216,2024,5,M,1,2,1,1,3,,0,3523107,Itaquaquecetuba,35,SP,A,B,F,B,5,A,B,A,B,B,A,A,B,A,A,A,A,B,A,A,A,C,A
210066102202,2024,7,M,1,2,1,1,5,,0,3523107,Itaquaquecetuba,35,SP,A,E,F,B,6,B,C,A,B,B,A,A,B,A,A,A,A,A,A,B,A,B,A
210066102873,2024,4,M,1,1,1,1,2,,0,3523107,Itaquaquecetuba,35,SP,C,G,C,D,2,A,C,A,B,B,B,A,B,A,A,B,A,B,A,B,B,B,A
210066102956,2024,1,F,1,1,1,3,0,,1,3523107,Itaquaquecetuba,35,SP,C,E,F,B,3,A,E,A,B,C,A,A,B,A,B,B,B,C,A,B,A,C,A
210066103462,2024,2,F,1,1,1,3,0,,1,3523107,Itaquaquecetuba,35,SP,E,F,B,D,4,A,C,A,C,B,A,B,B,A,B,B,A,B,B,B,C,E,A
210066103748,2024,3,M,1,1,1,2,0,1,0,3523107,Itaquaquecetuba,35,SP,E,H,F,F,1,B,B,A,B,D,A,A,B,B,B,B,A,C,A,B,A,B,A
210066104012,2024,14,F,2,3,1,1,18,,0,3523107,Itaquaquecetuba,35,SP,B,B,B,B,4,B,B,A,B,B,A,A,B,B,B,A,A,A,A,A,A,A,A
210066104180,2024,2,M,1,1,1,2,0,1,0,3523107,Itaquaquecetuba,35,SP,E,E,F,F,3,A,B,A,B,B,A,A,B,A,A,B,A,B,A,B,A,C,A
210066104608,2024,3,M,1,1,1,2,0,1,0,3523107,Itaquaquecetuba,35,SP,E,E,C,B,5,B,C,A,B,C,A,A,B,A,B,B,A,C,A,B,B,E,A
210066104697,2024,1,F,1,3,1,3,0,,1,3523107,Itaquaquecetuba,35,SP,H,D,F,B,4,A,E,A,B,D,A,A,B,A,B,B,A,D,A,B,B,D,A
210066106483,2024,2,F,1,3,1,2,0,1,0,3523107,Itaquaquecetuba,35,SP,E,E,B,B,3,A,C,A,B,B,A,A,B,A,A,B,A,B,A,A,A,C,A
210066107635,2024,3,F,1,3,1,2,0,1,0,3523107,Itaquaquecetuba,35,SP,B,E,B,B,4,A,B,A,B,B,B,A,B,A,B,A,A,A,A,B,A,C,A
210066108203,2024,3,M,1,2,1,2,0,1,0,3523107,Itaquaquecetuba,35,SP,D,E,C,B,3,A,A,A,B,B,A,A,B,A,A,A,A,B,B,B,A,D,A
210066109469,2024,4,F,1,1,2,1,1,,0,3523107,Itaquaquecetuba,35,SP,H,E,B,B,6,B,C,A,B,C,A,A,B,A,A,A,A,B,A,B,A,D,A
210066109935,2024,2,F,1,2,1,2,0,1,0,3523107,Itaquaquecetuba,35,SP,E,E,D,F,4,A,H,A,D,D,B,A,B,B,B,A,B,C,A,B,C,D,A
210066111712,2024,5,F,1,3,1,1,2,,0,3523107,Itaquaquecetuba,35,SP,B,D,C,B,3,A,C,A,B,C,A,A,B,A,B,A,A,B,B,B,B,D,A
210066111913,2024,7,F,1,1,1,1,5,,0,3523107,Itaquaquecetuba,35,SP,E,G,B,D,2,A,F,A,B,C,A,A,B,A,A,B,B,C,A,B,B,C,A
210066112278,2024,3,M,1,3,2,2,0,1,0,3523107,Itaquaquecetuba,35,SP,H,E,F,B,5,A,B,A,B,B,A,A,B,A,B,B,A,B,A,B,A,C,A
210066114634,2024,3,M,1,3,1,2,0,1,0,3523107,Itaquaquecetuba,35,SP,C,C,C,A,3,A,A,A,B,B,B,A,B,A,B,B,B,B,A,B,A,C,A
210066117330,2024,4,F,1,3,3,1,2,,0,3523107,Itaquaquecetuba,35,SP,E,E,C,C,2,B,C,A,C,C,A,A,B,A,B,B,A,C,A,B,A,C,A
210066117615,2024,4,F,1,1,1,1,2,,0,3523107,Itaquaquecetuba,35,SP,C,C,F,B,4,A,G,A,B,C,B,A,B,A,B,B,A,B,B,B,B,D,A
210066117826,2024,1,F,1,3,1,3,0,,1,3523107,Itaquaquecetuba,35,SP,E,E,F,F,4,A,C,A,B,C,C,A,B,A,B,B,A,B,A,B,A,E,A
210066119106,2024,3,F,1,1,1,2,0,1,0,3523107,Itaquaquecetuba,35,SP,F,E,F,F,4,A,G,A,B,C,B,A,B,A,B,B,B,C,B,B,C,E,D
210066120195,2024,2,M,1,3,1,2,0,1,0,3523107,Itaquaquecetuba,35,SP,C,E,F,F,2,A,B,A,B,C,A,A,B,A,B,B,A,B,A,B,B,B,A
210066121752,2024,2,M,1,3,1,2,0,1,0,3523107,Itaquaquecetuba,35,SP,H,D,C,C,4,A,F,A,C,C,C,A,B,A,B,B,A,C,A,B,B,E,A
210066122462,2024,4,F,1,3,1,1,2,,0,3523107,Itaquaquecetuba,35,SP,E,E,C,B,8,A,C,A,B,D,A,A,B,A,B,B,B,B,A,B,B,E,A
210066123547,2024,2,F,1,3,1,2,0,1,0,3523107,Itaquaquecetuba,35,SP,D,F,C,D,4,A,E,A,B,C,B,A,B,A,B,A,B,B,A,B,B,E,A
210066124865,2024,1,F,1,1,1,3,0,,1,3523107,Itaquaquecetuba,35,SP,E,E,D,D,4,A,I,A,D,D,B,A,B,B,B,B,B,D,B,B,B,E,E
210066125705,2024,4,F,1,3,1,1,2,,0,3523107,Itaquaquecetuba,35,SP,D,F,B,D,3,A,B,A,B,B,A,A,B,A,A,A,A,B,A,B,A,C,A
210066126036,2024,2,F,1,1,1,2,0,1,0,3523107,Itaquaquecetuba,35,SP,E,E,F,F,5,A,B,A,C,C,B,A,B,A,B,B,A,B,A,B,B,D,A
210066126687,2024,2,M,1,3,1,2,0,1,0,3523107,Itaquaquecetuba,35,SP,G,E,D,C,3,B,G,A,B,C,B,A,B,A,B,A,A,B,A,B,B,E,A
210066126826,2024,2,M,1,1,1,2,0,1,0,3523107,Itaquaquecetuba,35,SP,E,F,C,D,4,A,G,A,B,C,B,B,B,A,B,B,A,C,A,B,B,D,B
210066128176,2024,11,F,1,3,1,1,7,,0,3523107,Itaquaquecetuba,35,SP,E,E,B,B,3,A,B,A,B,C,A,A,B,A,A,A,A,B,A,B,A,B,A
210066129663,2024,12,M,2,3,1,1,0,,0,3523107,Itaquaquecetuba,35,SP,D,B,B,B,2,B,D,A,B,C,B,A,B,A,B,B,B,B,A,B,B,B,A
210066129938,2024,3,M,1,3,1,2,0,1,0,3523107,Itaquaquecetuba,35,SP,D,E,F,F,14,A,A,A,D,D,A,A,C,B,B,A,A,C,B,B,B,E,A
210066131078,2024,5,F,1,3,1,1,3,,0,3523107,Itaquaquecetuba,35,SP,E,F,B,D,5,B,H,A,C,D,B,A,B,A,B,B,B,A,A,B,B,E,A
210066132262,2024,3,M,1,4,1,2,0,1,0,3523107,Itaquaquecetuba,35,SP,E,F,C,B,5,A,E,A,B,D,B,C,B,A,B,B,A,C,B,B,C,D,A
210066132270,2024,2,M,1,3,2,2,0,,0,3523107,Itaquaquecetuba,35,SP,D,E,F,B,4,B,D,A,B,C,B,A,B,A,B,B,B,B,B,B,B,B,A
210066133577,2024,4,F,1,2,1,1,2,,0,3523107,Itaquaquecetuba,35,SP,E,E,C,F,4,A,C,A,B,C,B,A,B,A,B,A,A,D,A,B,A,D,A
210066133710,2024,10,F,1,3,1,1,8,,0,3523107,Itaquaquecetuba,35,SP,F,E,D,B,3,A,B,A,B,C,A,A,B,A,B,B,B,C,A,B,B,C,E
210066134441,2024,11,M,1,2,1,1,13,,0,3523107,Itaquaquecetuba,35,SP,E,D,C,B,3,B,F,B,B,C,B,A,B,A,B,B,A,C,A,B,E,D,A
210066137049,2024,3,F,1,1,1,2,0,1,0,3523107,Itaquaquecetuba,35,SP,E,E,D,D,4,A,F,A,B,C,A,A,B,B,B,B,A,B,A,A,B,D,D
210066137544,2024,3,M,1,1,1,2,0,1,0,3523107,Itaquaquecetuba,35,SP,E,F,C,B,5,A,F,A,C,C,B,A,B,A,B,B,A,B,A,B,B,B,A
210066138477,2024,11,F,1,1,1,1,12,,0,3523107,Itaquaquecetuba,35,SP,G,D,D,B,3,B,D,A,C,D,A,A,C,B,B,B,A,D,A,B,B,D,A
210066139312,2024,5,M,1,3,1,1,2,,0,3523107,Itaquaquecetuba,35,SP,E,D,C,C,5,A,D,A,B,D,B,A,B,A,A,A,A,A,A,B,A,D,A
210066142243,2024,3,F,0,3,1,2,0,1,0,3523107,Itaquaquecetuba,35,SP,D,H,F,F,3,A,C,A,B,C,B,B,B,A,A,B,A,C,A,B,A,C,A
210066142690,2024,2,F,1,2,1,3,0,,1,3523107,Itaquaquecetuba,35,SP,D,E,C,B,4,A,E,A,D,D,B,A,B,B,B,B,B,B,B,B,B,E,B
210066143617,2024,7,M,1,3,1,1,6,,0,3523107,Itaquaquecetuba,35,SP,B,C,A,A,4,B,C,A,B,C,A,A,B,A,A,B,A,B,A,B,A,C,A
210066144747,2024,13,M,3,1,1,1,17,,0,3523107,Itaquaquecetuba,35,SP,E,B,A,A,3,B,B,A,B,B,A,A,B,A,A,A,A,B,A,A,A,B,A
210066145015,2024,3,M,1,3,1,2,0,1,0,3523107,Itaquaquecetuba,35,SP,H,E,C,A,4,A,B,A,B,B,A,A,B,A,A,A,A,B,A,A,A,B,A
210066145435,2024,2,F,2,3,1,2,0,1,0,3523107,Itaquaquecetuba,35,SP,B,D,A,A,2,B,D,A,B,B,A,A,B,B,B,B,A,B,A,B,A,C,A
210066145672,2024,2,F,1,2,1,2,0,1,0,3523107,Itaquaquecetuba,35,SP,D,D,C,F,3,A,B,A,B,C,B,A,B,A,B,A,A,B,A,B,A,C,A
210066145724,2024,2,M,1,1,1,2,0,1,0,3523107,Itaquaquecetuba,35,SP,E,E,B,F,4,A,F,A,D,D,A,A,B,A,B,B,A,D,A,B,C,E,A
210066145992,2024,2,F,1,3,1,3,0,,1,3523107,Itaquaquecetuba,35,SP,E,G,D,D,4,A,I,A,B,C,A,A,B,A,B,B,A,B,A,B,B,D,A
210066148424,2024,3,F,1,3,1,2,0,1,0,3523107,Itaquaquecetuba,35,SP,E,F,C,B,3,A,G,A,B,C,B,A,B,A,B,B,B,C,B,B,C,D,A
210066148689,2024,2,M,1,1,1,3,0,,1,3523107,Itaquaquecetuba,35,SP,E,G,C,D,2,A,E,A,C,C,B,A,B,A,B,B,B,B,A,B,A,C,A
210066149342,2024,11,F,3,3,1,1,13,,0,3523107,Itaquaquecetuba,35,SP,B,E,C,B,2,B,B,A,B,C,B,A,B,A,B,B,A,B,A,B,A,C,A
210066149388,2024,3,F,1,3,1,1,1,,0,3523107,Itaquaquecetuba,35,SP,C,C,C,B,5,A,E,A,B,C,A,A,B,A,B,B,B,C,B,B,A,E,A
210066150092,2024,4,M,1,3,1,2,0,1,0,3523107,Itaquaquecetuba,35,SP,E,C,A,A,5,B,B,A,B,C,A,A,B,A,A,A,A,B,A,B,A,B,A
210066150962,2024,4,M,1,3,1,1,2,,0,3523107,Itaquaquecetuba,35,SP,F,E,E,C,4,B,G,A,B,C,B,A,B,A,B,B,B,C,A,B,B,E,A
210066152937,2024,2,F,1,1,1,3,0,,1,3523107,Itaquaquecetuba,35,SP,C,E,B,B,5,A,B,A,B,B,A,A,B,B,A,A,A,B,A,B,A,B,A
210066153810,2024,3,F,1,1,1,2,0,1,0,3523107,Itaquaquecetuba,35,SP,H,E,F,D,3,B,E,A,C,D,A,A,B,A,B,B,B,A,B,B,C,D,A
210066156318,2024,2,F,1,3,1,2,0,1,0,3523107,Itaquaquecetuba,35,SP,C,E,F,B,3,A,C,A,C,D,A,A,B,A,B,B,B,B,A,B,A,E,A
210066156950,2024,3,F,1,3,1,2,0,1,0,3523107,Itaquaquecetuba,35,SP,E,E,F,F,4,A,B,A,B,C,B,B,B,A,B,B,B,C,A,B,B,E,A
210066158026,2024,2,F,1,1,1,2,0,1,0,3523107,Itaquaquecetuba,35,SP,H,H,C,B,3,A,J,B,D,D,C,A,B,A,B,B,B,B,B,B,B,D,D
210066158380,2024,3,M,1,1,1,2,0,1,0,3523107,Itaquaquecetuba,35,SP,C,D,B,B,3,B,C,A,B,D,A,A,B,A,B,B,A,B,A,B,A,D,A
210066159593,2024,3,F,1,2,1,2,0,1,0,3523107,Itaquaquecetuba,35,SP,B,A,F,B,4,A,B,A,B,B,A,A,A,A,B,A,A,B,A,B,A,C,A
210066165520,2024,2,M,1,3,1,3,0,,1,3523107,Itaquaquecetuba,35,SP,D,H,F,F,4,A,A,A,B,B,B,A,B,A,A,B,A,B,A,B,A,E,A
210066166306,2024,1,M,1,1,1,3,0,,1,3523107,Itaquaquecetuba,35,SP,F,G,D,D,4,A,G,A,B,C,B,B,B,A,B,B,A,B,A,B,D,E,E
210066166495,2024,3,F,1,1,1,2,0,1,0,3523107,Itaquaquecetuba,35,SP,C,F,C,E,3,B,D,A,B,C,A,B,B,A,B,B,B,D,A,B,B,C,A
210066169616,2024,3,M,0,2,1,2,0,1,0,3523107,Itaquaquecetuba,35,SP,D,E,C,C,3,B,B,A,B,C,B,A,B,A,B,B,A,B,A,B,A,D,A
210066172344,2024,6,M,1,1,1,1,3,,0,3523107,Itaquaquecetuba,35,SP,C,D,B,B,7,A,C,A,B,C,B,A,B,A,B,B,A,B,A,B,A,E,A
210066172387,2024,14,F,1,3,1,1,18,,0,3523107,Itaquaquecetuba,35,SP,C,C,B,B,5,B,F,A,B,C,B,A,B,A,A,B,A,B,A,B,B,D,A
210066173196,2024,2,F,1,3,1,2,0,1,0,3523107,Itaquaquecetuba,35,SP,E,E,C,B,3,A,F,A,B,C,B,A,B,B,B,B,B,B,A,B,A,D,A
210066173573,2024,4,F,1,2,1,1,1,,0,3523107,Itaquaquecetuba,35,SP,E,D,A,A,8,A,A,A,C,D,B,A,B,A,A,B,A,B,A,B,B,E,A
210066174921,2024,11,M,1,1,2,1,7,,0,3523107,Itaquaquecetuba,35,SP,H,D,F,F,4,B,H,A,B,B,B,A,B,A,A,B,A,C,A,B,B,D,A
210066175730,2024,11,M,1,2,1,1,12,,0,3523107,Itaquaquecetuba,35,SP,H,E,F,B,2,A,A,A,B,B,A,A,B,A,A,B,A,B,A,B,A,B,A
210066175763,2024,6,M,2,3,1,1,3,,0,3523107,Itaquaquecetuba,35,SP,C,E,D,C,2,A,D,A,B,C,B,A,B,A,B,B,A,C,A,B,B,C,A
210066176695,2024,16,F,1,3,1,1,11,,0,3523107,Itaquaquecetuba,35,SP,B,A,A,A,2,B,E,A,B,C,A,A,B,A,B,B,B,C,B,B,A,C,A
210066178204,2024,4,M,1,2,1,1,2,,0,3523107,Itaquaquecetuba,35,SP,H,C,D,D,3,B,C,A,B,B,B,B,B,A,A,B,B,C,A,B,A,D,A
210066179092,2024,3,F,1,3,1,1,1,,0,3523107,Itaquaquecetuba,35,SP,B,E,F,B,6,A,B,A,B,B,A,A,B,A,A,A,A,B,A,B,A,D,A
210066179816,2024,17,F,1,4,1,1,0,,0,3523107,Itaquaquecetuba,35,SP,A,C,A,A,2,B,B,A,B,C,A,A,B,A,B,B,A,B,A,B,B,C,B
210066181344,2024,13,F,2,3,2,1,0,,0,3523107,Itaquaquecetuba,35,SP,A,A,B,B,5,B,C,A,B,C,B,A,B,A,B,B,A,B,A,B,B,D,A
210066182565,2024,10,F,1,1,1,1,8,,0,3523107,Itaquaquecetuba,35,SP,C,D,C,B,2,A,A,A,B,B,A,A,B,A,A,B,A,B,A,B,A,C,A
210066184163,2024,5,M,1,2,2,1,1,,0,3523107,Itaquaquecetuba,35,SP,D,H,C,B,3,B,C,A,B,C,A,A,B,A,B,B,B,B,A,B,B,D,A
210066184178,2024,2,F,1,1,1,3,0,,1,3523107,Itaquaquecetuba,35,SP,H,H,F,F,20,A,A,A,C,D,A,A,B,A,B,B,A,B,A,B,A,B,E
210066185740,2024,17,F,1,0,2,1,0,,0,3523107,Itaquaquecetuba,35,SP,B,B,C,B,1,A,A,A,B,B,A,A,B,A,A,A,A,A,A,A,A,B,A
210066189841,2024,2,F,1,2,1,3,0,,1,3523107,Itaquaquecetuba,35,SP,C,D,B,B,4,A,C,A,B,B,A,B,B,A,B,B,A,A,A,B,A,D,A
210066190980,2024,2,F,1,1,1,3,0,,1,3523107,Itaquaquecetuba,35,SP,G,G,F,F,4,A,L,A,D,D,B,A,B,A,B,B,B,C,B,B,B,B,B
210066191134,2024,2,F,1,3,1,3,0,,1,3523107,Itaquaquecetuba,35,SP,E,E,C,B,4,A,C,A,B,B,A,A,B,A,B,A,A,B,A,B,A,C,A
210066193038,2024,2,F,1,1,1,3,0,,1,3523107,Itaquaquecetuba,35,SP,G,E,D,D,5,A,L,A,C,D,B,B,B,B,B,B,B,D,A,B,C,E,D
210066194602,2024,7,F,1,3,1,1,8,,0,3523107,Itaquaquecetuba,35,SP,E,G,F,D,5,B,D,A,C,C,B,A,B,A,B,B,A,B,A,B,A,D,A
210066196015,2024,11,M,2,2,1,1,8,,0,3523107,Itaquaquecetuba,35,SP,C,E,C,B,3,B,C,A,B,B,A,A,B,A,A,B,A,B,A,B,A,C,A
210066196430,2024,3,F,1,1,1,1,1,,0,3523107,Itaquaquecetuba,35,SP,H,D,C,F,6,B,C,A,B,C,A,A,B,A,A,B,A,B,A,B,A,D,A
210066199825,2024,3,M,1,0,1,2,0,,0,3523107,Itaquaquecetuba,35,SP,E,E,B,B,5,A,B,A,B,B,A,A,B,A,A,A,A,A,A,A,A,C,A
210066199889,2024,2,M,1,1,2,2,0,1,0,3523107,Itaquaquecetuba,35,SP,E,F,C,B,3,A,C,A,B,B,A,A,B,A,A,A,A,B,A,B,A,C,A
210066200843,2024,2,F,1,1,1,2,0,1,0,3523107,Itaquaquecetuba,35,SP,E,D,C,F,5,A,F,A,B,B,B,A,B,A,A,B,A,B,B,B,A,E,A
210066204716,2024,9,M,1,2,1,1,7,,0,3523107,Itaquaquecetuba,35,SP,E,E,B,B,2,B,C,A,B,C,A,A,B,A,A,B,B,B,A,B,B,C,A
210066205943,2024,1,F,1,1,1,3,0,,1,3523107,Itaquaquecetuba,35,SP,H,E,C,B,4,A,E,A,D,C,B,B,B,B,B,B,A,B,B,B,A,E,A
210066205948,2024,7,F,1,3,1,1,5,,0,3523107,Itaquaquecetuba,35,SP,E,E,C,D,4,A,D,A,B,C,B,A,B,A,B,B,A,C,A,B,B,D,A
210066206334,2024,7,F,1,3,1,1,2,,0,3523107,Itaquaquecetuba,35,SP,E,B,B,B,2,A,B,A,B,C,A,A,B,A,B,B,A,B,A,B,A,C,A
210066206539,2024,2,F,1,3,1,2,0,1,0,3523107,Itaquaquecetuba,35,SP,E,B,F,F,3,A,A,A,C,D,C,C,C,B,B,B,B,C,B,B,B,D,A
210066207405,2024,3,M,1,1,1,2,0,1,0,3523107,Itaquaquecetuba,35,SP,E,E,C,D,4,A,G,A,B,D,A,A,B,A,B,B,B,C,A,B,B,E,A
210066207868,2024,2,F,1,3,1,3,0,,1,3523107,Itaquaquecetuba,35,SP,E,F,F,D,3,A,B,A,B,A,A,A,B,A,A,A,A,A,A,A,A,A,A
210066208798,2024,12,F,2,3,1,1,17,,0,3523107,Itaquaquecetuba,35,SP,B,B,C,B,3,B,C,A,B,C,B,A,B,A,B,A,A,B,B,B,B,C,A
210066211168,2024,3,F,1,3,1,2,0,1,0,3523107,Itaquaquecetuba,35,SP,D,D,B,B,3,A,B,A,C,C,A,A,B,A,B,B,A,A,A,B,A,D,A
210066211813,2024,4,F,1,1,1,1,1,,0,3523107,Itaquaquecetuba,35,SP,E,E,C,C,2,A,C,A,B,C,A,A,B,A,B,B,B,B,A,B,B,C,A
210066212680,2024,7,F,1,3,1,1,5,,0,3523107,Itaquaquecetuba,35,SP,D,F,D,D,5,B,E,A,C,C,B,A,B,A,B,B,A,B,A,B,B,C,A
210066213598,2024,3,F,2,3,1,2,0,1,0,3523107,Itaquaquecetuba,35,SP,H,H,F,B,5,A,C,A,C,D,C,A,B,A,A,A,A,B,A,B,B,E,A
210066213759,2024,2,F,1,1,1,3,0,,1,3523107,Itaquaquecetuba,35,SP,E,D,C,D,5,A,C,A,C,D,B,A,B,A,B,B,A,C,B,B,B,E,A
210066217225,2024,3,M,1,1,1,1,1,,0,3523107,Itaquaquecetuba,35,SP,E,G,F,D,2,A,F,A,B,B,B,A,B,A,B,B,B,B,A,B,C,C,D
210066220250,2024,2,F,1,3,1,2,0,1,0,3523107,Itaquaquecetuba,35,SP,H,F,F,F,4,A,C,A,B,C,B,A,B,A,B,B,B,C,A,B,C,E,E
210066225830,2024,2,M,2,1,1,2,0,1,0,3523107,Itaquaquecetuba,35,SP,F,E,F,C,2,A,C,A,B,C,A,A,B,A,A,B,A,B,A,B,A,B,A
210066226000,2024,14,F,0,1,1,1,18,,0,3523107,Itaquaquecetuba,35,SP,B,B,C,B,3,B,C,A,B,C,B,A,B,A,B,A,A,B,A,B,B,B,A
210066226558,2024,6,M,1,3,1,1,3,,0,3523107,Itaquaquecetuba,35,SP,E,E,C,B,1,B,B,A,B,B,A,A,B,A,B,A,A,A,A,B,A,B,A
210066227211,2024,5,F,1,2,1,1,4,,0,3523107,Itaquaquecetuba,35,SP,D,F,C,D,4,A,D,A,B,C,B,B,B,B,B,B,A,B,A,B,B,D,A
210066227328,2024,3,F,1,1,1,2,0,1,0,3523107,Itaquaquecetuba,35,SP,E,E,C,B,10,A,F,A,C,D,B,A,B,A,B,B,A,C,A,B,B,E,A
210066228554,2024,4,F,1,3,1,1,1,,0,3523107,Itaquaquecetuba,35,SP,E,E,F,B,5,A,B,A,B,B,A,A,B,A,A,A,A,A,A,B,A,D,A
210066228566,2024,3,M,1,2,1,1,1,,0,3523107,Itaquaquecetuba,35,SP,E,D,C,B,4,A,D,A,B,B,B,B,B,A,B,B,A,C,A,B,A,E,A
210066229213,2024,5,F,1,1,1,1,2,,0,3523107,Itaquaquecetuba,35,SP,E,E,D,D,4,A,J,A,D,D,B,A,B,A,B,B,B,C,A,B,B,E,A
210066229836,2024,1,M,1,3,1,3,0,,1,3523107,Itaquaquecetuba,35,SP,E,E,C,C,5,A,E,A,D,D,C,B,B,B,B,B,A,C,B,B,B,E,A
210066230545,2024,2,F,1,3,1,2,0,1,0,3523107,Itaquaquecetuba,35,SP,C,E,C,D,5,A,D,A,B,D,A,A,B,A,B,B,A,C,A,B,A,E,A
210066231846,2024,3,F,1,3,1,1,1,,0,3523107,Itaquaquecetuba,35,SP,E,D,C,C,5,B,B,A,C,C,B,A,B,A,B,A,A,B,A,B,B,B,B
210066231886,2024,2,F,1,3,1,2,0,1,0,3523107,Itaquaquecetuba,35,SP,E,E,C,D,4,A,E,A,D,D,A,A,B,A,B,B,A,C,A,B,A,E,A
210066232450,2024,3,F,1,1,1,2,0,1,0,3523107,Itaquaquecetuba,35,SP,E,E,C,C,2,A,G,A,C,C,B,A,B,A,B,B,B,C,A,B,B,C,A
210066232641,2024,11,F,1,3,1,1,9,,0,3523107,Itaquaquecetuba,35,SP,C,D,C,B,4,A,E,A,C,C,B,A,B,A,B,B,B,C,A,B,C,D,A
210066232942,2024,11,F,3,3,1,1,0,,0,3523107,Itaquaquecetuba,35,SP,D,E,C,B,2,B,B,A,B,B,A,A,B,A,A,B,A,B,B,A,A,B,A
210066234162,2024,3,M,1,3,1,2,0,1,0,3523107,Itaquaquecetuba,35,SP,B,E,C,B,3,A,B,A,B,B,B,A,B,A,B,A,A,B,A,B,A,D,A
210066236292,2024,6,M,1,3,1,1,3,,0,3523107,Itaquaquecetuba,35,SP,B,C,B,A,3,A,E,A,B,C,B,A,B,A,A,A,A,B,A,B,A,D,A
210066236459,2024,3,M,1,1,1,2,0,1,0,3523107,Itaquaquecetuba,35,SP,C,E,C,B,4,A,C,A,B,C,B,B,B,A,B,B,A,B,A,B,A,D,A
210066236479,2024,2,F,1,1,1,3,0,,1,3523107,Itaquaquecetuba,35,SP,E,C,C,B,6,A,B,A,B,C,A,A,B,A,B,B,A,B,A,B,A,D,A
210066237534,2024,11,F,1,2,1,1,9,,0,3523107,Itaquaquecetuba,35,SP,B,E,B,B,3,B,B,A,B,B,A,A,B,A,A,A,A,B,A,A,A,C,A
210066241134,2024,1,M,1,1,1,3,0,,1,3523107,Itaquaquecetuba,35,SP,G,G,D,D,3,A,G,A,C,C,C,B,B,A,B,B,B,C,B,B,B,D,D
210066242673,2024,2,F,1,1,1,2,0,1,0,3523107,Itaquaquecetuba,35,SP,E,C,F,B,2,A,A,A,B,C,A,A,B,A,B,B,A,C,A,B,A,C,A
210066243083,2024,9,M,1,2,1,1,6,,0,3523107,Itaquaquecetuba,35,SP,H,D,A,A,6,A,B,A,B,C,A,A,B,A,A,A,A,B,A,B,A,C,A
210066244578,2024,3,F,1,1,1,2,0,1,0,3523107,Itaquaquecetuba,35,SP,E,D,D,B,5,B,E,A,B,C,C,B,C,A,B,B,B,C,A,B,B,E,A
210066245162,2024,4,M,1,1,1,1,1,,0,3523107,Itaquaquecetuba,35,SP,E,E,C,C,1,B,C,A,B,C,A,A,B,A,A,A,A,B,A,B,B,B,A
210066246647,2024,2,M,1,1,1,3,0,,1,3523107,Itaquaquecetuba,35,SP,E,E,B,B,4,B,B,A,B,C,A,A,B,A,B,B,A,B,A,B,B,E,A
210066248342,2024,3,F,1,3,1,2,0,1,0,3523107,Itaquaquecetuba,35,SP,E,D,F,F,3,B,B,A,B,D,A,A,B,A,B,A,A,C,A,B,A,D,A
210066249128,2024,2,M,1,1,1,2,0,1,0,3523107,Itaquaquecetuba,35,SP,E,F,C,F,2,A,D,A,B,C,A,A,B,A,B,A,A,B,B,B,A,C,A
210066249130,2024,5,M,1,3,1,1,2,,0,3523107,Itaquaquecetuba,35,SP,G,E,D,F,5,A,H,A,C,C,B,A,B,A,B,B,B,C,A,B,B,C,A
210066249339,2024,3,F,1,1,1,2,0,1,0,3523107,Itaquaquecetuba,35,SP,E,D,C,B,2,A,B,A,B,B,A,A,B,A,B,B,B,B,A,B,B,B,A
210066250715,2024,11,M,1,1,1,1,12,,0,3523107,Itaquaquecetuba,35,SP,D,C,C,C,5,A,C,A,D,D,C,A,B,A,B,B,B,D,A,B,D,D,A
210066252300,2024,3,M,1,3,1,2,0,1,0,3523107,Itaquaquecetuba,35,SP,E,E,C,B,2,A,B,A,B,B,A,A,B,A,A,A,A,B,A,B,A,B,A
210066252788,2024,3,M,1,3,1,1,1,,0,3523107,Itaquaquecetuba,35,SP,E,G,C,D,6,A,F,A,B,C,B,A,B,A,B,B,A,B,A,B,A,D,A
210066252791,2024,2,M,1,2,1,2,0,1,0,3523107,Itaquaquecetuba,35,SP,B,E,E,B,2,A,A,A,B,B,A,A,B,A,A,B,A,B,B,B,A,D,A
210066254938,2024,2,M,1,1,1,2,0,1,0,3523107,Itaquaquecetuba,35,SP,F,F,E,F,4,A,G,A,C,C,B,A,B,A,B,B,A,B,A,B,C,E,A
210066255577,2024,2,M,1,3,1,3,0,,1,3523107,Itaquaquecetuba,35,SP,D,E,D,D,5,A,B,A,B,C,B,A,B,A,B,A,B,C,A,B,A,D,A
210066256654,2024,4,F,1,3,1,1,1,,0,3523107,Itaquaquecetuba,35,SP,C,E,B,D,5,A,C,A,B,C,B,A,B,A,B,A,A,B,A,B,A,D,A
210066257184,2024,9,M,3,1,1,1,7,,0,3523107,Itaquaquecetuba,35,SP,E,E,F,F,6,B,G,A,B,C,A,A,B,A,A,B,A,B,A,B,B,B,A
210066257322,2024,3,F,1,1,1,2,0,1,0,3523107,Itaquaquecetuba,35,SP,C,E,F,B,3,A,C,A,C,D,B,A,B,A,B,B,A,B,A,B,A,C,A
210066257412,2024,3,M,1,3,1,2,0,1,0,3523107,Itaquaquecetuba,35,SP,G,F,D,D,6,B,F,A,D,D,B,A,C,A,B,A,A,C,A,B,D,E,A
210066257440,2024,4,M,1,1,1,1,2,,0,3523107,Itaquaquecetuba,35,SP,B,E,C,B,3,B,F,A,B,B,A,A,B,A,B,A,A,C,A,B,B,D,A
210066258270,2024,2,F,1,3,1,2,0,1,0,3523107,Itaquaquecetuba,35,SP,F,F,D,D,4,A,G,A,C,D,B,A,B,A,B,B,B,B,B,B,D,E,A
210066261367,2024,3,M,1,3,1,2,0,1,0,3523107,Itaquaquecetuba,35,SP,D,G,F,F,3,A,D,A,B,C,B,A,B,B,B,B,B,B,B,B,B,D,A
210066261636,2024,2,M,1,1,1,2,0,1,0,3523107,Itaquaquecetuba,35,SP,F,F,C,D,3,A,F,A,B,C,B,A,B,A,B,B,A,B,A,B,A,D,A
210066263175,2024,3,M,1,1,1,2,0,1,0,3523107,Itaquaquecetuba,35,SP,D,G,B,D,5,A,H,A,C,D,B,A,B,A,B,B,A,C,A,B,C,E,A
210066264389,2024,5,M,1,3,3,1,2,,0,3523107,Itaquaquecetuba,35,SP,C,D,C,C,8,B,B,D,D,D,C,A,B,A,B,B,A,B,A,B,A,E,A
210066265041,2024,1,M,1,1,1,3,0,,1,3523107,Itaquaquecetuba,35,SP,E,E,B,B,3,A,A,A,B,C,A,A,B,A,B,B,A,B,A,B,B,C,A
210066265764,2024,3,M,1,3,1,2,0,1,0,3523107,Itaquaquecetuba,35,SP,E,E,D,B,3,B,D,A,B,C,B,A,B,A,B,B,A,B,A,B,B,D,A
210066266261,2024,16,M,2,1,1,1,18,,0,3523107,Itaquaquecetuba,35,SP,A,B,C,B,3,A,A,A,B,C,B,A,B,A,B,B,B,C,A,B,D,D,B
210066266269,2024,5,F,1,2,1,1,2,,0,3523107,Itaquaquecetuba,35,SP,D,F,B,D,4,A,C,A,B,C,A,A,B,A,A,B,A,B,A,B,A,B,A
210066266771,2024,2,F,1,1,1,2,0,1,0,3523107,Itaquaquecetuba,35,SP,H,E,F,B,5,A,E,A,B,C,A,A,B,A,B,A,A,B,A,B,A,D,A
210066267073,2024,2,M,1,3,1,2,0,1,0,3523107,Itaquaquecetuba,35,SP,D,E,B,B,4,B,D,A,C,D,B,A,B,B,B,A,A,C,A,B,C,E,A
210066267329,2024,13,F,1,3,1,1,18,,0,3523107,Itaquaquecetuba,35,SP,A,B,C,B,2,A,D,A,C,C,B,A,B,A,B,B,A,C,A,B,B,B,A
210066267482,2024,5,F,1,1,1,1,2,,0,3523107,Itaquaquecetuba,35,SP,D,E,C,D,5,A,D,A,B,B,A,B,B,A,A,B,A,B,A,B,A,C,A
210066269037,2024,3,F,1,3,1,2,0,1,0,3523107,Itaquaquecetuba,35,SP,C,C,C,B,4,B,F,A,B,D,B,A,B,A,B,B,A,D,B,B,B,E,A
210066269545,2024,7,F,1,1,1,1,5,,0,3523107,Itaquaquecetuba,35,SP,D,E,B,D,4,B,D,A,B,C,B,B,B,A,A,B,B,B,A,B,B,E,A
210066270570,2024,11,M,1,3,1,1,8,,0,3523107,Itaquaquecetuba,35,SP,B,B,A,A,1,B,C,A,B,B,A,A,A,A,A,A,A,A,A,B,A,B,A
210066272859,2024,3,M,1,1,1,2,0,1,0,3523107,Itaquaquecetuba,35,SP,D,G,C,D,3,A,A,A,C,C,A,A,B,A,B,B,A,B,A,B,B,D,A
210066277023,2024,3,M,1,1,1,2,0,1,0,3523107,Itaquaquecetuba,35,SP,C,C,B,F,5,A,D,A,C,D,B,A,B,A,B,B,A,B,A,B,B,E,A
210066278380,2024,4,F,1,2,1,4,0,,0,3523107,Itaquaquecetuba,35,SP,C,E,C,F,3,A,C,A,B,C,B,A,B,A,A,A,A,B,A,B,B,D,F
210066278428,2024,4,M,1,3,1,2,0,1,0,3523107,Itaquaquecetuba,35,SP,E,F,C,D,3,A,E,A,B,C,B,B,B,A,B,B,A,B,B,B,B,D,A
210066279569,2024,3,F,1,3,3,2,0,1,0,3523107,Itaquaquecetuba,35,SP,F,E,C,C,5,A,D,A,B,D,B,A,B,A,B,B,B,D,B,B,B,E,A
210066279597,2024,13,F,2,1,1,1,16,,0,3523107,Itaquaquecetuba,35,SP,B,B,A,A,4,A,C,A,B,C,B,A,B,A,B,B,A,B,A,B,A,B,A
210066280296,2024,3,F,1,2,1,2,0,1,0,3523107,Itaquaquecetuba,35,SP,D,E,C,F,4,A,A,A,B,B,A,A,B,A,B,A,A,B,A,B,A,B,A
210066280853,2024,2,F,1,1,1,2,0,1,0,3523107,Itaquaquecetuba,35,SP,D,G,F,E,4,A,D,B,B,C,B,A,B,A,B,B,A,B,A,B,B,D,C
210066281069,2024,3,M,1,3,1,2,0,1,0,3523107,Itaquaquecetuba,35,SP,D,D,F,C,3,A,B,A,B,B,B,A,B,A,A,B,A,B,A,B,A,B,A
210066281167,2024,2,M,1,1,1,2,0,1,0,3523107,Itaquaquecetuba,35,SP,D,E,C,B,3,A,B,A,B,C,A,A,B,A,B,A,B,B,A,B,B,B,A
210066282896,2024,3,F,1,3,1,2,0,1,0,3523107,Itaquaquecetuba,35,SP,E,E,F,D,5,A,C,A,B,D,B,A,B,A,B,B,B,B,A,B,B,E,A
210066284053,2024,3,F,1,3,1,1,1,,0,3523107,Itaquaquecetuba,35,SP,B,E,C,B,2,A,C,A,B,C,A,A,B,A,B,B,A,B,A,B,A,B,A
210066285434,2024,2,F,1,3,1,3,0,,1,3523107,Itaquaquecetuba,35,SP,D,C,C,C,5,A,C,A,B,C,A,A,B,A,B,A,A,B,A,B,B,E,A
210066285637,2024,3,F,1,1,1,2,0,1,0,3523107,Itaquaquecetuba,35,SP,G,H,D,B,2,A,I,A,D,C,B,A,C,A,B,B,B,D,B,B,C,C,D
210066286529,2024,2,F,1,1,1,2,0,1,0,3523107,Itaquaquecetuba,35,SP,C,E,D,C,2,A,B,A,B,B,A,A,B,A,B,B,A,B,A,B,A,C,A
210066289421,2024,3,F,1,1,1,2,0,1,0,3523107,Itaquaquecetuba,35,SP,E,E,D,B,4,A,H,A,B,C,B,A,B,A,B,B,B,C,B,B,D,E,A
210066289847,2024,1,F,1,3,1,3,0,,1,3523107,Itaquaquecetuba,35,SP,B,C,F,B,4,A,C,A,B,D,A,A,B,A,B,B,B,B,A,B,B,E,A
210066290756,2024,2,F,1,1,1,2,0,1,0,3523107,Itaquaquecetuba,35,SP,E,G,E,E,3,A,I,A,C,D,A,A,B,B,B,B,B,B,B,B,B,C,A
210066294761,2024,3,M,1,1,1,2,0,1,0,3523107,Itaquaquecetuba,35,SP,H,D,B,B,4,A,B,A,C,D,B,A,B,A,B,B,A,B,A,B,A,E,A
210066295132,2024,2,M,1,3,1,2,0,1,0,3523107,Itaquaquecetuba,35,SP,F,E,F,F,5,B,B,A,B,B,B,A,B,A,B,B,A,B,A,B,B,C,A
210066297841,2024,3,F,1,1,1,2,0,1,0,3523107,Itaquaquecetuba,35,SP,E,E,F,B,2,A,B,A,B,C,A,A,B,A,B,A,A,B,A,B,B,C,A
210066298471,2024,3,M,0,2,1,2,0,1,0,3523107,Itaquaquecetuba,35,SP,E,E,C,D,3,A,C,A,B,C,B,A,B,A,B,B,B,C,A,B,A,D,A
210066298575,2024,2,F,1,2,1,2,0,1,0,3523107,Itaquaquecetuba,35,SP,E,C,B,B,2,A,B,A,B,B,A,A,B,A,B,B,A,B,B,B,A,C,A
210066298757,2024,2,F,1,1,1,2,0,1,0,3523107,Itaquaquecetuba,35,SP,B,B,C,B,4,A,B,A,B,C,A,A,B,A,A,A,A,A,A,A,A,B,A
210066298817,2024,3,M,1,1,1,2,0,,0,3523107,Itaquaquecetuba,35,SP,E,E,C,B,4,A,B,A,B,C,A,A,B,A,B,B,A,B,A,B,B,D,A
210066299911,2024,12,F,2,3,1,1,18,,0,3523107,Itaquaquecetuba,35,SP,H,C,F,B,2,B,D,A,B,B,B,A,B,A,B,B,B,B,A,B,A,B,A
210066300020,2024,2,F,1,3,1,2,0,1,0,3523107,Itaquaquecetuba,35,SP,B,G,F,B,4,A,B,A,B,B,B,A,B,A,B,B,A,B,A,B,A,B,A
210066300086,2024,2,M,1,3,1,2,0,1,0,3523107,Itaquaquecetuba,35,SP,H,F,F,D,3,A,B,A,B,C,B,A,B,A,B,B,A,B,A,B,A,C,A
210066300602,2024,2,F,1,3,1,2,0,1,0,3523107,Itaquaquecetuba,35,SP,E,E,C,B,4,A,F,A,B,C,A,A,B,B,B,B,A,B,B,B,C,E,A
210066300703,2024,3,F,1,3,1,2,0,1,0,3523107,Itaquaquecetuba,35,SP,C,C,B,B,5,B,B,A,B,C,A,A,B,A,B,B,A,B,A,B,A,E,A
210066301646,2024,2,F,1,1,1,2,0,1,0,3523107,Itaquaquecetuba,35,SP,C,E,D,F,4,A,F,A,C,D,B,A,B,A,B,B,A,B,B,B,B,E,A
210066301857,2024,4,F,1,3,1,1,1,,0,3523107,Itaquaquecetuba,35,SP,H,D,F,F,5,A,B,A,B,B,A,A,B,A,A,A,A,B,A,B,A,C,A
210066303039,2024,3,M,1,1,1,2,0,1,0,3523107,Itaquaquecetuba,35,SP,H,E,F,B,2,A,B,A,B,C,A,A,B,A,B,A,A,C,A,B,A,C,A
210066303769,2024,2,F,1,1,1,2,0,1,0,3523107,Itaquaquecetuba,35,SP,E,E,B,F,7,A,C,A,C,D,A,A,B,A,A,B,A,C,A,B,B,D,C
210066304321,2024,2,F,1,2,1,2,0,1,0,3523107,Itaquaquecetuba,35,SP,B,E,B,B,5,A,B,A,B,B,A,A,B,A,B,B,A,B,A,B,A,C,A
210066304874,2024,2,F,1,1,1,2,0,1,0,3523107,Itaquaquecetuba,35,SP,B,D,C,B,4,A,C,A,B,B,A,A,B,A,A,B,A,B,A,B,A,D,A
210066305306,2024,1,M,1,1,1,3,0,,1,3523107,Itaquaquecetuba,35,SP,E,E,C,F,3,A,G,A,C,C,B,A,C,A,B,B,B,D,A,B,B,D,A
210066305327,2024,5,F,1,1,1,1,2,,0,3523107,Itaquaquecetuba,35,SP,B,B,B,A,5,A,B,A,B,A,A,A,B,A,A,A,A,B,A,B,A,B,A
210066305462,2024,5,M,1,3,3,1,2,,0,3523107,Itaquaquecetuba,35,SP,C,B,C,C,5,B,G,A,C,C,B,A,B,A,B,A,A,C,A,B,B,E,A
210066306116,2024,2,F,1,3,1,2,0,1,0,3523107,Itaquaquecetuba,35,SP,B,F,D,D,4,A,C,A,B,B,B,B,B,A,B,B,B,B,A,B,B,D,A
210066306709,2024,4,F,1,2,1,1,1,,0,3523107,Itaquaquecetuba,35,SP,H,B,F,C,4,A,B,A,B,C,A,A,B,A,A,A,A,B,A,B,B,B,A
210066306753,2024,6,F,1,3,1,1,4,,0,3523107,Itaquaquecetuba,35,SP,E,E,B,C,2,B,C,A,B,C,A,A,B,A,B,B,A,B,A,B,B,C,A
210066307768,2024,3,M,1,2,1,2,0,1,0,3523107,Itaquaquecetuba,35,SP,E,G,C,D,4,B,J,A,C,D,C,A,B,A,B,B,B,C,B,B,C,E,A
210066307844,2024,3,F,1,1,1,2,0,1,0,3523107,Itaquaquecetuba,35,SP,E,E,B,B,5,A,B,A,B,C,A,A,B,A,A,B,A,B,A,B,B,B,A
210066310091,2024,5,F,1,2,1,1,2,,0,3523107,Itaquaquecetuba,35,SP,C,E,C,D,4,A,C,A,B,B,B,A,B,A,A,A,A,B,A,B,A,C,A
210066311951,2024,6,M,1,2,1,1,2,,0,3523107,Itaquaquecetuba,35,SP,H,C,F,B,6,A,B,A,B,B,A,A,B,A,A,A,A,B,A,A,A,B,A
210066312199,2024,4,F,1,1,1,1,2,,0,3523107,Itaquaquecetuba,35,SP,E,G,B,B,3,A,F,A,B,C,B,A,B,A,A,A,A,B,A,B,B,D,A
210066312973,2024,3,M,1,2,1,2,0,1,0,3523107,Itaquaquecetuba,35,SP,H,D,C,F,8,B,E,A,B,C,A,A,B,A,A,A,A,B,A,B,A,E,A
210066314567,2024,3,F,1,1,1,2,0,1,0,3523107,Itaquaquecetuba,35,SP,E,B,A,B,4,A,C,A,B,B,A,A,B,A,B,B,A,B,A,B,A,E,A
210066314577,2024,4,M,1,2,1,1,2,,0,3523107,Itaquaquecetuba,35,SP,E,E,C,D,3,B,B,A,B,C,A,A,B,A,B,A,A,B,A,B,B,B,A
210066317023,2024,2,F,1,1,1,2,0,1,0,3523107,Itaquaquecetuba,35,SP,H,C,C,B,3,A,C,A,B,C,B,A,B,A,B,A,A,B,A,B,A,D,A
210066318233,2024,2,F,1,3,1,3,0,,1,3523107,Itaquaquecetuba,35,SP,F,G,C,D,4,A,H,A,C,D,C,A,B,A,B,B,A,D,B,B,C,D,E
210066321154,2024,2,F,1,1,1,2,0,1,0,3523107,Itaquaquecetuba,35,SP,D,E,C,C,4,A,E,A,C,D,B,A,B,A,B,A,A,B,B,B,B,E,A
210066321629,2024,5,F,1,3,1,1,2,,0,3523107,Itaquaquecetuba,35,SP,B,E,B,B,2,A,B,A,B,C,A,A,B,A,B,A,A,B,A,B,A,C,A
210066322290,2024,2,F,1,1,1,3,0,,1,3523107,Itaquaquecetuba,35,SP,F,G,D,D,4,A,J,A,C,D,C,A,B,A,B,B,B,D,B,B,E,E,A
210066323199,2024,3,F,1,2,1,1,1,,0,3523107,Itaquaquecetuba,35,SP,E,E,C,D,5,A,C,A,B,D,A,B,B,A,A,A,A,B,B,B,A,E,A
210066326295,2024,3,F,1,1,1,2,0,1,0,3523107,Itaquaquecetuba,35,SP,C,C,C,C,4,A,C,A,B,D,B,A,B,A,B,B,B,B,A,B,A,D,A
210066328625,2024,2,M,0,3,1,2,0,1,0,3523107,Itaquaquecetuba,35,SP,E,F,C,D,3,A,C,A,B,B,A,A,B,B,A,B,A,B,A,B,A,D,A
210066329114,2024,8,F,1,3,1,1,6,,0,3523107,Itaquaquecetuba,35,SP,E,D,C,B,2,A,D,A,B,C,A,A,B,A,B,B,B,B,A,B,B,C,A
210066333588,2024,9,M,1,2,1,1,5,,0,3523107,Itaquaquecetuba,35,SP,C,E,C,B,5,B,D,A,B,B,A,A,B,A,A,A,A,C,B,B,B,D,A
210066334428,2024,2,F,1,3,1,3,0,,1,3523107,Itaquaquecetuba,35,SP,C,E,F,F,4,A,G,A,C,C,B,A,B,A,B,B,B,C,A,B,B,D,A
210066334821,2024,3,F,1,1,1,2,0,1,0,3523107,Itaquaquecetuba,35,SP,B,B,C,B,5,A,B,A,B,B,B,A,B,A,B,B,A,B,A,B,A,E,A
210066335738,2024,11,F,1,3,1,1,0,,0,3523107,Itaquaquecetuba,35,SP,C,B,A,B,3,A,A,A,C,C,B,A,B,A,A,A,A,B,A,A,A,C,A
210066337747,2024,11,F,2,3,1,1,10,,0,3523107,Itaquaquecetuba,35,SP,H,E,F,B,4,A,B,A,B,B,A,A,B,A,A,A,A,B,A,B,A,B,A
210066337913,2024,3,M,1,1,1,2,0,1,0,3523107,Itaquaquecetuba,35,SP,E,F,C,D,4,A,F,A,C,D,B,A,B,A,B,B,A,C,B,B,B,D,B
210066338698,2024,6,F,1,1,1,1,4,,0,3523107,Itaquaquecetuba,35,SP,H,B,F,B,3,A,A,A,B,B,A,A,B,B,B,B,A,B,A,B,A,B,A
210066341070,2024,3,M,1,3,1,2,0,1,0,3523107,Itaquaquecetuba,35,SP,E,D,B,B,4,A,C,A,B,C,B,A,B,A,B,B,B,B,A,B,B,E,A
210066341179,2024,13,F,1,3,1,1,0,,0,3523107,Itaquaquecetuba,35,SP,D,B,B,B,3,A,B,A,B,C,A,A,B,A,B,B,A,B,A,B,A,B,A
210066341684,2024,2,F,1,1,1,2,0,1,0,3523107,Itaquaquecetuba,35,SP,C,B,C,B,5,A,F,A,B,C,B,A,B,A,A,A,A,B,A,B,B,D,A
210066341781,2024,3,M,1,3,1,2,0,1,0,3523107,Itaquaquecetuba,35,SP,D,C,F,B,2,A,A,A,B,C,A,A,B,A,A,B,A,A,A,B,A,C,A
210066342632,2024,2,F,1,3,1,2,0,1,0,3523107,Itaquaquecetuba,35,SP,E,D,B,F,6,A,C,A,B,C,A,A,B,A,B,A,A,C,A,B,B,E,A
210066343251,2024,5,F,1,1,1,1,2,,0,3523107,Itaquaquecetuba,35,SP,E,E,C,B,4,A,B,A,D,C,B,A,B,A,B,B,B,B,A,B,B,D,A
210066345350,2024,2,F,1,2,1,2,0,1,0,3523107,Itaquaquecetuba,35,SP,F,F,D,D,3,A,D,A,B,D,B,A,B,A,B,B,B,D,B,B,C,D,A
210066348023,2024,2,F,1,3,2,2,0,1,0,3523107,Itaquaquecetuba,35,SP,F,E,C,B,3,A,B,A,B,C,A,A,B,A,B,B,A,C,A,B,B,D,A
210066349078,2024,3,F,1,1,1,2,0,1,0,3523107,Itaquaquecetuba,35,SP,D,F,C,D,3,A,B,A,B,B,A,A,B,A,A,A,A,B,A,A,A,B,A
210066349498,2024,4,F,1,3,1,1,1,,0,3523107,Itaquaquecetuba,35,SP,B,E,B,B,2,A,B,A,B,C,A,A,B,B,B,A,A,B,A,B,A,C,A
210066349513,2024,3,F,1,1,1,2,0,1,0,3523107,Itaquaquecetuba,35,SP,H,H,D,D,6,A,D,A,B,C,A,A,B,A,B,B,A,B,A,B,A,C,A
210066349952,2024,3,F,1,1,1,2,0,1,0,3523107,Itaquaquecetuba,35,SP,E,E,F,B,2,A,D,A,B,C,A,A,B,A,B,B,B,B,A,B,B,C,B
210066351291,2024,12,M,1,2,1,1,11,,0,3523107,Itaquaquecetuba,35,SP,B,B,A,A,1,A,A,A,B,B,A,A,B,A,A,A,A,A,A,A,A,B,A
210066351995,2024,2,F,1,2,1,2,0,1,0,3523107,Itaquaquecetuba,35,SP,E,E,D,D,5,A,D,A,B,C,B,A,B,A,B,A,A,C,A,B,A,D,A
210066353238,2024,2,F,1,3,1,2,0,1,0,3523107,Itaquaquecetuba,35,SP,E,E,F,D,4,A,A,A,B,B,A,A,B,A,B,B,A,A,A,B,A,C,A
210066353278,2024,2,F,1,1,1,2,0,1,0,3523107,Itaquaquecetuba,35,SP,B,B,F,F,5,A,F,A,B,C,B,A,B,A,B,B,A,B,A,B,B,A,A
210066353700,2024,1,F,1,1,4,3,0,,1,3523107,Itaquaquecetuba,35,SP,E,G,D,D,3,A,H,A,C,C,C,A,B,A,B,B,A,D,B,B,C,D,E
210066353706,2024,1,M,1,3,1,3,0,,1,3523107,Itaquaquecetuba,35,SP,B,C,C,B,5,A,B,A,C,D,B,A,B,A,B,B,B,D,A,B,B,E,A
210066354848,2024,2,M,1,1,1,2,0,1,0,3523107,Itaquaquecetuba,35,SP,E,E,D,C,4,A,H,A,C,D,B,A,B,A,B,B,B,C,A,B,C,E,A
210066355018,2024,3,F,1,3,1,2,0,1,0,3523107,Itaquaquecetuba,35,SP,B,E,B,B,6,A,B,A,B,B,A,A,B,A,A,A,A,B,A,A,A,B,A
210066355227,2024,3,M,1,3,1,2,0,1,0,3523107,Itaquaquecetuba,35,SP,H,D,F,B,4,A,A,A,B,B,A,A,B,A,A,A,A,B,A,B,A,B,A
210066359223,2024,10,F,0,1,1,1,6,,0,3523107,Itaquaquecetuba,35,SP,B,B,A,F,4,A,B,A,B,C,A,A,B,A,A,B,A,B,A,B,A,B,A
210066359432,2024,2,M,1,2,1,2,0,1,0,3523107,Itaquaquecetuba,35,SP,H,G,D,D,4,A,F,A,B,C,B,A,B,A,B,B,B,C,A,B,C,D,A
210066360266,2024,11,F,2,3,1,1,13,,0,3523107,Itaquaquecetuba,35,SP,A,A,F,A,2,B,C,A,B,B,A,A,B,A,A,B,A,B,A,B,A,B,A
210066360769,2024,5,F,1,3,1,3,0,,1,3523107,Itaquaquecetuba,35,SP,B,B,C,B,5,B,B,A,B,C,A,A,B,A,B,A,A,C,A,B,A,D,A
210066361206,2024,6,M,1,1,1,1,3,,0,3523107,Itaquaquecetuba,35,SP,E,E,B,B,4,A,A,A,B,C,A,A,B,A,B,B,A,B,B,B,B,D,A
210066363364,2024,3,M,1,1,1,2,0,1,0,3523107,Itaquaquecetuba,35,SP,E,E,B,B,2,A,B,A,B,B,A,A,B,A,A,A,A,B,A,B,A,B,A
210066364178,2024,1,M,1,1,1,3,0,,1,3523107,Itaquaquecetuba,35,SP,E,E,B,B,4,A,B,A,B,C,B,A,B,A,B,B,A,B,A,B,A,C,A
210066365268,2024,6,F,1,3,1,1,3,,0,3523107,Itaquaquecetuba,35,SP,H,E,F,B,5,A,D,A,B,C,B,A,B,A,B,B,A,C,B,B,A,D,A
210066366497,2024,2,F,1,3,1,3,0,,1,3523107,Itaquaquecetuba,35,SP,E,E,C,C,6,B,C,A,C,C,C,A,B,A,B,A,A,C,A,B,A,D,A
210066369246,2024,11,F,2,2,1,1,9,,0,3523107,Itaquaquecetuba,35,SP,H,B,F,B,2,A,D,A,B,C,B,A,B,A,B,B,B,B,A,B,C,C,A
210066369647,2024,2,M,1,3,1,3,0,,1,3523107,Itaquaquecetuba,35,SP,E,E,D,D,4,A,G,A,C,D,C,B,B,A,B,B,A,D,A,B,E,E,D
210066371902,2024,3,F,1,1,1,1,1,,0,3523107,Itaquaquecetuba,35,SP,G,G,E,D,3,A,K,D,D,D,B,A,B,A,B,B,B,B,A,B,B,D,D
210066372774,2024,4,F,1,3,1,1,2,,0,3523107,Itaquaquecetuba,35,SP,B,D,B,C,3,A,C,A,B,C,A,A,B,A,B,B,A,B,A,B,A,C,A
210066373037,2024,17,F,2,3,1,1,0,,0,3523107,Itaquaquecetuba,35,SP,E,E,B,B,4,A,B,A,B,B,A,A,B,A,B,B,A,B,A,B,B,C,A
210066373763,2024,2,F,1,1,1,2,0,1,0,3523107,Itaquaquecetuba,35,SP,E,E,D,D,4,A,B,A,B,C,A,A,B,A,A,A,A,B,A,A,A,C,A
210066374209,2024,3,F,1,2,2,2,0,1,0,3523107,Itaquaquecetuba,35,SP,H,D,C,A,5,A,C,A,B,B,B,A,B,A,B,B,A,B,B,B,A,D,A
210066374268,2024,6,F,1,0,3,1,3,,0,3523107,Itaquaquecetuba,35,SP,H,B,F,C,4,A,B,A,B,B,A,A,A,B,B,A,A,A,A,B,B,E,A
210066375669,2024,6,M,1,3,1,1,3,,0,3523107,Itaquaquecetuba,35,SP,A,C,A,A,5,A,C,A,B,D,B,A,B,A,B,B,A,C,A,B,B,E,A
210066378613,2024,2,M,1,3,1,3,0,,1,3523107,Itaquaquecetuba,35,SP,B,E,B,B,3,A,B,A,B,B,A,A,B,A,A,A,A,B,A,B,A,C,A
210066379175,2024,11,M,1,1,1,1,0,,0,3523107,Itaquaquecetuba,35,SP,H,F,F,D,2,A,D,A,C,C,C,A,B,A,B,B,B,C,A,B,B,C,A
210066380311,2024,11,F,1,3,1,1,9,,0,3523107,Itaquaquecetuba,35,SP,C,C,B,B,2,B,C,A,B,B,A,A,B,A,B,B,B,A,A,B,C,B,A
210066380413,2024,9,M,1,3,1,1,7,,0,3523107,Itaquaquecetuba,35,SP,D,E,C,B,3,B,D,A,B,B,B,C,B,A,B,B,A,B,B,B,B,C,A
210066383669,2024,11,M,1,2,1,1,9,,0,3523107,Itaquaquecetuba,35,SP,E,F,F,F,4,B,G,A,C,C,B,A,B,A,B,B,A,B,A,B,B,D,A
210066383854,2024,5,F,1,3,1,1,3,,0,3523107,Itaquaquecetuba,35,SP,F,E,C,C,4,B,C,A,B,B,B,A,B,A,B,A,A,B,B,B,B,E,A
210066385267,2024,3,M,1,1,1,2,0,1,0,3523107,Itaquaquecetuba,35,SP,H,E,C,C,3,B,D,A,C,D,A,A,B,A,B,B,B,B,A,B,A,D,A
210066385810,2024,11,F,1,3,1,1,9,,0,3523107,Itaquaquecetuba,35,SP,D,D,B,B,3,A,B,A,C,C,A,A,B,A,B,A,A,B,A,B,A,B,A
210066386387,2024,2,M,1,3,1,2,0,1,0,3523107,Itaquaquecetuba,35,SP,D,E,B,C,3,B,C,A,B,C,A,A,B,A,B,B,B,B,A,B,B,C,A
210066386794,2024,6,F,1,3,1,1,4,,0,3523107,Itaquaquecetuba,35,SP,H,F,F,D,6,B,G,A,B,C,A,A,B,A,B,B,A,C,A,B,B,E,A
210066387627,2024,11,M,1,3,1,1,10,,0,3523107,Itaquaquecetuba,35,SP,B,E,C,B,3,B,G,A,C,D,B,A,B,A,B,B,B,C,A,B,D,D,A
210066388923,2024,8,F,1,3,1,1,6,,0,3523107,Itaquaquecetuba,35,SP,C,E,C,C,3,A,D,A,B,C,B,A,B,A,B,B,B,B,A,B,C,D,A
210066390010,2024,7,F,1,1,1,1,5,,0,3523107,Itaquaquecetuba,35,SP,D,D,F,B,3,B,C,A,B,C,A,A,B,A,B,B,A,B,A,B,A,D,A
210066391563,2024,1,F,1,2,1,3,0,,1,3523107,Itaquaquecetuba,35,SP,E,E,C,D,3,A,C,A,C,C,B,B,B,A,B,B,B,C,A,B,B,D,A
210066391659,2024,4,M,1,3,1,1,2,,0,3523107,Itaquaquecetuba,35,SP,E,E,C,D,5,A,B,A,B,B,B,A,B,A,B,B,A,C,B,B,B,C,A
210066393421,2024,4,M,1,3,1,1,1,,0,3523107,Itaquaquecetuba,35,SP,D,D,C,B,2,A,B,A,B,B,A,A,B,A,A,A,A,A,A,A,A,B,A
210066393544,2024,5,F,1,3,1,1,3,,0,3523107,Itaquaquecetuba,35,SP,G,F,D,D,4,A,F,A,C,C,B,B,B,A,B,B,A,B,A,B,B,E,D
210066394220,2024,3,F,0,1,1,2,0,1,0,3523107,Itaquaquecetuba,35,SP,E,E,C,C,3,A,B,A,B,C,A,A,B,A,B,B,A,A,A,B,A,D,A
210066394539,2024,7,F,1,3,1,1,5,,0,3523107,Itaquaquecetuba,35,SP,D,E,B,B,3,A,B,A,B,C,A,A,B,A,B,B,A,C,A,B,A,D,A
210066395162,2024,3,F,1,3,1,2,0,1,0,3523107,Itaquaquecetuba,35,SP,H,H,D,C,4,A,C,A,B,C,A,A,B,A,B,B,B,D,A,B,B,E,A
210066396177,2024,4,F,1,2,1,1,2,,0,3523107,Itaquaquecetuba,35,SP,E,D,C,C,6,A,D,A,B,D,A,A,B,A,A,A,A,C,A,B,A,D,A
210066396640,2024,3,M,1,3,1,2,0,1,0,3523107,Itaquaquecetuba,35,SP,E,E,E,E,3,A,D,A,B,C,B,B,B,A,B,B,B,B,A,B,B,D,A
210066397397,2024,8,F,1,2,2,1,6,,0,3523107,Itaquaquecetuba,35,SP,D,E,F,B,3,A,D,A,B,C,A,A,B,A,B,B,A,B,A,B,B,D,A
210066398271,2024,11,M,1,3,1,1,10,,0,3523107,Itaquaquecetuba,35,SP,B,F,C,D,3,A,F,A,B,C,B,A,B,A,B,B,A,B,A,B,B,D,A
210066398623,2024,4,M,1,3,1,2,0,1,0,3523107,Itaquaquecetuba,35,SP,H,H,F,F,2,A,B,A,B,C,A,A,B,A,A,B,A,B,A,B,A,B,A
210066399811,2024,3,M,1,1,1,2,0,1,0,3523107,Itaquaquecetuba,35,SP,E,E,F,F,4,A,F,A,B,D,B,A,B,A,B,B,A,B,A,B,A,E,A
210066400663,2024,1,F,0,3,1,3,0,,1,3523107,Itaquaquecetuba,35,SP,E,G,C,D,3,A,H,A,C,C,D,B,B,A,A,B,B,C,A,B,B,C,D
210066400907,2024,2,M,1,3,1,3,0,,1,3523107,Itaquaquecetuba,35,SP,E,E,D,B,5,A,K,A,C,D,C,A,B,A,B,B,B,D,B,B,B,E,A
210066402454,2024,3,F,1,3,1,2,0,1,0,3523107,Itaquaquecetuba,35,SP,H,H,C,F,5,B,B,A,B,C,B,A,B,A,B,A,A,B,A,B,A,D,A
210066402729,2024,3,M,1,2,1,2,0,1,0,3523107,Itaquaquecetuba,35,SP,E,E,C,D,6,A,E,A,C,C,B,A,B,A,B,B,A,B,A,B,B,E,A
210066405876,2024,14,F,2,2,1,1,18,,0,3523107,Itaquaquecetuba,35,SP,H,B,F,F,4,B,B,A,B,B,A,A,B,A,A,B,A,B,A,B,A,D,A
210066407288,2024,2,F,1,1,1,2,0,1,0,3523107,Itaquaquecetuba,35,SP,B,E,C,B,5,A,C,A,B,D,A,A,B,A,B,B,A,B,A,B,B,E,A
210066408650,2024,2,F,1,1,1,3,0,,1,3523107,Itaquaquecetuba,35,SP,B,E,F,B,4,A,A,A,B,B,A,A,B,A,A,A,A,B,A,A,A,B,A
210066409554,2024,5,F,1,1,1,1,1,,0,3523107,Itaquaquecetuba,35,SP,E,E,C,C,2,B,B,A,B,C,A,A,B,A,B,B,A,B,A,B,A,B,A
210066410794,2024,2,M,1,1,1,2,0,1,0,3523107,Itaquaquecetuba,35,SP,E,E,C,B,5,A,B,A,B,D,A,A,B,A,B,B,B,D,A,B,B,D,A
210066411731,2024,3,M,1,2,1,2,0,1,0,3523107,Itaquaquecetuba,35,SP,B,E,C,F,2,B,C,A,B,B,A,A,B,A,B,B,A,B,A,B,A,B,A
210066412716,2024,5,F,1,2,1,1,3,,0,3523107,Itaquaquecetuba,35,SP,B,C,C,A,7,B,D,A,B,C,A,A,B,A,A,B,A,B,A,B,A,D,A
210066413700,2024,3,F,1,3,1,2,0,1,0,3523107,Itaquaquecetuba,35,SP,E,E,C,C,3,A,E,A,B,C,B,A,B,A,A,B,A,B,A,B,A,D,A
210066414735,2024,2,M,1,3,1,2,0,1,0,3523107,Itaquaquecetuba,35,SP,D,E,A,B,5,A,B,A,B,B,B,B,B,B,B,A,B,B,A,B,B,D,A
210066415518,2024,2,F,1,2,1,2,0,1,0,3523107,Itaquaquecetuba,35,SP,B,E,C,B,3,A,B,A,B,B,A,A,B,A,A,A,A,B,A,A,B,B,A
210066416000,2024,7,M,1,2,1,1,4,,0,3523107,Itaquaquecetuba,35,SP,D,E,F,B,4,B,C,A,B,C,B,A,B,A,B,B,A,B,A,B,B,B,A
210066416209,2024,2,F,1,1,1,2,0,1,0,3523107,Itaquaquecetuba,35,SP,C,E,C,B,6,A,B,A,B,C,A,A,B,A,A,A,A,A,A,A,A,C,A
210066416524,2024,9,F,1,1,1,1,7,,0,3523107,Itaquaquecetuba,35,SP,E,E,C,B,4,B,D,A,B,B,B,A,B,A,B,B,A,C,A,B,B,E,A
210066416997,2024,3,F,1,1,1,1,1,,0,3523107,Itaquaquecetuba,35,SP,E,D,C,B,4,A,C,A,C,C,B,A,B,A,B,B,A,C,A,B,C,D,A
210066418505,2024,2,F,1,2,1,2,0,1,0,3523107,Itaquaquecetuba,35,SP,E,E,B,F,4,A,D,A,B,B,B,A,B,A,B,B,A,B,A,B,A,D,A
210066418621,2024,1,F,1,1,1,3,0,,1,3523107,Itaquaquecetuba,35,SP,E,F,C,C,5,A,E,A,D,D,C,A,C,A,B,B,A,C,B,B,B,E,E
210066418940,2024,5,M,1,2,1,1,2,,0,3523107,Itaquaquecetuba,35,SP,D,E,C,B,5,A,E,A,B,C,B,A,C,A,B,B,B,B,A,B,C,E,A
210066419476,2024,3,F,1,0,1,2,0,1,0,3523107,Itaquaquecetuba,35,SP,D,B,B,B,3,B,B,A,B,B,A,A,B,A,B,A,A,B,A,B,A,C,A
210066419507,2024,2,M,1,0,1,2,0,1,0,3523107,Itaquaquecetuba,35,SP,F,E,F,D,3,A,E,A,C,C,B,A,C,A,B,B,B,D,B,B,B,D,D
210066419825,2024,3,F,1,2,1,2,0,1,0,3523107,Itaquaquecetuba,35,SP,E,E,B,B,3,B,F,A,B,B,B,A,B,A,B,B,B,B,A,B,A,D,A
210066420780,2024,11,M,1,2,1,1,10,,0,3523107,Itaquaquecetuba,35,SP,D,D,C,B,4,A,C,A,B,C,A,A,B,A,A,B,A,B,A,B,B,D,A
210066421382,2024,3,M,3,3,1,2,0,1,0,3523107,Itaquaquecetuba,35,SP,B,G,A,D,4,A,G,B,C,D,B,B,B,B,B,B,B,D,A,B,C,D,A
210066423923,2024,12,F,2,3,1,1,13,,0,3523107,Itaquaquecetuba,35,SP,A,A,B,B,5,A,C,A,B,C,B,A,B,A,B,A,A,B,A,B,A,D,A
210066424229,2024,2,F,1,1,1,3,0,,1,3523107,Itaquaquecetuba,35,SP,F,E,D,F,2,A,D,A,B,C,B,A,B,A,B,B,B,C,A,B,C,C,A
210066425315,2024,3,F,1,1,1,1,1,,0,3523107,Itaquaquecetuba,35,SP,B,C,B,B,3,A,B,A,B,B,B,A,B,A,B,B,A,B,A,B,A,C,A
210066425932,2024,7,F,1,3,1,1,5,,0,3523107,Itaquaquecetuba,35,SP,E,E,F,B,2,B,F,A,B,C,A,A,B,A,B,A,A,B,A,B,B,C,A
210066426282,2024,1,F,1,3,1,3,0,,1,3523107,Itaquaquecetuba,35,SP,F,G,C,D,4,A,F,A,C,D,C,A,B,B,B,B,B,C,B,B,B,D,A
210066426605,2024,4,F,1,1,1,1,2,,0,3523107,Itaquaquecetuba,35,SP,E,F,C,D,4,A,G,A,B,C,B,A,B,A,A,B,A,B,A,B,D,E,A
210066428522,2024,2,F,1,1,1,2,0,1,0,3523107,Itaquaquecetuba,35,SP,B,F,D,D,4,A,G,B,C,D,C,A,C,A,B,B,B,D,B,B,C,E,D
210066429185,2024,2,F,1,1,1,2,0,1,0,3523107,Itaquaquecetuba,35,SP,E,E,F,A,6,A,B,A,B,D,B,A,B,A,B,B,B,B,A,B,A,B,A
210066429610,2024,3,F,1,3,1,2,0,1,0,3523107,Itaquaquecetuba,35,SP,D,F,C,D,5,A,C,A,B,B,B,A,B,A,B,B,A,B,A,B,A,C,A
210066430224,2024,2,F,1,3,1,2,0,1,0,3523107,Itaquaquecetuba,35,SP,D,E,D,F,5,A,D,A,B,C,B,A,B,A,B,B,A,B,A,B,A,C,A
210066430275,2024,10,F,1,3,2,1,8,,0,3523107,Itaquaquecetuba,35,SP,D,D,B,B,1,B,F,A,B,C,A,A,A,A,A,A,A,B,B,B,B,B,A
210066430843,2024,1,M,1,1,1,3,0,,1,3523107,Itaquaquecetuba,35,SP,F,D,D,B,3,A,B,A,B,C,A,A,B,A,B,B,A,B,A,B,A,C,A
210066431147,2024,2,M,1,2,1,3,0,,1,3523107,Itaquaquecetuba,35,SP,H,C,F,B,5,A,B,A,B,C,B,B,B,A,B,B,A,B,A,B,B,D,A
210066431404,2024,3,M,1,3,1,2,0,1,0,3523107,Itaquaquecetuba,35,SP,B,B,A,B,5,A,B,C,B,C,A,A,B,A,B,A,A,B,B,B,B,E,C
210066432070,2024,3,M,1,1,1,2,0,1,0,3523107,Itaquaquecetuba,35,SP,H,C,F,F,7,A,C,A,B,B,B,A,B,A,A,A,A,A,A,B,A,D,A
210066432894,2024,2,M,0,0,1,2,0,1,0,3523107,Itaquaquecetuba,35,SP,H,E,C,F,2,A,B,A,B,C,B,A,B,A,A,A,A,B,A,A,A,C,A
210066432919,2024,4,M,1,3,1,2,0,1,0,3523107,Itaquaquecetuba,35,SP,C,E,B,B,4,A,B,A,B,B,A,A,B,A,A,A,A,B,A,A,A,B,A
210066433236,2024,2,F,1,3,1,3,0,,1,3523107,Itaquaquecetuba,35,SP,E,E,D,D,4,A,E,A,B,B,A,A,B,A,B,B,A,B,A,B,A,D,A
210066434006,2024,3,M,1,1,1,1,1,,0,3523107,Itaquaquecetuba,35,SP,C,F,C,D,2,A,A,A,B,C,A,A,B,B,B,B,B,B,B,B,B,B,B
210066434199,2024,3,M,1,1,1,2,0,1,0,3523107,Itaquaquecetuba,35,SP,D,E,F,B,6,A,B,A,D,D,A,A,B,A,B,A,A,D,A,B,B,D,A
210066434415,2024,3,F,0,3,1,2,0,1,0,3523107,Itaquaquecetuba,35,SP,C,E,C,B,3,A,B,A,B,B,A,A,B,A,B,B,A,B,A,B,A,B,A
210066434697,2024,3,M,1,3,1,2,0,1,0,3523107,Itaquaquecetuba,35,SP,H,E,C,D,4,A,C,A,B,C,B,A,B,B,B,B,A,D,B,B,A,E,A
210066434808,2024,3,M,1,1,1,2,0,1,0,3523107,Itaquaquecetuba,35,SP,F,E,C,F,7,B,F,A,C,C,B,C,B,A,B,A,B,B,A,B,B,D,A
210066435929,2024,4,M,1,3,1,1,1,,0,3523107,Itaquaquecetuba,35,SP,E,E,B,B,4,A,C,A,C,C,B,A,C,A,A,A,A,B,A,B,B,D,A
210066438170,2024,3,M,1,1,1,2,0,1,0,3523107,Itaquaquecetuba,35,SP,F,E,C,B,5,A,F,A,B,C,B,A,B,A,B,B,A,D,A,B,D,E,A
210066439646,2024,3,F,1,3,1,2,0,1,0,3523107,Itaquaquecetuba,35,SP,C,D,E,B,4,A,B,A,B,D,A,A,B,A,B,A,A,B,A,B,A,C,A
210066440092,2024,2,F,1,3,1,3,0,,1,3523107,Itaquaquecetuba,35,SP,E,C,C,B,5,A,D,A,B,B,A,A,B,A,B,A,A,B,A,B,B,D,A
210066440234,2024,3,F,1,1,1,1,1,,0,3523107,Itaquaquecetuba,35,SP,C,B,A,F,5,A,A,A,B,D,A,A,B,A,A,A,A,C,A,B,A,E,A
210066440600,2024,12,M,1,2,1,1,14,,0,3523107,Itaquaquecetuba,35,SP,B,B,A,A,1,B,C,A,B,B,A,A,B,A,A,A,A,B,A,B,B,B,A
210066442947,2024,2,M,1,1,1,2,0,1,0,3523107,Itaquaquecetuba,35,SP,E,G,A,A,6,A,B,A,B,C,B,A,B,A,B,B,A,B,A,B,B,D,B
210066443845,2024,3,M,1,2,1,2,0,1,0,3523107,Itaquaquecetuba,35,SP,B,C,C,B,5,B,D,A,B,D,D,B,A,B,B,B,A,C,A,B,B,E,A
210066444414,2024,2,M,1,1,1,3,0,,1,3523107,Itaquaquecetuba,35,SP,F,F,D,D,4,A,I,A,B,D,B,A,B,A,B,B,B,C,A,B,C,D,D
210066444963,2024,3,F,1,1,1,2,0,1,0,3523107,Itaquaquecetuba,35,SP,E,E,B,B,3,B,B,A,B,C,A,A,B,A,A,A,A,B,A,B,A,A,A
210066445943,2024,5,F,1,3,1,1,3,,0,3523107,Itaquaquecetuba,35,SP,F,F,D,D,4,A,E,A,C,C,B,B,B,A,B,A,A,B,A,B,B,B,A
210066446756,2024,3,M,1,1,1,2,0,1,0,3523107,Itaquaquecetuba,35,SP,B,E,C,B,4,A,B,A,B,A,B,A,B,A,A,A,A,B,A,B,B,E,A
210066455092,2024,17,F,1,2,1,1,18,,0,3523107,Itaquaquecetuba,35,SP,C,F,C,D,1,B,B,A,C,C,A,A,B,A,A,A,A,B,A,A,A,B,A
210066456648,2024,3,F,1,3,1,2,0,1,0,3523107,Itaquaquecetuba,35,SP,H,D,F,F,5,B,B,A,B,B,A,A,B,A,B,A,A,B,B,B,A,C,A
210066458138,2024,3,F,1,3,1,2,0,1,0,3523107,Itaquaquecetuba,35,SP,E,E,B,B,7,A,B,A,C,C,B,A,B,B,B,A,A,B,A,B,B,D,B
210066458158,2024,2,M,1,3,1,2,0,1,0,3523107,Itaquaquecetuba,35,SP,D,D,C,C,5,B,F,A,C,B,C,A,D,B,B,B,A,C,A,B,A,D,A
210066460428,2024,11,F,0,3,1,1,11,,0,3523107,Itaquaquecetuba,35,SP,B,D,C,B,2,B,E,A,B,B,B,A,B,A,B,B,A,B,A,B,B,C,A
210066461220,2024,12,M,1,1,1,1,0,,0,3523107,Itaquaquecetuba,35,SP,C,E,C,D,2,B,D,A,B,C,B,A,B,A,B,B,A,B,A,B,B,C,A
210066462878,2024,9,F,2,3,1,1,7,,0,3523107,Itaquaquecetuba,35,SP,A,A,A,A,2,A,B,A,B,B,A,A,B,A,A,A,A,B,A,B,B,B,A
210066463313,2024,4,F,1,2,1,2,0,1,0,3523107,Itaquaquecetuba,35,SP,C,C,A,A,4,A,A,B,B,C,A,B,B,A,B,A,A,B,A,B,A,C,A
210066463747,2024,3,F,1,2,1,1,1,,0,3523107,Itaquaquecetuba,35,SP,D,E,B,D,3,A,D,A,B,C,B,A,B,A,B,B,A,A,A,B,B,D,A
210066464100,2024,3,M,1,3,1,2,0,1,0,3523107,Itaquaquecetuba,35,SP,E,F,C,D,3,A,B,A,B,B,A,B,B,B,B,B,A,B,A,A,A,C,A
210066464347,2024,13,F,3,2,1,2,0,,0,3523107,Itaquaquecetuba,35,SP,B,B,A,A,4,A,A,A,B,B,A,A,B,A,A,A,A,B,A,A,A,C,A
210066465192,2024,3,F,1,3,1,2,0,1,0,3523107,Itaquaquecetuba,35,SP,D,E,B,B,6,A,C,A,B,D,B,C,B,A,B,B,A,C,A,B,B,E,A
210066465521,2024,3,F,1,5,1,2,0,1,0,3523107,Itaquaquecetuba,35,SP,H,H,F,F,4,A,C,A,B,D,B,A,B,A,B,A,A,B,A,B,B,E,A
210066467735,2024,3,M,1,3,1,2,0,1,0,3523107,Itaquaquecetuba,35,SP,E,G,E,D,5,A,H,A,C,D,D,B,B,B,B,B,B,C,A,B,C,D,A
210066469585,2024,4,F,1,1,1,1,2,,0,3523107,Itaquaquecetuba,35,SP,E,E,D,D,4,A,E,A,B,C,A,A,B,A,B,B,B,B,A,B,B,E,A
210066471688,2024,2,M,1,1,1,2,0,1,0,3523107,Itaquaquecetuba,35,SP,E,F,F,F,3,A,B,A,B,B,A,A,B,A,A,A,A,A,A,B,A,B,A
210066472411,2024,4,F,1,2,1,1,1,,0,3523107,Itaquaquecetuba,35,SP,E,E,C,B,3,A,A,A,B,B,A,A,B,A,B,B,A,B,A,B,A,D,A
210066472512,2024,3,M,1,1,1,1,1,,0,3523107,Itaquaquecetuba,35,SP,H,E,F,C,3,A,B,A,B,B,A,A,B,A,A,A,A,A,A,B,A,C,A
210066472910,2024,3,F,1,3,1,2,0,1,0,3523107,Itaquaquecetuba,35,SP,C,C,F,B,5,B,B,A,B,C,B,A,B,A,A,A,A,B,A,B,A,E,A
210066472934,2024,11,F,2,2,1,1,9,,0,3523107,Itaquaquecetuba,35,SP,B,E,C,B,2,B,F,A,B,B,B,A,B,A,B,B,A,B,A,B,B,B,A
210066473128,2024,3,F,1,1,1,2,0,1,0,3523107,Itaquaquecetuba,35,SP,E,E,C,C,3,A,B,A,B,B,A,A,B,A,A,A,A,B,A,B,A,C,A
210066473511,2024,3,F,1,3,1,2,0,1,0,3523107,Itaquaquecetuba,35,SP,H,F,F,B,3,A,B,A,B,C,A,A,B,A,A,B,A,C,A,B,A,D,A
210066479497,2024,5,F,1,1,1,1,3,,0,3523107,Itaquaquecetuba,35,SP,E,E,B,B,2,B,C,A,C,C,B,A,B,B,B,B,B,B,A,B,B,C,A
210066480525,2024,2,M,1,1,1,2,0,1,0,3523107,Itaquaquecetuba,35,SP,E,E,B,D,4,A,D,A,C,C,B,B,B,A,B,A,A,D,A,B,E,E,A
210066482516,2024,3,F,1,3,1,1,1,,0,3523107,Itaquaquecetuba,35,SP,E,D,F,B,3,A,C,A,B,C,A,A,B,A,B,B,A,C,B,B,A,D,A
210066483639,2024,3,F,1,3,1,2,0,1,0,3523107,Itaquaquecetuba,35,SP,D,F,B,E,2,B,D,A,C,D,B,B,B,A,B,B,B,D,B,B,B,B,A
210066484254,2024,11,F,1,1,1,1,9,,0,3523107,Itaquaquecetuba,35,SP,B,E,C,D,3,A,C,A,B,C,B,A,B,A,B,B,B,C,B,B,B,D,A
210066484257,2024,3,M,1,3,1,2,0,1,0,3523107,Itaquaquecetuba,35,SP,C,H,A,B,4,A,B,A,B,D,A,A,B,A,B,B,A,A,A,B,A,B,A
210066487407,2024,3,M,1,1,1,2,0,1,0,3523107,Itaquaquecetuba,35,SP,C,E,D,F,4,B,C,A,B,C,B,A,B,A,B,B,A,B,A,B,A,D,A
210066487484,2024,2,F,1,1,1,2,0,1,0,3523107,Itaquaquecetuba,35,SP,H,H,F,F,5,A,A,A,B,C,B,A,B,A,B,B,B,B,A,A,A,D,A
210066489732,2024,3,F,1,2,1,2,0,1,0,3523107,Itaquaquecetuba,35,SP,E,D,B,B,6,A,B,A,B,C,A,A,B,A,B,A,A,B,A,B,B,D,A
210066490051,2024,3,M,1,1,1,2,0,1,0,3523107,Itaquaquecetuba,35,SP,H,E,F,F,4,A,D,A,B,C,A,A,B,A,B,B,A,A,A,B,A,D,A
210066491536,2024,5,M,1,3,1,1,2,,0,3523107,Itaquaquecetuba,35,SP,E,E,B,B,1,B,C,A,B,B,A,A,B,A,A,A,A,B,A,B,A,B,A
210066491586,2024,2,F,1,1,1,3,0,,1,3523107,Itaquaquecetuba,35,SP,C,D,C,D,12,A,D,A,D,C,C,B,C,B,B,B,B,D,B,B,B,D,A
210066492706,2024,3,F,1,2,1,2,0,1,0,3523107,Itaquaquecetuba,35,SP,B,H,F,B,4,A,A,A,B,B,A,A,B,A,B,A,A,C,A,B,A,D,A
210066494474,2024,3,M,1,1,0,2,0,1,0,3523107,Itaquaquecetuba,35,SP,G,G,A,C,1,B,H,A,B,D,B,A,B,A,B,A,B,D,B,B,D,E,A
